id,prodi_id,university_id,akreditasi_prodi,ukt_min,ukt_max,link_prodi
1,162.0,88,,,,
2,1.0,186,,,,
3,3.0,640,,,,
4,6.0,640,,,,
5,8.0,640,,,,
6,391.0,640,,,,
7,11.0,640,,,,
8,10.0,640,,,,
9,1.0,349,,,,
10,2.0,349,,,,
11,3.0,349,,,,
12,4.0,349,,,,
13,5.0,349,,,,
14,6.0,349,,,,
15,7.0,562,,,,
16,7.0,498,,,,
17,8.0,498,,,,
18,1.0,498,,,,
19,411.0,44,,,,
20,2.0,44,,,,
21,44.0,44,,,,
22,1.0,115,,,,
23,9.0,115,,,,
24,10.0,2,,,,
25,8.0,2,,,,
26,1.0,2,,,,
27,11.0,2,,,,
28,12.0,2,,,,
29,13.0,2,,,,
30,14.0,2,,,,
31,6.0,2,,,,
32,7.0,2,,,,
33,7.0,561,,,,
34,1.0,561,,,,
35,8.0,233,,,,
36,15.0,233,,,,
37,1.0,233,,,,
38,16.0,233,,,,
39,17.0,233,,,,
40,10.0,233,,,,
41,6.0,632,,,,
42,1.0,632,,,,
43,10.0,632,,,,
44,5.0,632,,,,
45,44.0,632,,,,
46,23.0,632,,,,
47,10.0,327,,,,
48,18.0,327,,,,
49,1.0,327,,,,
50,12.0,327,,,,
51,2.0,327,,,,
52,19.0,327,,,,
53,8.0,15,,,,
54,1.0,15,,,,
55,8.0,358,,,,
56,12.0,358,,,,
57,10.0,358,,,,
58,44.0,358,,,,
59,1.0,358,,,,
60,7.0,358,,,,
61,10.0,10,,,,
62,8.0,10,,,,
63,1.0,10,,,,
64,2.0,10,,,,
65,7.0,10,,,,
66,19.0,10,,,,
67,8.0,23,,,,
68,10.0,23,,,,
69,1.0,23,,,,
70,20.0,23,,,,
71,11.0,23,,,,
72,12.0,307,,,,
73,6.0,307,,,,
74,21.0,307,,,,
75,22.0,307,,,,
76,13.0,307,,,,
77,1.0,307,,,,
78,2.0,307,,,,
79,23.0,307,,,,
80,24.0,307,,,,
81,8.0,307,,,,
82,25.0,307,,,,
83,26.0,307,,,,
84,11.0,307,,,,
85,10.0,307,,,,
86,27.0,307,,,,
87,7.0,307,,,,
88,28.0,307,,,,
89,7.0,599,,,,
90,405.0,599,,,,
91,11.0,599,,,,
92,408.0,599,,,,
93,1.0,599,,,,
94,10.0,599,,,,
95,6.0,599,,,,
96,26.0,599,,,,
97,22.0,599,,,,
98,36.0,599,,,,
99,397.0,599,,,,
100,23.0,599,,,,
101,5.0,599,,,,
102,12.0,599,,,,
103,2.0,599,,,,
104,13.0,478,,,,
105,20.0,478,,,,
106,6.0,478,,,,
107,38.0,478,,,,
108,44.0,478,,,,
109,26.0,478,,,,
110,22.0,478,,,,
111,7.0,478,,,,
112,11.0,478,,,,
113,23.0,478,,,,
114,2.0,478,,,,
115,1.0,478,,,,
116,5.0,478,,,,
117,29.0,589,,,,
118,2.0,589,,,,
119,10.0,589,,,,
120,30.0,589,,,,
121,31.0,589,,,,
122,32.0,589,,,,
123,5.0,589,,,,
124,33.0,589,,,,
125,12.0,589,,,,
126,34.0,589,,,,
127,1.0,589,,,,
128,7.0,589,,,,
129,35.0,589,,,,
130,36.0,589,,,,
131,37.0,589,,,,
132,26.0,589,,,,
133,38.0,589,,,,
134,11.0,589,,,,
135,39.0,589,,,,
136,40.0,589,,,,
137,22.0,589,,,,
138,41.0,589,,,,
139,42.0,589,,,,
140,43.0,589,,,,
141,44.0,589,,,,
142,20.0,589,,,,
143,22.0,208,,,,
144,2.0,208,,,,
145,6.0,208,,,,
146,8.0,208,,,,
147,12.0,208,,,,
148,24.0,208,,,,
149,511.0,208,,,,
150,5.0,208,,,,
151,29.0,208,,,,
152,1.0,208,,,,
153,411.0,208,,,,
154,533.0,208,,,,
155,7.0,208,,,,
156,23.0,208,,,,
157,40.0,208,,,,
158,11.0,208,,,,
159,18.0,223,,,,
160,45.0,223,,,,
161,11.0,223,,,,
162,10.0,223,,,,
163,8.0,223,,,,
164,46.0,223,,,,
165,12.0,223,,,,
166,47.0,223,,,,
167,1.0,223,,,,
168,26.0,223,,,,
169,38.0,223,,,,
170,7.0,223,,,,
171,2.0,223,,,,
172,28.0,223,,,,
173,43.0,223,,,,
174,22.0,223,,,,
175,40.0,223,,,,
176,23.0,223,,,,
177,25.0,223,,,,
178,22.0,578,,,,
179,28.0,578,,,,
180,400.0,578,,,,
181,12.0,578,,,,
182,1.0,578,,,,
183,10.0,578,,,,
184,13.0,252,,,,
185,10.0,252,,,,
186,4.0,252,,,,
187,6.0,252,,,,
188,7.0,252,,,,
189,8.0,252,,,,
190,23.0,252,,,,
191,44.0,46,,,,
192,8.0,46,,,,
193,7.0,46,,,,
194,1.0,46,,,,
195,11.0,46,,,,
196,22.0,46,,,,
197,6.0,46,,,,
198,1.0,507,,,,
199,6.0,507,,,,
200,11.0,507,,,,
201,535.0,507,,,,
202,2.0,278,,,,
203,31.0,278,,,,
204,46.0,278,,,,
205,16.0,213,,,,
206,48.0,213,,,,
207,10.0,213,,,,
208,11.0,213,,,,
209,1.0,213,,,,
210,1.0,473,,,,
211,18.0,473,,,,
212,12.0,473,,,,
213,2.0,473,,,,
214,10.0,473,,,,
215,8.0,473,,,,
216,11.0,467,,,,
217,7.0,467,,,,
218,12.0,467,,,,
219,6.0,467,,,,
220,29.0,467,,,,
221,2.0,467,,,,
222,12.0,75,,,,
223,7.0,75,,,,
224,5.0,75,,,,
225,1.0,75,,,,
226,10.0,75,,,,
227,7.0,483,,,,
228,31.0,483,,,,
229,57.0,483,,,,
230,43.0,483,,,,
231,1.0,526,,,,
232,8.0,526,,,,
233,10.0,526,,,,
234,411.0,526,,,,
235,14.0,526,,,,
236,7.0,526,,,,
237,57.0,526,,,,
238,49.0,324,,,,
239,1.0,324,,,,
240,15.0,324,,,,
241,1.0,603,,,,
242,7.0,603,,,,
243,10.0,603,,,,
244,8.0,603,,,,
245,12.0,603,,,,
246,50.0,603,,,,
247,51.0,384,,,,
248,52.0,384,,,,
249,53.0,384,,,,
250,54.0,384,,,,
251,55.0,384,,,,
252,56.0,384,,,,
253,57.0,79,,,,
254,58.0,79,,,,
255,59.0,79,,,,
256,60.0,79,,,,
257,61.0,79,,,,
258,62.0,79,,,,
259,65.0,360,,,,
260,57.0,360,,,,
261,502.0,360,,,,
262,195.0,360,,,,
263,59.0,360,,,,
264,62.0,360,,,,
265,149.0,360,,,,
266,265.0,360,,,,
267,62.0,284,,,,
268,63.0,284,,,,
269,64.0,284,,,,
270,59.0,284,,,,
271,57.0,284,,,,
272,61.0,284,,,,
273,61.0,464,,,,
274,62.0,464,,,,
275,65.0,464,,,,
276,59.0,464,,,,
277,57.0,464,,,,
278,59.0,639,,,,
279,57.0,639,,,,
280,260.0,639,,,,
281,64.0,639,,,,
282,61.0,639,,,,
283,176.0,639,,,,
284,12.0,541,,,,
285,1.0,541,,,,
286,2.0,541,,,,
287,66.0,541,,,,
288,5.0,541,,,,
289,33.0,541,,,,
290,11.0,541,,,,
291,11.0,86,,,,
292,1.0,86,,,,
293,18.0,86,,,,
294,3.0,86,,,,
295,2.0,86,,,,
296,50.0,86,,,,
297,5.0,86,,,,
298,36.0,86,,,,
299,8.0,86,,,,
300,67.0,400,,,,
301,68.0,400,,,,
302,69.0,400,,,,
303,70.0,400,,,,
304,71.0,400,,,,
305,72.0,400,,,,
306,329.0,40,,,,
307,59.0,40,,,,
308,163.0,40,,,,
309,276.0,57,,,,
310,594.0,57,,,,
311,59.0,57,,,,
312,170.0,57,,,,
313,438.0,57,,,,
314,173.0,57,,,,
315,60.0,57,,,,
316,57.0,18,,,,
317,59.0,18,,,,
318,74.0,18,,,,
319,126.0,18,,,,
320,62.0,18,,,,
321,61.0,18,,,,
322,73.0,18,,,,
323,156.0,18,,,,
324,73.0,477,,,,
325,61.0,477,,,,
326,62.0,477,,,,
327,74.0,477,,,,
328,75.0,559,,,,
329,76.0,559,,,,
330,77.0,559,,,,
331,8.0,136,,,,
332,10.0,136,,,,
333,2.0,136,,,,
334,6.0,136,,,,
335,78.0,332,,,,
336,61.0,332,,,,
337,79.0,332,,,,
338,2.0,230,,,,
339,9.0,230,,,,
340,81.0,230,,,,
341,12.0,230,,,,
342,82.0,230,,,,
343,1.0,230,,,,
344,83.0,17,,,,
345,84.0,149,,,,
346,7.0,399,,,,
347,65.0,399,,,,
348,259.0,399,,,,
349,64.0,235,,,,
350,59.0,235,,,,
351,265.0,235,,,,
352,59.0,355,,,,
353,60.0,355,,,,
354,57.0,355,,,,
355,85.0,355,,,,
356,62.0,355,,,,
357,64.0,355,,,,
358,59.0,19,,,,
359,201.0,19,,,,
360,97.0,196,,,,
361,65.0,196,,,,
362,319.0,196,,,,
363,207.0,196,,,,
364,490.0,196,,,,
365,532.0,196,,,,
366,71.0,196,,,,
367,145.0,196,,,,
368,87.0,196,,,,
369,7.0,196,,,,
370,176.0,196,,,,
371,60.0,196,,,,
372,105.0,196,,,,
373,357.0,196,,,,
374,90.0,196,,,,
375,194.0,196,,,,
376,59.0,196,,,,
377,74.0,196,,,,
378,72.0,196,,,,
379,329.0,196,,,,
380,603.0,196,,,,
381,100.0,196,,,,
382,651.0,196,,,,
383,229.0,196,,,,
384,52.0,196,,,,
385,104.0,196,,,,
386,667.0,196,,,,
387,590.0,196,,,,
388,88.0,122,,,,
389,86.0,122,,,,
390,89.0,587,,,,
391,87.0,587,,,,
392,133.0,587,,,,
393,86.0,604,,,,
394,87.0,604,,,,
395,88.0,604,,,,
396,89.0,604,,,,
397,90.0,604,,,,
398,37.0,42,,,,
399,8.0,42,,,,
400,2.0,42,,,,
401,10.0,42,,,,
402,6.0,42,,,,
403,12.0,42,,,,
404,7.0,42,,,,
405,5.0,42,,,,
406,1.0,42,,,,
407,11.0,42,,,,
408,20.0,530,,,,
409,8.0,530,,,,
410,9.0,530,,,,
411,1.0,530,,,,
412,12.0,530,,,,
413,91.0,368,,,,
414,92.0,368,,,,
415,93.0,368,,,,
416,61.0,368,,,,
417,94.0,368,,,,
418,95.0,368,,,,
419,96.0,368,,,,
420,97.0,368,,,,
421,74.0,368,,,,
422,98.0,368,,,,
423,99.0,368,,,,
424,100.0,368,,,,
425,62.0,423,,,,
426,70.0,423,,,,
427,73.0,423,,,,
428,92.0,423,,,,
429,61.0,423,,,,
430,102.0,423,,,,
431,93.0,423,,,,
432,91.0,423,,,,
433,96.0,448,,,,
434,101.0,448,,,,
435,91.0,448,,,,
436,102.0,448,,,,
437,103.0,448,,,,
438,104.0,448,,,,
439,105.0,448,,,,
440,98.0,448,,,,
441,106.0,189,,,,
442,93.0,189,,,,
443,107.0,189,,,,
444,98.0,189,,,,
445,61.0,189,,,,
446,108.0,189,,,,
447,94.0,189,,,,
448,105.0,189,,,,
449,109.0,359,,,,
450,110.0,359,,,,
451,111.0,359,,,,
452,112.0,359,,,,
453,113.0,359,,,,
454,114.0,359,,,,
455,115.0,584,,,,
456,73.0,584,,,,
457,116.0,584,,,,
458,113.0,584,,,,
459,117.0,584,,,,
460,118.0,584,,,,
461,119.0,584,,,,
462,120.0,584,,,,
463,121.0,584,,,,
464,122.0,584,,,,
465,116.0,193,,,,
466,73.0,193,,,,
467,122.0,193,,,,
468,123.0,193,,,,
469,109.0,193,,,,
470,111.0,193,,,,
471,113.0,193,,,,
472,120.0,193,,,,
473,110.0,193,,,,
474,124.0,193,,,,
475,125.0,193,,,,
476,123.0,622,,,,
477,109.0,622,,,,
478,73.0,622,,,,
479,111.0,622,,,,
480,116.0,622,,,,
481,115.0,622,,,,
482,112.0,622,,,,
483,117.0,622,,,,
484,73.0,463,,,,
485,529.0,463,,,,
486,123.0,463,,,,
487,109.0,463,,,,
488,465.0,463,,,,
489,113.0,463,,,,
490,127.0,463,,,,
491,435.0,463,,,,
492,567.0,463,,,,
493,111.0,463,,,,
494,122.0,463,,,,
495,117.0,463,,,,
496,115.0,463,,,,
497,112.0,463,,,,
498,62.0,642,,,,
499,106.0,642,,,,
500,126.0,642,,,,
501,93.0,642,,,,
502,91.0,642,,,,
503,92.0,642,,,,
504,97.0,642,,,,
505,105.0,642,,,,
506,127.0,642,,,,
507,98.0,642,,,,
508,94.0,642,,,,
509,102.0,642,,,,
510,128.0,642,,,,
511,61.0,642,,,,
512,340.0,159,,,,
513,73.0,159,,,,
514,151.0,159,,,,
515,577.0,159,,,,
516,98.0,159,,,,
517,152.0,159,,,,
518,148.0,159,,,,
519,92.0,159,,,,
520,106.0,159,,,,
521,97.0,159,,,,
522,72.0,159,,,,
523,146.0,159,,,,
524,105.0,159,,,,
525,93.0,159,,,,
526,102.0,159,,,,
527,228.0,159,,,,
528,115.0,159,,,,
529,121.0,159,,,,
530,445.0,159,,,,
531,154.0,159,,,,
532,61.0,159,,,,
533,634.0,159,,,,
534,108.0,159,,,,
535,134.0,159,,,,
536,94.0,159,,,,
537,59.0,159,,,,
538,203.0,159,,,,
539,127.0,159,,,,
540,89.0,159,,,,
541,91.0,159,,,,
542,147.0,159,,,,
543,357.0,159,,,,
544,71.0,159,,,,
545,307.0,159,,,,
546,145.0,159,,,,
547,104.0,159,,,,
548,62.0,461,,,,
549,59.0,461,,,,
550,73.0,461,,,,
551,64.0,461,,,,
552,57.0,461,,,,
553,129.0,461,,,,
554,65.0,461,,,,
555,52.0,609,,,,
556,130.0,81,,,,
557,131.0,81,,,,
558,108.0,372,,,,
559,59.0,372,,,,
560,132.0,372,,,,
561,98.0,372,,,,
562,91.0,372,,,,
563,92.0,372,,,,
564,102.0,372,,,,
565,61.0,372,,,,
566,133.0,372,,,,
567,93.0,372,,,,
568,105.0,372,,,,
569,115.0,171,,,,
570,105.0,171,,,,
571,134.0,171,,,,
572,98.0,171,,,,
573,92.0,171,,,,
574,97.0,171,,,,
575,73.0,171,,,,
576,91.0,171,,,,
577,62.0,171,,,,
578,129.0,171,,,,
579,108.0,171,,,,
580,127.0,171,,,,
581,102.0,171,,,,
582,93.0,171,,,,
583,93.0,550,,,,
584,108.0,550,,,,
585,135.0,550,,,,
586,98.0,550,,,,
587,105.0,550,,,,
588,91.0,550,,,,
589,136.0,550,,,,
590,97.0,550,,,,
591,134.0,550,,,,
592,96.0,550,,,,
593,61.0,550,,,,
594,102.0,550,,,,
595,92.0,550,,,,
596,101.0,560,,,,
597,102.0,560,,,,
598,106.0,560,,,,
599,94.0,560,,,,
600,91.0,560,,,,
601,108.0,560,,,,
602,96.0,560,,,,
603,98.0,560,,,,
604,134.0,490,,,,
605,91.0,490,,,,
606,102.0,490,,,,
607,137.0,490,,,,
608,103.0,490,,,,
609,98.0,490,,,,
610,61.0,490,,,,
611,96.0,490,,,,
612,137.0,96,,,,
613,98.0,96,,,,
614,61.0,96,,,,
615,102.0,96,,,,
616,91.0,96,,,,
617,96.0,96,,,,
618,106.0,510,,,,
619,108.0,510,,,,
620,127.0,510,,,,
621,105.0,510,,,,
622,102.0,510,,,,
623,445.0,510,,,,
624,115.0,510,,,,
625,228.0,510,,,,
626,62.0,484,,,,
627,98.0,484,,,,
628,138.0,484,,,,
629,104.0,484,,,,
630,128.0,484,,,,
631,139.0,484,,,,
632,71.0,484,,,,
633,72.0,484,,,,
634,140.0,484,,,,
635,141.0,484,,,,
636,142.0,484,,,,
637,93.0,484,,,,
638,143.0,484,,,,
639,144.0,484,,,,
640,115.0,484,,,,
641,108.0,484,,,,
642,102.0,484,,,,
643,95.0,484,,,,
644,96.0,484,,,,
645,103.0,484,,,,
646,145.0,484,,,,
647,146.0,484,,,,
648,147.0,484,,,,
649,91.0,484,,,,
650,92.0,484,,,,
651,148.0,484,,,,
652,97.0,484,,,,
653,61.0,484,,,,
654,73.0,484,,,,
655,149.0,484,,,,
656,127.0,484,,,,
657,150.0,484,,,,
658,151.0,484,,,,
659,152.0,484,,,,
660,97.0,538,,,,
661,145.0,538,,,,
662,94.0,538,,,,
663,91.0,538,,,,
664,102.0,538,,,,
665,104.0,538,,,,
666,146.0,538,,,,
667,108.0,538,,,,
668,98.0,538,,,,
669,93.0,538,,,,
670,71.0,538,,,,
671,72.0,538,,,,
672,92.0,538,,,,
673,105.0,538,,,,
674,89.0,538,,,,
675,61.0,538,,,,
676,148.0,538,,,,
677,152.0,538,,,,
678,157.0,538,,,,
679,133.0,538,,,,
680,73.0,538,,,,
681,147.0,538,,,,
682,154.0,538,,,,
683,52.0,538,,,,
684,106.0,538,,,,
685,150.0,538,,,,
686,153.0,169,,,,
687,62.0,169,,,,
688,93.0,169,,,,
689,98.0,169,,,,
690,154.0,169,,,,
691,61.0,169,,,,
692,155.0,169,,,,
693,73.0,169,,,,
694,156.0,169,,,,
695,127.0,169,,,,
696,97.0,503,,,,
697,93.0,503,,,,
698,152.0,503,,,,
699,157.0,503,,,,
700,106.0,503,,,,
701,158.0,239,,,,
702,88.0,239,,,,
703,159.0,239,,,,
704,160.0,239,,,,
705,59.0,239,,,,
706,161.0,239,,,,
707,102.0,239,,,,
708,82.0,239,,,,
709,93.0,239,,,,
710,162.0,239,,,,
711,57.0,239,,,,
712,59.0,27,,,,
713,163.0,27,,,,
714,159.0,27,,,,
715,164.0,27,,,,
716,165.0,27,,,,
717,91.0,27,,,,
718,63.0,27,,,,
719,65.0,27,,,,
720,98.0,27,,,,
721,63.0,644,,,,
722,163.0,644,,,,
723,166.0,644,,,,
724,57.0,644,,,,
725,167.0,644,,,,
726,98.0,644,,,,
727,168.0,644,,,,
728,169.0,644,,,,
729,102.0,644,,,,
730,91.0,644,,,,
731,59.0,644,,,,
732,64.0,644,,,,
733,59.0,157,,,,
734,105.0,157,,,,
735,83.0,157,,,,
736,57.0,157,,,,
737,102.0,157,,,,
738,88.0,157,,,,
739,89.0,157,,,,
740,162.0,157,,,,
741,170.0,157,,,,
742,171.0,600,,,,
743,172.0,600,,,,
744,173.0,600,,,,
745,86.0,600,,,,
746,174.0,600,,,,
747,162.0,600,,,,
748,102.0,600,,,,
749,92.0,600,,,,
750,57.0,600,,,,
751,170.0,600,,,,
752,59.0,600,,,,
753,60.0,600,,,,
754,105.0,600,,,,
755,63.0,630,,,,
756,163.0,630,,,,
757,64.0,630,,,,
758,91.0,630,,,,
759,102.0,630,,,,
760,93.0,630,,,,
761,175.0,630,,,,
762,105.0,630,,,,
763,83.0,630,,,,
764,57.0,630,,,,
765,98.0,630,,,,
766,172.0,630,,,,
767,59.0,630,,,,
768,159.0,630,,,,
769,176.0,630,,,,
770,61.0,630,,,,
771,164.0,163,,,,
772,177.0,163,,,,
773,64.0,163,,,,
774,163.0,163,,,,
775,88.0,163,,,,
776,166.0,163,,,,
777,61.0,489,,,,
778,178.0,489,,,,
779,91.0,489,,,,
780,59.0,489,,,,
781,83.0,489,,,,
782,57.0,489,,,,
783,93.0,489,,,,
784,179.0,489,,,,
785,162.0,489,,,,
786,131.0,427,,,,
787,172.0,427,,,,
788,59.0,427,,,,
789,163.0,427,,,,
790,159.0,427,,,,
791,87.0,427,,,,
792,69.0,290,,,,
793,180.0,290,,,,
794,102.0,290,,,,
795,169.0,290,,,,
796,166.0,290,,,,
797,83.0,290,,,,
798,64.0,290,,,,
799,61.0,290,,,,
800,82.0,305,,,,
801,183.0,305,,,,
802,160.0,305,,,,
803,210.0,305,,,,
804,280.0,305,,,,
805,163.0,305,,,,
806,57.0,305,,,,
807,91.0,305,,,,
808,177.0,305,,,,
809,78.0,305,,,,
810,62.0,305,,,,
811,214.0,305,,,,
812,87.0,305,,,,
813,192.0,305,,,,
814,88.0,305,,,,
815,102.0,305,,,,
816,158.0,305,,,,
817,176.0,305,,,,
818,59.0,305,,,,
819,59.0,549,,,,
820,181.0,549,,,,
821,73.0,549,,,,
822,57.0,549,,,,
823,62.0,549,,,,
824,61.0,549,,,,
825,64.0,549,,,,
826,181.0,456,,,,
827,82.0,456,,,,
828,213.0,456,,,,
829,183.0,456,,,,
830,367.0,456,,,,
831,71.0,456,,,,
832,59.0,456,,,,
833,62.0,456,,,,
834,57.0,456,,,,
835,61.0,456,,,,
836,203.0,192,,,,
837,676.0,192,,,,
838,57.0,192,,,,
839,108.0,192,,,,
840,97.0,192,,,,
841,127.0,192,,,,
842,105.0,192,,,,
843,82.0,635,,,,
844,4.0,635,,,,
845,104.0,635,,,,
846,222.0,635,,,,
847,1.0,635,,,,
848,214.0,635,,,,
849,62.0,635,,,,
850,83.0,635,,,,
851,160.0,635,,,,
852,93.0,635,,,,
853,172.0,635,,,,
854,61.0,635,,,,
855,52.0,635,,,,
856,131.0,635,,,,
857,71.0,635,,,,
858,92.0,635,,,,
859,163.0,635,,,,
860,187.0,635,,,,
861,145.0,635,,,,
862,183.0,635,,,,
863,130.0,635,,,,
864,176.0,635,,,,
865,64.0,635,,,,
866,46.0,635,,,,
867,59.0,635,,,,
868,408.0,635,,,,
869,57.0,635,,,,
870,98.0,635,,,,
871,211.0,635,,,,
872,280.0,635,,,,
873,204.0,635,,,,
874,329.0,74,,,,
875,62.0,74,,,,
876,438.0,74,,,,
877,65.0,74,,,,
878,195.0,74,,,,
879,210.0,74,,,,
880,591.0,74,,,,
881,350.0,74,,,,
882,95.0,74,,,,
883,84.0,74,,,,
884,340.0,74,,,,
885,78.0,74,,,,
886,59.0,74,,,,
887,67.0,74,,,,
888,97.0,74,,,,
889,208.0,74,,,,
890,294.0,74,,,,
891,72.0,74,,,,
892,145.0,74,,,,
893,104.0,74,,,,
894,215.0,74,,,,
895,458.0,74,,,,
896,83.0,74,,,,
897,163.0,74,,,,
898,71.0,74,,,,
899,57.0,74,,,,
900,314.0,74,,,,
901,70.0,74,,,,
902,68.0,74,,,,
903,181.0,74,,,,
904,174.0,74,,,,
905,159.0,74,,,,
906,267.0,74,,,,
907,176.0,74,,,,
908,64.0,74,,,,
909,392.0,74,,,,
910,170.0,74,,,,
911,404.0,74,,,,
912,189.0,74,,,,
913,169.0,74,,,,
914,260.0,74,,,,
915,69.0,416,,,,
916,294.0,416,,,,
917,170.0,66,,,,
918,57.0,66,,,,
919,182.0,66,,,,
920,105.0,66,,,,
921,58.0,66,,,,
922,83.0,66,,,,
923,149.0,66,,,,
924,59.0,66,,,,
925,83.0,117,,,,
926,57.0,117,,,,
927,62.0,117,,,,
928,59.0,117,,,,
929,61.0,117,,,,
930,172.0,117,,,,
931,258.0,117,,,,
932,61.0,242,,,,
933,192.0,242,,,,
934,183.0,242,,,,
935,130.0,242,,,,
936,64.0,242,,,,
937,516.0,242,,,,
938,88.0,242,,,,
939,280.0,242,,,,
940,87.0,242,,,,
941,166.0,242,,,,
942,62.0,242,,,,
943,59.0,65,,,,
944,163.0,65,,,,
945,88.0,65,,,,
946,93.0,65,,,,
947,57.0,65,,,,
948,98.0,65,,,,
949,102.0,65,,,,
950,91.0,65,,,,
951,172.0,288,,,,
952,169.0,288,,,,
953,52.0,288,,,,
954,133.0,288,,,,
955,159.0,288,,,,
956,59.0,288,,,,
957,86.0,597,,,,
958,183.0,597,,,,
959,130.0,597,,,,
960,59.0,597,,,,
961,184.0,597,,,,
962,185.0,597,,,,
963,2.0,597,,,,
964,186.0,597,,,,
965,3.0,597,,,,
966,187.0,597,,,,
967,131.0,20,,,,
968,59.0,20,,,,
969,61.0,20,,,,
970,183.0,20,,,,
971,57.0,20,,,,
972,10.0,20,,,,
973,129.0,20,,,,
974,62.0,20,,,,
975,1.0,20,,,,
976,217.0,131,,,,
977,60.0,131,,,,
978,208.0,131,,,,
979,390.0,533,,,,
980,59.0,533,,,,
981,183.0,533,,,,
982,217.0,533,,,,
983,17.0,533,,,,
984,82.0,533,,,,
985,102.0,533,,,,
986,57.0,533,,,,
987,176.0,533,,,,
988,1.0,533,,,,
989,88.0,533,,,,
990,6.0,533,,,,
991,163.0,533,,,,
992,91.0,533,,,,
993,98.0,533,,,,
994,87.0,533,,,,
995,163.0,244,,,,
996,102.0,244,,,,
997,57.0,244,,,,
998,98.0,244,,,,
999,91.0,244,,,,
1000,88.0,244,,,,
1001,83.0,420,,,,
1002,188.0,420,,,,
1003,189.0,420,,,,
1004,190.0,420,,,,
1005,159.0,420,,,,
1006,169.0,420,,,,
1007,59.0,420,,,,
1008,87.0,420,,,,
1009,176.0,420,,,,
1010,168.0,420,,,,
1011,70.0,420,,,,
1012,71.0,420,,,,
1013,191.0,420,,,,
1014,192.0,420,,,,
1015,62.0,420,,,,
1016,126.0,420,,,,
1017,64.0,420,,,,
1018,193.0,420,,,,
1019,194.0,420,,,,
1020,195.0,420,,,,
1021,90.0,420,,,,
1022,102.0,420,,,,
1023,196.0,420,,,,
1024,65.0,420,,,,
1025,197.0,420,,,,
1026,163.0,420,,,,
1027,198.0,420,,,,
1028,199.0,420,,,,
1029,88.0,420,,,,
1030,91.0,420,,,,
1031,93.0,420,,,,
1032,97.0,420,,,,
1033,57.0,420,,,,
1034,72.0,420,,,,
1035,86.0,420,,,,
1036,98.0,420,,,,
1037,104.0,420,,,,
1038,200.0,420,,,,
1039,172.0,420,,,,
1040,175.0,420,,,,
1041,187.0,420,,,,
1042,145.0,420,,,,
1043,87.0,146,,,,
1044,102.0,146,,,,
1045,57.0,146,,,,
1046,59.0,146,,,,
1047,176.0,146,,,,
1048,163.0,146,,,,
1049,91.0,146,,,,
1050,177.0,146,,,,
1051,201.0,146,,,,
1052,192.0,146,,,,
1053,130.0,116,,,,
1054,161.0,116,,,,
1055,57.0,116,,,,
1056,71.0,116,,,,
1057,98.0,302,,,,
1058,57.0,302,,,,
1059,102.0,302,,,,
1060,59.0,302,,,,
1061,163.0,302,,,,
1062,91.0,302,,,,
1063,61.0,302,,,,
1064,83.0,302,,,,
1065,62.0,302,,,,
1066,71.0,318,,,,
1067,62.0,318,,,,
1068,105.0,318,,,,
1069,189.0,318,,,,
1070,64.0,318,,,,
1071,162.0,318,,,,
1072,102.0,318,,,,
1073,93.0,318,,,,
1074,59.0,318,,,,
1075,57.0,318,,,,
1076,129.0,318,,,,
1077,59.0,60,,,,
1078,202.0,60,,,,
1079,203.0,60,,,,
1080,57.0,612,,,,
1081,93.0,612,,,,
1082,62.0,612,,,,
1083,254.0,612,,,,
1084,61.0,612,,,,
1085,168.0,612,,,,
1086,102.0,612,,,,
1087,97.0,612,,,,
1088,64.0,612,,,,
1089,59.0,612,,,,
1090,163.0,518,,,,
1091,172.0,518,,,,
1092,183.0,518,,,,
1093,57.0,518,,,,
1094,204.0,518,,,,
1095,88.0,486,,,,
1096,166.0,486,,,,
1097,82.0,486,,,,
1098,205.0,486,,,,
1099,61.0,486,,,,
1100,62.0,486,,,,
1101,206.0,486,,,,
1102,130.0,486,,,,
1103,145.0,486,,,,
1104,87.0,486,,,,
1105,57.0,486,,,,
1106,98.0,445,,,,
1107,102.0,445,,,,
1108,183.0,445,,,,
1109,172.0,445,,,,
1110,163.0,445,,,,
1111,130.0,445,,,,
1112,79.0,445,,,,
1113,91.0,445,,,,
1114,57.0,445,,,,
1115,59.0,445,,,,
1116,102.0,30,,,,
1117,159.0,30,,,,
1118,105.0,30,,,,
1119,59.0,30,,,,
1120,163.0,30,,,,
1121,91.0,30,,,,
1122,57.0,30,,,,
1123,64.0,30,,,,
1124,62.0,30,,,,
1125,60.0,30,,,,
1126,82.0,30,,,,
1127,61.0,30,,,,
1128,201.0,135,,,,
1129,91.0,135,,,,
1130,88.0,135,,,,
1131,102.0,135,,,,
1132,98.0,135,,,,
1133,106.0,135,,,,
1134,87.0,135,,,,
1135,172.0,135,,,,
1136,168.0,135,,,,
1137,72.0,135,,,,
1138,104.0,135,,,,
1139,207.0,135,,,,
1140,208.0,135,,,,
1141,71.0,135,,,,
1142,57.0,135,,,,
1143,59.0,135,,,,
1144,162.0,135,,,,
1145,145.0,135,,,,
1146,209.0,135,,,,
1147,189.0,135,,,,
1148,210.0,93,,,,
1149,57.0,93,,,,
1150,59.0,93,,,,
1151,163.0,93,,,,
1152,91.0,93,,,,
1153,98.0,93,,,,
1154,102.0,93,,,,
1155,83.0,93,,,,
1156,62.0,93,,,,
1157,59.0,413,,,,
1158,176.0,413,,,,
1159,183.0,413,,,,
1160,130.0,413,,,,
1161,102.0,413,,,,
1162,135.0,413,,,,
1163,177.0,413,,,,
1164,87.0,413,,,,
1165,161.0,413,,,,
1166,97.0,413,,,,
1167,163.0,413,,,,
1168,82.0,413,,,,
1169,79.0,413,,,,
1170,102.0,624,,,,
1171,64.0,624,,,,
1172,166.0,624,,,,
1173,211.0,624,,,,
1174,82.0,624,,,,
1175,87.0,624,,,,
1176,88.0,624,,,,
1177,57.0,624,,,,
1178,101.0,624,,,,
1179,130.0,624,,,,
1180,59.0,624,,,,
1181,129.0,624,,,,
1182,176.0,624,,,,
1183,97.0,624,,,,
1184,82.0,621,,,,
1185,95.0,621,,,,
1186,212.0,621,,,,
1187,188.0,621,,,,
1188,87.0,621,,,,
1189,192.0,621,,,,
1190,213.0,621,,,,
1191,174.0,621,,,,
1192,189.0,621,,,,
1193,214.0,621,,,,
1194,160.0,621,,,,
1195,131.0,621,,,,
1196,59.0,621,,,,
1197,215.0,621,,,,
1198,216.0,621,,,,
1199,105.0,621,,,,
1200,194.0,621,,,,
1201,217.0,621,,,,
1202,218.0,621,,,,
1203,183.0,621,,,,
1204,207.0,621,,,,
1205,219.0,621,,,,
1206,220.0,621,,,,
1207,129.0,621,,,,
1208,98.0,621,,,,
1209,57.0,621,,,,
1210,196.0,621,,,,
1211,62.0,621,,,,
1212,133.0,621,,,,
1213,221.0,621,,,,
1214,204.0,621,,,,
1215,222.0,621,,,,
1216,162.0,621,,,,
1217,223.0,621,,,,
1218,176.0,621,,,,
1219,102.0,621,,,,
1220,89.0,621,,,,
1221,145.0,621,,,,
1222,224.0,621,,,,
1223,225.0,621,,,,
1224,104.0,621,,,,
1225,72.0,621,,,,
1226,65.0,621,,,,
1227,64.0,621,,,,
1228,91.0,621,,,,
1229,226.0,621,,,,
1230,170.0,621,,,,
1231,71.0,621,,,,
1232,57.0,528,,,,
1233,92.0,528,,,,
1234,59.0,528,,,,
1235,93.0,528,,,,
1236,163.0,528,,,,
1237,83.0,528,,,,
1238,97.0,528,,,,
1239,131.0,528,,,,
1240,227.0,528,,,,
1241,129.0,528,,,,
1242,228.0,528,,,,
1243,64.0,528,,,,
1244,64.0,525,,,,
1245,61.0,525,,,,
1246,163.0,525,,,,
1247,176.0,525,,,,
1248,57.0,525,,,,
1249,59.0,525,,,,
1250,102.0,525,,,,
1251,98.0,525,,,,
1252,102.0,300,,,,
1253,173.0,300,,,,
1254,229.0,300,,,,
1255,74.0,300,,,,
1256,230.0,300,,,,
1257,64.0,300,,,,
1258,172.0,300,,,,
1259,62.0,300,,,,
1260,93.0,300,,,,
1261,231.0,300,,,,
1262,98.0,300,,,,
1263,232.0,300,,,,
1264,217.0,300,,,,
1265,83.0,300,,,,
1266,70.0,274,,,,
1267,366.0,274,,,,
1268,59.0,274,,,,
1269,215.0,274,,,,
1270,60.0,274,,,,
1271,172.0,496,,,,
1272,233.0,496,,,,
1273,131.0,496,,,,
1274,115.0,496,,,,
1275,57.0,496,,,,
1276,83.0,496,,,,
1277,64.0,496,,,,
1278,127.0,496,,,,
1279,62.0,496,,,,
1280,52.0,496,,,,
1281,234.0,496,,,,
1282,61.0,496,,,,
1283,235.0,496,,,,
1284,175.0,496,,,,
1285,236.0,496,,,,
1286,237.0,496,,,,
1287,95.0,496,,,,
1288,238.0,496,,,,
1289,59.0,496,,,,
1290,145.0,496,,,,
1291,239.0,496,,,,
1292,240.0,496,,,,
1293,241.0,496,,,,
1294,242.0,496,,,,
1295,73.0,496,,,,
1296,105.0,496,,,,
1297,243.0,496,,,,
1298,244.0,496,,,,
1299,245.0,496,,,,
1300,246.0,496,,,,
1301,247.0,496,,,,
1302,248.0,496,,,,
1303,249.0,496,,,,
1304,250.0,496,,,,
1305,93.0,496,,,,
1306,102.0,496,,,,
1307,126.0,496,,,,
1308,251.0,496,,,,
1309,163.0,496,,,,
1310,173.0,59,,,,
1311,329.0,59,,,,
1312,65.0,59,,,,
1313,480.0,59,,,,
1314,375.0,59,,,,
1315,215.0,59,,,,
1316,174.0,59,,,,
1317,458.0,59,,,,
1318,93.0,59,,,,
1319,172.0,59,,,,
1320,149.0,59,,,,
1321,153.0,59,,,,
1322,98.0,59,,,,
1323,319.0,59,,,,
1324,57.0,59,,,,
1325,62.0,59,,,,
1326,59.0,59,,,,
1327,64.0,59,,,,
1328,165.0,59,,,,
1329,87.0,187,,,,
1330,102.0,187,,,,
1331,176.0,187,,,,
1332,162.0,187,,,,
1333,170.0,187,,,,
1334,163.0,7,,,,
1335,87.0,7,,,,
1336,159.0,7,,,,
1337,183.0,7,,,,
1338,98.0,216,,,,
1339,102.0,216,,,,
1340,131.0,216,,,,
1341,82.0,216,,,,
1342,87.0,216,,,,
1343,88.0,216,,,,
1344,183.0,216,,,,
1345,176.0,216,,,,
1346,222.0,216,,,,
1347,91.0,216,,,,
1348,201.0,216,,,,
1349,208.0,216,,,,
1350,78.0,216,,,,
1351,162.0,216,,,,
1352,217.0,216,,,,
1353,59.0,216,,,,
1354,160.0,216,,,,
1355,93.0,316,,,,
1356,62.0,316,,,,
1357,57.0,316,,,,
1358,83.0,316,,,,
1359,102.0,316,,,,
1360,87.0,316,,,,
1361,181.0,316,,,,
1362,61.0,316,,,,
1363,105.0,316,,,,
1364,59.0,316,,,,
1365,88.0,316,,,,
1366,163.0,316,,,,
1367,74.0,316,,,,
1368,169.0,267,,,,
1369,57.0,267,,,,
1370,92.0,267,,,,
1371,189.0,267,,,,
1372,252.0,267,,,,
1373,177.0,267,,,,
1374,87.0,267,,,,
1375,88.0,267,,,,
1376,130.0,267,,,,
1377,253.0,267,,,,
1378,83.0,267,,,,
1379,163.0,267,,,,
1380,59.0,432,,,,
1381,57.0,432,,,,
1382,192.0,432,,,,
1383,163.0,432,,,,
1384,61.0,432,,,,
1385,88.0,432,,,,
1386,254.0,380,,,,
1387,234.0,380,,,,
1388,83.0,380,,,,
1389,255.0,380,,,,
1390,142.0,380,,,,
1391,87.0,380,,,,
1392,175.0,380,,,,
1393,177.0,380,,,,
1394,90.0,380,,,,
1395,64.0,380,,,,
1396,149.0,380,,,,
1397,61.0,380,,,,
1398,133.0,380,,,,
1399,203.0,380,,,,
1400,256.0,380,,,,
1401,257.0,380,,,,
1402,102.0,380,,,,
1403,172.0,380,,,,
1404,258.0,380,,,,
1405,259.0,380,,,,
1406,166.0,380,,,,
1407,193.0,380,,,,
1408,71.0,380,,,,
1409,95.0,380,,,,
1410,72.0,380,,,,
1411,176.0,380,,,,
1412,260.0,380,,,,
1413,62.0,380,,,,
1414,104.0,380,,,,
1415,170.0,380,,,,
1416,145.0,380,,,,
1417,261.0,380,,,,
1418,112.0,380,,,,
1419,262.0,380,,,,
1420,263.0,380,,,,
1421,264.0,380,,,,
1422,182.0,380,,,,
1423,130.0,380,,,,
1424,189.0,380,,,,
1425,237.0,380,,,,
1426,265.0,380,,,,
1427,82.0,380,,,,
1428,163.0,380,,,,
1429,266.0,380,,,,
1430,146.0,380,,,,
1431,267.0,380,,,,
1432,168.0,380,,,,
1433,268.0,380,,,,
1434,269.0,380,,,,
1435,97.0,380,,,,
1436,192.0,380,,,,
1437,105.0,380,,,,
1438,57.0,380,,,,
1439,270.0,380,,,,
1440,201.0,380,,,,
1441,185.0,380,,,,
1442,108.0,380,,,,
1443,271.0,380,,,,
1444,272.0,380,,,,
1445,188.0,380,,,,
1446,207.0,380,,,,
1447,60.0,380,,,,
1448,273.0,380,,,,
1449,164.0,380,,,,
1450,78.0,380,,,,
1451,92.0,380,,,,
1452,59.0,380,,,,
1453,93.0,380,,,,
1454,91.0,380,,,,
1455,163.0,458,,,,
1456,93.0,458,,,,
1457,62.0,458,,,,
1458,61.0,458,,,,
1459,59.0,458,,,,
1460,83.0,458,,,,
1461,57.0,458,,,,
1462,131.0,458,,,,
1463,280.0,458,,,,
1464,57.0,564,,,,
1465,62.0,564,,,,
1466,59.0,564,,,,
1467,74.0,564,,,,
1468,93.0,564,,,,
1469,65.0,564,,,,
1470,63.0,564,,,,
1471,174.0,564,,,,
1472,61.0,564,,,,
1473,64.0,564,,,,
1474,172.0,564,,,,
1475,274.0,564,,,,
1476,234.0,234,,,,
1477,275.0,234,,,,
1478,98.0,234,,,,
1479,62.0,234,,,,
1480,126.0,234,,,,
1481,231.0,234,,,,
1482,61.0,234,,,,
1483,57.0,234,,,,
1484,74.0,234,,,,
1485,64.0,234,,,,
1486,105.0,234,,,,
1487,73.0,234,,,,
1488,59.0,234,,,,
1489,226.0,317,,,,
1490,214.0,317,,,,
1491,82.0,317,,,,
1492,64.0,317,,,,
1493,183.0,317,,,,
1494,57.0,317,,,,
1495,102.0,317,,,,
1496,105.0,317,,,,
1497,166.0,317,,,,
1498,73.0,198,,,,
1499,57.0,198,,,,
1500,62.0,198,,,,
1501,276.0,198,,,,
1502,93.0,198,,,,
1503,83.0,198,,,,
1504,237.0,198,,,,
1505,64.0,198,,,,
1506,277.0,198,,,,
1507,278.0,198,,,,
1508,129.0,198,,,,
1509,59.0,198,,,,
1510,163.0,31,,,,
1511,98.0,31,,,,
1512,279.0,31,,,,
1513,108.0,31,,,,
1514,176.0,31,,,,
1515,280.0,31,,,,
1516,175.0,31,,,,
1517,105.0,31,,,,
1518,183.0,31,,,,
1519,164.0,31,,,,
1520,177.0,31,,,,
1521,102.0,31,,,,
1522,82.0,31,,,,
1523,172.0,31,,,,
1524,92.0,31,,,,
1525,57.0,31,,,,
1526,131.0,31,,,,
1527,93.0,31,,,,
1528,281.0,31,,,,
1529,91.0,31,,,,
1530,59.0,31,,,,
1531,187.0,31,,,,
1532,160.0,31,,,,
1533,130.0,31,,,,
1534,59.0,364,,,,
1535,57.0,364,,,,
1536,105.0,364,,,,
1537,126.0,364,,,,
1538,91.0,364,,,,
1539,102.0,364,,,,
1540,163.0,364,,,,
1541,62.0,364,,,,
1542,168.0,364,,,,
1543,98.0,364,,,,
1544,64.0,364,,,,
1545,102.0,485,,,,
1546,206.0,485,,,,
1547,104.0,485,,,,
1548,210.0,485,,,,
1549,176.0,485,,,,
1550,163.0,485,,,,
1551,280.0,485,,,,
1552,183.0,485,,,,
1553,59.0,485,,,,
1554,282.0,485,,,,
1555,226.0,485,,,,
1556,91.0,485,,,,
1557,106.0,485,,,,
1558,82.0,485,,,,
1559,98.0,485,,,,
1560,130.0,485,,,,
1561,283.0,485,,,,
1562,207.0,485,,,,
1563,284.0,485,,,,
1564,146.0,485,,,,
1565,71.0,485,,,,
1566,131.0,485,,,,
1567,62.0,485,,,,
1568,204.0,485,,,,
1569,103.0,485,,,,
1570,72.0,485,,,,
1571,159.0,485,,,,
1572,285.0,485,,,,
1573,198.0,485,,,,
1574,145.0,485,,,,
1575,161.0,485,,,,
1576,222.0,485,,,,
1577,234.0,485,,,,
1578,286.0,485,,,,
1579,57.0,485,,,,
1580,214.0,485,,,,
1581,160.0,485,,,,
1582,96.0,485,,,,
1583,263.0,485,,,,
1584,287.0,485,,,,
1585,288.0,485,,,,
1586,95.0,485,,,,
1587,62.0,540,,,,
1588,57.0,540,,,,
1589,129.0,540,,,,
1590,64.0,540,,,,
1591,265.0,540,,,,
1592,105.0,540,,,,
1593,127.0,540,,,,
1594,83.0,540,,,,
1595,52.0,540,,,,
1596,185.0,177,,,,
1597,289.0,177,,,,
1598,59.0,177,,,,
1599,98.0,177,,,,
1600,290.0,177,,,,
1601,208.0,177,,,,
1602,104.0,112,,,,
1603,160.0,112,,,,
1604,183.0,112,,,,
1605,87.0,112,,,,
1606,88.0,112,,,,
1607,131.0,112,,,,
1608,280.0,112,,,,
1609,72.0,112,,,,
1610,71.0,112,,,,
1611,145.0,112,,,,
1612,217.0,112,,,,
1613,129.0,112,,,,
1614,82.0,112,,,,
1615,59.0,548,,,,
1616,163.0,548,,,,
1617,280.0,548,,,,
1618,166.0,331,,,,
1619,160.0,331,,,,
1620,176.0,331,,,,
1621,82.0,331,,,,
1622,87.0,331,,,,
1623,164.0,331,,,,
1624,106.0,331,,,,
1625,93.0,331,,,,
1626,61.0,331,,,,
1627,280.0,222,,,,
1628,172.0,222,,,,
1629,64.0,222,,,,
1630,76.0,222,,,,
1631,166.0,222,,,,
1632,98.0,222,,,,
1633,57.0,222,,,,
1634,181.0,222,,,,
1635,87.0,222,,,,
1636,91.0,222,,,,
1637,102.0,222,,,,
1638,88.0,222,,,,
1639,214.0,222,,,,
1640,65.0,222,,,,
1641,59.0,222,,,,
1642,163.0,222,,,,
1643,59.0,190,,,,
1644,171.0,190,,,,
1645,144.0,190,,,,
1646,174.0,190,,,,
1647,128.0,190,,,,
1648,98.0,190,,,,
1649,93.0,190,,,,
1650,91.0,190,,,,
1651,278.0,190,,,,
1652,354.0,190,,,,
1653,149.0,190,,,,
1654,62.0,190,,,,
1655,303.0,190,,,,
1656,57.0,190,,,,
1657,91.0,64,,,,
1658,163.0,64,,,,
1659,98.0,64,,,,
1660,61.0,64,,,,
1661,291.0,64,,,,
1662,166.0,64,,,,
1663,169.0,64,,,,
1664,59.0,64,,,,
1665,57.0,64,,,,
1666,176.0,64,,,,
1667,83.0,64,,,,
1668,87.0,64,,,,
1669,1.0,64,,,,
1670,88.0,64,,,,
1671,292.0,64,,,,
1672,293.0,64,,,,
1673,131.0,119,,,,
1674,102.0,119,,,,
1675,280.0,119,,,,
1676,163.0,119,,,,
1677,59.0,119,,,,
1678,1.0,119,,,,
1679,65.0,537,,,,
1680,163.0,537,,,,
1681,88.0,537,,,,
1682,93.0,537,,,,
1683,214.0,537,,,,
1684,160.0,537,,,,
1685,183.0,537,,,,
1686,59.0,537,,,,
1687,159.0,537,,,,
1688,201.0,537,,,,
1689,166.0,537,,,,
1690,89.0,537,,,,
1691,226.0,537,,,,
1692,91.0,537,,,,
1693,64.0,246,,,,
1694,1.0,246,,,,
1695,409.0,246,,,,
1696,260.0,246,,,,
1697,397.0,246,,,,
1698,44.0,246,,,,
1699,33.0,246,,,,
1700,16.0,246,,,,
1701,61.0,246,,,,
1702,59.0,246,,,,
1703,234.0,246,,,,
1704,133.0,246,,,,
1705,2.0,246,,,,
1706,88.0,246,,,,
1707,62.0,502,,,,
1708,74.0,502,,,,
1709,177.0,502,,,,
1710,59.0,502,,,,
1711,65.0,502,,,,
1712,102.0,502,,,,
1713,87.0,502,,,,
1714,183.0,11,,,,
1715,82.0,11,,,,
1716,79.0,11,,,,
1717,159.0,11,,,,
1718,88.0,11,,,,
1719,59.0,11,,,,
1720,189.0,11,,,,
1721,61.0,11,,,,
1722,177.0,11,,,,
1723,91.0,11,,,,
1724,106.0,11,,,,
1725,57.0,11,,,,
1726,102.0,11,,,,
1727,161.0,11,,,,
1728,163.0,11,,,,
1729,64.0,207,,,,
1730,126.0,207,,,,
1731,259.0,207,,,,
1732,62.0,207,,,,
1733,172.0,207,,,,
1734,59.0,207,,,,
1735,279.0,207,,,,
1736,290.0,207,,,,
1737,87.0,207,,,,
1738,86.0,207,,,,
1739,229.0,207,,,,
1740,57.0,207,,,,
1741,181.0,207,,,,
1742,294.0,207,,,,
1743,69.0,207,,,,
1744,84.0,207,,,,
1745,167.0,207,,,,
1746,223.0,207,,,,
1747,204.0,207,,,,
1748,129.0,207,,,,
1749,162.0,207,,,,
1750,230.0,83,,,,
1751,59.0,83,,,,
1752,65.0,83,,,,
1753,102.0,83,,,,
1754,57.0,83,,,,
1755,172.0,83,,,,
1756,64.0,83,,,,
1757,91.0,83,,,,
1758,133.0,83,,,,
1759,163.0,83,,,,
1760,62.0,83,,,,
1761,145.0,83,,,,
1762,204.0,460,,,,
1763,543.0,460,,,,
1764,71.0,460,,,,
1765,83.0,460,,,,
1766,61.0,460,,,,
1767,59.0,460,,,,
1768,195.0,460,,,,
1769,57.0,460,,,,
1770,62.0,460,,,,
1771,172.0,460,,,,
1772,57.0,516,,,,
1773,172.0,516,,,,
1774,175.0,516,,,,
1775,59.0,516,,,,
1776,64.0,516,,,,
1777,61.0,516,,,,
1778,340.0,516,,,,
1779,431.0,516,,,,
1780,98.0,516,,,,
1781,73.0,516,,,,
1782,62.0,516,,,,
1783,93.0,516,,,,
1784,62.0,106,,,,
1785,61.0,106,,,,
1786,126.0,106,,,,
1787,74.0,106,,,,
1788,231.0,106,,,,
1789,62.0,191,,,,
1790,61.0,191,,,,
1791,74.0,191,,,,
1792,93.0,393,,,,
1793,163.0,393,,,,
1794,62.0,393,,,,
1795,88.0,409,,,,
1796,57.0,409,,,,
1797,159.0,409,,,,
1798,64.0,409,,,,
1799,2.0,409,,,,
1800,11.0,409,,,,
1801,6.0,409,,,,
1802,59.0,409,,,,
1803,3.0,409,,,,
1804,192.0,409,,,,
1805,133.0,409,,,,
1806,131.0,409,,,,
1807,87.0,409,,,,
1808,177.0,409,,,,
1809,163.0,409,,,,
1810,52.0,409,,,,
1811,63.0,266,,,,
1812,176.0,266,,,,
1813,175.0,266,,,,
1814,193.0,266,,,,
1815,183.0,266,,,,
1816,102.0,266,,,,
1817,163.0,266,,,,
1818,61.0,266,,,,
1819,64.0,266,,,,
1820,159.0,266,,,,
1821,52.0,266,,,,
1822,172.0,266,,,,
1823,177.0,266,,,,
1824,130.0,266,,,,
1825,59.0,266,,,,
1826,57.0,266,,,,
1827,185.0,266,,,,
1828,158.0,266,,,,
1829,88.0,125,,,,
1830,59.0,125,,,,
1831,89.0,125,,,,
1832,88.0,504,,,,
1833,105.0,504,,,,
1834,82.0,504,,,,
1835,131.0,504,,,,
1836,64.0,504,,,,
1837,297.0,504,,,,
1838,87.0,504,,,,
1839,280.0,504,,,,
1840,163.0,504,,,,
1841,61.0,491,,,,
1842,131.0,491,,,,
1843,59.0,491,,,,
1844,183.0,491,,,,
1845,130.0,491,,,,
1846,98.0,491,,,,
1847,97.0,491,,,,
1848,172.0,344,,,,
1849,105.0,344,,,,
1850,98.0,344,,,,
1851,74.0,344,,,,
1852,86.0,344,,,,
1853,91.0,344,,,,
1854,166.0,344,,,,
1855,87.0,344,,,,
1856,93.0,344,,,,
1857,102.0,344,,,,
1858,57.0,344,,,,
1859,163.0,344,,,,
1860,183.0,344,,,,
1861,88.0,344,,,,
1862,64.0,344,,,,
1863,159.0,344,,,,
1864,59.0,344,,,,
1865,82.0,344,,,,
1866,79.0,344,,,,
1867,108.0,76,,,,
1868,298.0,76,,,,
1869,182.0,76,,,,
1870,83.0,76,,,,
1871,115.0,76,,,,
1872,64.0,76,,,,
1873,82.0,76,,,,
1874,61.0,76,,,,
1875,59.0,76,,,,
1876,127.0,76,,,,
1877,57.0,76,,,,
1878,131.0,76,,,,
1879,93.0,76,,,,
1880,62.0,76,,,,
1881,163.0,76,,,,
1882,73.0,76,,,,
1883,299.0,195,,,,
1884,92.0,195,,,,
1885,102.0,195,,,,
1886,98.0,195,,,,
1887,57.0,195,,,,
1888,65.0,195,,,,
1889,172.0,195,,,,
1890,79.0,253,,,,
1891,214.0,253,,,,
1892,131.0,253,,,,
1893,183.0,253,,,,
1894,163.0,253,,,,
1895,161.0,253,,,,
1896,62.0,253,,,,
1897,130.0,253,,,,
1898,102.0,253,,,,
1899,88.0,253,,,,
1900,160.0,253,,,,
1901,140.0,452,,,,
1902,300.0,452,,,,
1903,301.0,452,,,,
1904,302.0,452,,,,
1905,94.0,452,,,,
1906,265.0,452,,,,
1907,96.0,452,,,,
1908,137.0,452,,,,
1909,148.0,452,,,,
1910,103.0,452,,,,
1911,303.0,452,,,,
1912,304.0,452,,,,
1913,305.0,452,,,,
1914,90.0,452,,,,
1915,306.0,452,,,,
1916,307.0,452,,,,
1917,308.0,452,,,,
1918,104.0,452,,,,
1919,189.0,452,,,,
1920,309.0,452,,,,
1921,310.0,452,,,,
1922,89.0,452,,,,
1923,175.0,452,,,,
1924,311.0,452,,,,
1925,110.0,452,,,,
1926,162.0,452,,,,
1927,312.0,452,,,,
1928,313.0,452,,,,
1929,208.0,452,,,,
1930,314.0,452,,,,
1931,315.0,452,,,,
1932,316.0,452,,,,
1933,317.0,452,,,,
1934,318.0,452,,,,
1935,319.0,452,,,,
1936,320.0,452,,,,
1937,321.0,452,,,,
1938,196.0,452,,,,
1939,65.0,452,,,,
1940,172.0,452,,,,
1941,64.0,452,,,,
1942,322.0,452,,,,
1943,169.0,452,,,,
1944,102.0,452,,,,
1945,57.0,452,,,,
1946,323.0,452,,,,
1947,71.0,452,,,,
1948,324.0,452,,,,
1949,105.0,452,,,,
1950,72.0,452,,,,
1951,98.0,452,,,,
1952,93.0,452,,,,
1953,149.0,452,,,,
1954,59.0,452,,,,
1955,145.0,452,,,,
1956,95.0,452,,,,
1957,134.0,452,,,,
1958,133.0,452,,,,
1959,325.0,452,,,,
1960,326.0,452,,,,
1961,171.0,452,,,,
1962,174.0,452,,,,
1963,327.0,452,,,,
1964,328.0,452,,,,
1965,92.0,452,,,,
1966,329.0,452,,,,
1967,330.0,452,,,,
1968,331.0,452,,,,
1969,91.0,452,,,,
1970,332.0,452,,,,
1971,83.0,452,,,,
1972,333.0,452,,,,
1973,334.0,452,,,,
1974,335.0,452,,,,
1975,336.0,452,,,,
1976,337.0,452,,,,
1977,338.0,452,,,,
1978,108.0,452,,,,
1979,339.0,452,,,,
1980,78.0,452,,,,
1981,194.0,452,,,,
1982,340.0,452,,,,
1983,177.0,619,,,,
1984,176.0,619,,,,
1985,192.0,619,,,,
1986,61.0,619,,,,
1987,64.0,619,,,,
1988,87.0,619,,,,
1989,159.0,619,,,,
1990,88.0,619,,,,
1991,59.0,619,,,,
1992,57.0,339,,,,
1993,62.0,339,,,,
1994,176.0,339,,,,
1995,91.0,339,,,,
1996,83.0,339,,,,
1997,59.0,339,,,,
1998,64.0,339,,,,
1999,98.0,339,,,,
2000,161.0,377,,,,
2001,162.0,377,,,,
2002,217.0,377,,,,
2003,57.0,133,,,,
2004,1.0,133,,,,
2005,64.0,133,,,,
2006,159.0,133,,,,
2007,59.0,133,,,,
2008,88.0,133,,,,
2009,192.0,133,,,,
2010,232.0,133,,,,
2011,72.0,133,,,,
2012,254.0,133,,,,
2013,98.0,133,,,,
2014,65.0,133,,,,
2015,131.0,133,,,,
2016,87.0,133,,,,
2017,265.0,133,,,,
2018,203.0,133,,,,
2019,10.0,133,,,,
2020,214.0,133,,,,
2021,155.0,133,,,,
2022,149.0,133,,,,
2023,153.0,133,,,,
2024,99.0,133,,,,
2025,91.0,184,,,,
2026,102.0,184,,,,
2027,98.0,184,,,,
2028,59.0,184,,,,
2029,195.0,184,,,,
2030,65.0,184,,,,
2031,61.0,184,,,,
2032,84.0,231,,,,
2033,59.0,231,,,,
2034,91.0,231,,,,
2035,105.0,231,,,,
2036,163.0,231,,,,
2037,57.0,231,,,,
2038,86.0,231,,,,
2039,176.0,231,,,,
2040,166.0,231,,,,
2041,102.0,231,,,,
2042,89.0,231,,,,
2043,159.0,231,,,,
2044,176.0,250,,,,
2045,159.0,250,,,,
2046,88.0,250,,,,
2047,102.0,250,,,,
2048,322.0,250,,,,
2049,170.0,250,,,,
2050,88.0,37,,,,
2051,102.0,37,,,,
2052,57.0,37,,,,
2053,59.0,37,,,,
2054,160.0,37,,,,
2055,341.0,37,,,,
2056,163.0,164,,,,
2057,87.0,164,,,,
2058,82.0,164,,,,
2059,164.0,164,,,,
2060,342.0,164,,,,
2061,57.0,164,,,,
2062,131.0,361,,,,
2063,159.0,361,,,,
2064,166.0,361,,,,
2065,88.0,361,,,,
2066,201.0,361,,,,
2067,76.0,361,,,,
2068,104.0,361,,,,
2069,476.0,361,,,,
2070,57.0,361,,,,
2071,163.0,361,,,,
2072,145.0,361,,,,
2073,89.0,361,,,,
2074,59.0,361,,,,
2075,201.0,582,,,,
2076,60.0,582,,,,
2077,182.0,582,,,,
2078,52.0,582,,,,
2079,159.0,582,,,,
2080,61.0,582,,,,
2081,91.0,582,,,,
2082,98.0,582,,,,
2083,101.0,582,,,,
2084,105.0,582,,,,
2085,102.0,582,,,,
2086,71.0,582,,,,
2087,104.0,582,,,,
2088,103.0,582,,,,
2089,72.0,582,,,,
2090,177.0,582,,,,
2091,131.0,582,,,,
2092,89.0,582,,,,
2093,192.0,582,,,,
2094,204.0,582,,,,
2095,194.0,582,,,,
2096,196.0,582,,,,
2097,64.0,582,,,,
2098,189.0,582,,,,
2099,199.0,582,,,,
2100,342.0,582,,,,
2101,168.0,582,,,,
2102,95.0,582,,,,
2103,83.0,582,,,,
2104,319.0,582,,,,
2105,214.0,582,,,,
2106,130.0,582,,,,
2107,484.0,582,,,,
2108,82.0,582,,,,
2109,368.0,582,,,,
2110,657.0,582,,,,
2111,145.0,582,,,,
2112,106.0,582,,,,
2113,166.0,582,,,,
2114,146.0,582,,,,
2115,187.0,582,,,,
2116,206.0,582,,,,
2117,280.0,582,,,,
2118,78.0,582,,,,
2119,338.0,582,,,,
2120,152.0,582,,,,
2121,351.0,582,,,,
2122,160.0,582,,,,
2123,222.0,582,,,,
2124,286.0,582,,,,
2125,207.0,582,,,,
2126,172.0,582,,,,
2127,267.0,582,,,,
2128,302.0,582,,,,
2129,183.0,582,,,,
2130,163.0,582,,,,
2131,79.0,582,,,,
2132,185.0,582,,,,
2133,226.0,582,,,,
2134,96.0,582,,,,
2135,282.0,582,,,,
2136,161.0,582,,,,
2137,337.0,582,,,,
2138,88.0,582,,,,
2139,87.0,582,,,,
2140,176.0,582,,,,
2141,404.0,582,,,,
2142,94.0,582,,,,
2143,57.0,582,,,,
2144,216.0,582,,,,
2145,59.0,582,,,,
2146,343.0,424,,,,
2147,144.0,424,,,,
2148,83.0,424,,,,
2149,344.0,424,,,,
2150,98.0,424,,,,
2151,345.0,424,,,,
2152,346.0,424,,,,
2153,347.0,424,,,,
2154,170.0,424,,,,
2155,163.0,424,,,,
2156,60.0,424,,,,
2157,348.0,424,,,,
2158,349.0,424,,,,
2159,172.0,22,,,,
2160,70.0,22,,,,
2161,91.0,22,,,,
2162,189.0,22,,,,
2163,98.0,22,,,,
2164,128.0,22,,,,
2165,84.0,22,,,,
2166,88.0,22,,,,
2167,90.0,22,,,,
2168,267.0,22,,,,
2169,59.0,22,,,,
2170,254.0,22,,,,
2171,350.0,22,,,,
2172,104.0,22,,,,
2173,71.0,22,,,,
2174,72.0,22,,,,
2175,64.0,22,,,,
2176,313.0,22,,,,
2177,93.0,22,,,,
2178,61.0,22,,,,
2179,308.0,22,,,,
2180,97.0,22,,,,
2181,175.0,22,,,,
2182,95.0,22,,,,
2183,319.0,22,,,,
2184,351.0,22,,,,
2185,187.0,22,,,,
2186,192.0,22,,,,
2187,201.0,22,,,,
2188,352.0,22,,,,
2189,152.0,22,,,,
2190,108.0,22,,,,
2191,176.0,22,,,,
2192,144.0,22,,,,
2193,83.0,22,,,,
2194,353.0,22,,,,
2195,169.0,22,,,,
2196,354.0,22,,,,
2197,145.0,22,,,,
2198,177.0,22,,,,
2199,164.0,22,,,,
2200,170.0,22,,,,
2201,355.0,22,,,,
2202,356.0,22,,,,
2203,106.0,22,,,,
2204,89.0,22,,,,
2205,105.0,22,,,,
2206,207.0,22,,,,
2207,302.0,22,,,,
2208,357.0,22,,,,
2209,163.0,22,,,,
2210,57.0,22,,,,
2211,168.0,22,,,,
2212,94.0,22,,,,
2213,87.0,22,,,,
2214,166.0,22,,,,
2215,183.0,524,,,,
2216,358.0,524,,,,
2217,260.0,524,,,,
2218,57.0,524,,,,
2219,59.0,524,,,,
2220,130.0,524,,,,
2221,82.0,524,,,,
2222,131.0,524,,,,
2223,91.0,524,,,,
2224,61.0,524,,,,
2225,74.0,524,,,,
2226,102.0,524,,,,
2227,98.0,524,,,,
2228,93.0,524,,,,
2229,12.0,524,,,,
2230,62.0,524,,,,
2231,19.0,524,,,,
2232,2.0,524,,,,
2233,81.0,524,,,,
2234,6.0,524,,,,
2235,10.0,524,,,,
2236,1.0,524,,,,
2237,222.0,539,,,,
2238,472.0,539,,,,
2239,60.0,539,,,,
2240,131.0,539,,,,
2241,208.0,539,,,,
2242,78.0,539,,,,
2243,162.0,539,,,,
2244,88.0,539,,,,
2245,89.0,539,,,,
2246,57.0,539,,,,
2247,59.0,410,,,,
2248,102.0,410,,,,
2249,108.0,410,,,,
2250,367.0,410,,,,
2251,71.0,410,,,,
2252,508.0,410,,,,
2253,589.0,410,,,,
2254,162.0,410,,,,
2255,62.0,410,,,,
2256,57.0,410,,,,
2257,607.0,563,,,,
2258,131.0,563,,,,
2259,204.0,563,,,,
2260,64.0,563,,,,
2261,162.0,563,,,,
2262,82.0,563,,,,
2263,317.0,563,,,,
2264,471.0,563,,,,
2265,280.0,594,,,,
2266,63.0,594,,,,
2267,183.0,594,,,,
2268,57.0,594,,,,
2269,59.0,594,,,,
2270,86.0,594,,,,
2271,159.0,594,,,,
2272,91.0,594,,,,
2273,87.0,594,,,,
2274,76.0,594,,,,
2275,192.0,594,,,,
2276,88.0,594,,,,
2277,214.0,594,,,,
2278,172.0,594,,,,
2279,82.0,594,,,,
2280,83.0,594,,,,
2281,130.0,594,,,,
2282,163.0,594,,,,
2283,122.0,594,,,,
2284,359.0,594,,,,
2285,360.0,594,,,,
2286,102.0,594,,,,
2287,176.0,594,,,,
2288,98.0,594,,,,
2289,79.0,594,,,,
2290,160.0,220,,,,
2291,359.0,220,,,,
2292,217.0,220,,,,
2293,226.0,220,,,,
2294,214.0,220,,,,
2295,183.0,220,,,,
2296,79.0,220,,,,
2297,361.0,220,,,,
2298,131.0,220,,,,
2299,145.0,220,,,,
2300,362.0,220,,,,
2301,82.0,220,,,,
2302,102.0,282,,,,
2303,87.0,282,,,,
2304,162.0,282,,,,
2305,382.0,544,,,,
2306,159.0,544,,,,
2307,163.0,544,,,,
2308,88.0,544,,,,
2309,59.0,544,,,,
2310,66.0,68,,,,
2311,12.0,68,,,,
2312,1.0,68,,,,
2313,2.0,68,,,,
2314,44.0,68,,,,
2315,8.0,68,,,,
2316,50.0,68,,,,
2317,69.0,68,,,,
2318,3.0,68,,,,
2319,319.0,68,,,,
2320,57.0,68,,,,
2321,78.0,68,,,,
2322,363.0,68,,,,
2323,26.0,68,,,,
2324,82.0,68,,,,
2325,105.0,68,,,,
2326,162.0,68,,,,
2327,62.0,68,,,,
2328,364.0,26,,,,
2329,87.0,26,,,,
2330,88.0,26,,,,
2331,98.0,26,,,,
2332,86.0,26,,,,
2333,163.0,26,,,,
2334,59.0,26,,,,
2335,57.0,26,,,,
2336,166.0,26,,,,
2337,82.0,80,,,,
2338,74.0,80,,,,
2339,126.0,80,,,,
2340,166.0,80,,,,
2341,73.0,80,,,,
2342,108.0,80,,,,
2343,365.0,80,,,,
2344,105.0,80,,,,
2345,102.0,80,,,,
2346,61.0,80,,,,
2347,59.0,80,,,,
2348,57.0,80,,,,
2349,62.0,80,,,,
2350,366.0,166,,,,
2351,189.0,166,,,,
2352,163.0,166,,,,
2353,95.0,166,,,,
2354,145.0,166,,,,
2355,367.0,166,,,,
2356,198.0,166,,,,
2357,368.0,166,,,,
2358,315.0,166,,,,
2359,308.0,166,,,,
2360,275.0,166,,,,
2361,175.0,166,,,,
2362,303.0,166,,,,
2363,351.0,166,,,,
2364,263.0,166,,,,
2365,172.0,166,,,,
2366,369.0,166,,,,
2367,370.0,166,,,,
2368,237.0,166,,,,
2369,302.0,166,,,,
2370,187.0,166,,,,
2371,371.0,166,,,,
2372,372.0,166,,,,
2373,313.0,166,,,,
2374,356.0,166,,,,
2375,312.0,166,,,,
2376,71.0,166,,,,
2377,373.0,166,,,,
2378,374.0,166,,,,
2379,168.0,166,,,,
2380,65.0,166,,,,
2381,169.0,166,,,,
2382,336.0,166,,,,
2383,310.0,166,,,,
2384,375.0,166,,,,
2385,128.0,166,,,,
2386,64.0,166,,,,
2387,57.0,166,,,,
2388,72.0,166,,,,
2389,215.0,166,,,,
2390,376.0,166,,,,
2391,63.0,166,,,,
2392,159.0,166,,,,
2393,98.0,166,,,,
2394,377.0,166,,,,
2395,255.0,166,,,,
2396,92.0,166,,,,
2397,138.0,166,,,,
2398,260.0,166,,,,
2399,93.0,166,,,,
2400,59.0,166,,,,
2401,360.0,166,,,,
2402,91.0,166,,,,
2403,319.0,166,,,,
2404,62.0,166,,,,
2405,83.0,166,,,,
2406,104.0,166,,,,
2407,105.0,166,,,,
2408,378.0,166,,,,
2409,379.0,166,,,,
2410,102.0,166,,,,
2411,142.0,166,,,,
2412,286.0,166,,,,
2413,181.0,543,,,,
2414,83.0,543,,,,
2415,163.0,543,,,,
2416,1.0,543,,,,
2417,61.0,543,,,,
2418,89.0,543,,,,
2419,159.0,543,,,,
2420,59.0,543,,,,
2421,57.0,543,,,,
2422,64.0,543,,,,
2423,90.0,543,,,,
2424,166.0,543,,,,
2425,82.0,608,,,,
2426,79.0,608,,,,
2427,183.0,608,,,,
2428,73.0,608,,,,
2429,105.0,608,,,,
2430,160.0,608,,,,
2431,214.0,608,,,,
2432,161.0,608,,,,
2433,61.0,608,,,,
2434,130.0,608,,,,
2435,93.0,608,,,,
2436,222.0,608,,,,
2437,62.0,341,,,,
2438,61.0,341,,,,
2439,73.0,341,,,,
2440,57.0,341,,,,
2441,64.0,341,,,,
2442,59.0,341,,,,
2443,129.0,341,,,,
2444,83.0,341,,,,
2445,163.0,475,,,,
2446,102.0,475,,,,
2447,59.0,475,,,,
2448,98.0,475,,,,
2449,62.0,475,,,,
2450,57.0,475,,,,
2451,82.0,475,,,,
2452,265.0,475,,,,
2453,105.0,475,,,,
2454,149.0,475,,,,
2455,163.0,194,,,,
2456,177.0,194,,,,
2457,164.0,194,,,,
2458,187.0,194,,,,
2459,172.0,194,,,,
2460,82.0,194,,,,
2461,160.0,194,,,,
2462,102.0,194,,,,
2463,217.0,194,,,,
2464,93.0,194,,,,
2465,183.0,194,,,,
2466,1.0,194,,,,
2467,12.0,194,,,,
2468,88.0,194,,,,
2469,59.0,194,,,,
2470,183.0,205,,,,
2471,131.0,205,,,,
2472,82.0,205,,,,
2473,102.0,205,,,,
2474,64.0,205,,,,
2475,91.0,205,,,,
2476,11.0,205,,,,
2477,15.0,205,,,,
2478,322.0,205,,,,
2479,170.0,205,,,,
2480,98.0,205,,,,
2481,88.0,205,,,,
2482,98.0,101,,,,
2483,57.0,101,,,,
2484,229.0,101,,,,
2485,15.0,101,,,,
2486,59.0,101,,,,
2487,380.0,101,,,,
2488,159.0,101,,,,
2489,4.0,271,,,,
2490,131.0,271,,,,
2491,91.0,271,,,,
2492,204.0,271,,,,
2493,82.0,271,,,,
2494,10.0,271,,,,
2495,12.0,271,,,,
2496,381.0,271,,,,
2497,1.0,271,,,,
2498,61.0,271,,,,
2499,11.0,570,,,,
2500,93.0,570,,,,
2501,71.0,570,,,,
2502,145.0,570,,,,
2503,222.0,570,,,,
2504,61.0,570,,,,
2505,59.0,570,,,,
2506,91.0,570,,,,
2507,82.0,570,,,,
2508,382.0,570,,,,
2509,163.0,570,,,,
2510,57.0,570,,,,
2511,1.0,570,,,,
2512,102.0,482,,,,
2513,63.0,482,,,,
2514,98.0,482,,,,
2515,87.0,482,,,,
2516,64.0,482,,,,
2517,59.0,482,,,,
2518,280.0,482,,,,
2519,163.0,482,,,,
2520,61.0,482,,,,
2521,57.0,482,,,,
2522,160.0,482,,,,
2523,383.0,482,,,,
2524,82.0,482,,,,
2525,88.0,482,,,,
2526,189.0,482,,,,
2527,126.0,482,,,,
2528,131.0,482,,,,
2529,159.0,482,,,,
2530,64.0,343,,,,
2531,83.0,343,,,,
2532,18.0,343,,,,
2533,176.0,343,,,,
2534,108.0,343,,,,
2535,93.0,343,,,,
2536,106.0,343,,,,
2537,204.0,343,,,,
2538,95.0,343,,,,
2539,1.0,343,,,,
2540,163.0,343,,,,
2541,145.0,343,,,,
2542,9.0,343,,,,
2543,12.0,343,,,,
2544,57.0,343,,,,
2545,59.0,343,,,,
2546,59.0,165,,,,
2547,163.0,165,,,,
2548,57.0,165,,,,
2549,93.0,165,,,,
2550,87.0,165,,,,
2551,192.0,165,,,,
2552,88.0,165,,,,
2553,10.0,304,,,,
2554,390.0,304,,,,
2555,1.0,304,,,,
2556,105.0,304,,,,
2557,102.0,304,,,,
2558,59.0,304,,,,
2559,57.0,304,,,,
2560,2.0,304,,,,
2561,130.0,304,,,,
2562,163.0,304,,,,
2563,145.0,304,,,,
2564,183.0,304,,,,
2565,17.0,304,,,,
2566,166.0,304,,,,
2567,88.0,304,,,,
2568,82.0,304,,,,
2569,168.0,304,,,,
2570,8.0,304,,,,
2571,91.0,127,,,,
2572,82.0,127,,,,
2573,64.0,127,,,,
2574,226.0,127,,,,
2575,210.0,127,,,,
2576,234.0,127,,,,
2577,92.0,127,,,,
2578,260.0,127,,,,
2579,83.0,127,,,,
2580,15.0,127,,,,
2581,105.0,127,,,,
2582,95.0,127,,,,
2583,72.0,127,,,,
2584,97.0,127,,,,
2585,1.0,127,,,,
2586,259.0,127,,,,
2587,129.0,127,,,,
2588,102.0,127,,,,
2589,59.0,127,,,,
2590,57.0,127,,,,
2591,162.0,127,,,,
2592,176.0,127,,,,
2593,329.0,127,,,,
2594,65.0,127,,,,
2595,98.0,127,,,,
2596,93.0,127,,,,
2597,16.0,140,,,,
2598,177.0,140,,,,
2599,88.0,140,,,,
2600,102.0,140,,,,
2601,87.0,140,,,,
2602,52.0,140,,,,
2603,82.0,140,,,,
2604,62.0,140,,,,
2605,93.0,140,,,,
2606,6.0,140,,,,
2607,59.0,140,,,,
2608,163.0,140,,,,
2609,57.0,140,,,,
2610,1.0,105,,,,
2611,163.0,105,,,,
2612,222.0,105,,,,
2613,183.0,105,,,,
2614,87.0,105,,,,
2615,160.0,105,,,,
2616,10.0,105,,,,
2617,88.0,105,,,,
2618,64.0,105,,,,
2619,59.0,85,,,,
2620,163.0,85,,,,
2621,57.0,85,,,,
2622,88.0,85,,,,
2623,192.0,85,,,,
2624,142.0,85,,,,
2625,98.0,85,,,,
2626,87.0,85,,,,
2627,82.0,85,,,,
2628,232.0,283,,,,
2629,18.0,283,,,,
2630,87.0,283,,,,
2631,226.0,283,,,,
2632,91.0,283,,,,
2633,61.0,283,,,,
2634,17.0,283,,,,
2635,222.0,283,,,,
2636,98.0,283,,,,
2637,93.0,283,,,,
2638,59.0,283,,,,
2639,167.0,283,,,,
2640,10.0,283,,,,
2641,102.0,283,,,,
2642,163.0,283,,,,
2643,82.0,283,,,,
2644,192.0,283,,,,
2645,62.0,283,,,,
2646,1.0,434,,,,
2647,87.0,434,,,,
2648,102.0,434,,,,
2649,163.0,434,,,,
2650,61.0,434,,,,
2651,385.0,434,,,,
2652,192.0,434,,,,
2653,57.0,434,,,,
2654,226.0,434,,,,
2655,11.0,434,,,,
2656,59.0,238,,,,
2657,57.0,238,,,,
2658,82.0,238,,,,
2659,130.0,238,,,,
2660,183.0,238,,,,
2661,160.0,238,,,,
2662,88.0,238,,,,
2663,91.0,238,,,,
2664,102.0,238,,,,
2665,98.0,238,,,,
2666,8.0,381,,,,
2667,1.0,381,,,,
2668,59.0,381,,,,
2669,82.0,381,,,,
2670,163.0,381,,,,
2671,61.0,381,,,,
2672,201.0,381,,,,
2673,3.0,381,,,,
2674,57.0,381,,,,
2675,10.0,381,,,,
2676,192.0,381,,,,
2677,183.0,381,,,,
2678,358.0,381,,,,
2679,102.0,381,,,,
2680,185.0,381,,,,
2681,98.0,381,,,,
2682,82.0,61,,,,
2683,62.0,61,,,,
2684,57.0,61,,,,
2685,386.0,61,,,,
2686,214.0,61,,,,
2687,87.0,61,,,,
2688,160.0,61,,,,
2689,88.0,61,,,,
2690,204.0,61,,,,
2691,185.0,61,,,,
2692,61.0,61,,,,
2693,145.0,61,,,,
2694,163.0,61,,,,
2695,166.0,47,,,,
2696,130.0,47,,,,
2697,82.0,47,,,,
2698,183.0,47,,,,
2699,93.0,47,,,,
2700,61.0,47,,,,
2701,57.0,47,,,,
2702,59.0,47,,,,
2703,86.0,47,,,,
2704,1.0,47,,,,
2705,102.0,47,,,,
2706,91.0,47,,,,
2707,64.0,47,,,,
2708,387.0,225,,,,
2709,388.0,225,,,,
2710,181.0,225,,,,
2711,88.0,225,,,,
2712,1.0,225,,,,
2713,87.0,225,,,,
2714,130.0,225,,,,
2715,64.0,225,,,,
2716,82.0,225,,,,
2717,91.0,225,,,,
2718,172.0,225,,,,
2719,98.0,225,,,,
2720,72.0,225,,,,
2721,131.0,225,,,,
2722,93.0,225,,,,
2723,7.0,225,,,,
2724,5.0,225,,,,
2725,61.0,225,,,,
2726,162.0,225,,,,
2727,167.0,225,,,,
2728,389.0,225,,,,
2729,12.0,225,,,,
2730,390.0,217,,,,
2731,57.0,217,,,,
2732,91.0,217,,,,
2733,98.0,217,,,,
2734,87.0,217,,,,
2735,159.0,217,,,,
2736,102.0,217,,,,
2737,88.0,217,,,,
2738,163.0,217,,,,
2739,59.0,217,,,,
2740,71.0,217,,,,
2741,183.0,217,,,,
2742,82.0,217,,,,
2743,8.0,217,,,,
2744,192.0,217,,,,
2745,1.0,217,,,,
2746,130.0,217,,,,
2747,60.0,217,,,,
2748,23.0,217,,,,
2749,10.0,217,,,,
2750,11.0,217,,,,
2751,11.0,453,,,,
2752,57.0,453,,,,
2753,82.0,453,,,,
2754,102.0,453,,,,
2755,93.0,453,,,,
2756,177.0,453,,,,
2757,98.0,453,,,,
2758,260.0,453,,,,
2759,1.0,453,,,,
2760,59.0,453,,,,
2761,61.0,453,,,,
2762,23.0,453,,,,
2763,12.0,453,,,,
2764,62.0,453,,,,
2765,73.0,453,,,,
2766,131.0,453,,,,
2767,204.0,453,,,,
2768,127.0,453,,,,
2769,20.0,129,,,,
2770,216.0,129,,,,
2771,168.0,129,,,,
2772,391.0,129,,,,
2773,82.0,129,,,,
2774,392.0,129,,,,
2775,10.0,129,,,,
2776,33.0,129,,,,
2777,160.0,129,,,,
2778,33.0,109,,,,
2779,20.0,109,,,,
2780,405.0,109,,,,
2781,415.0,109,,,,
2782,38.0,109,,,,
2783,13.0,109,,,,
2784,183.0,109,,,,
2785,6.0,109,,,,
2786,23.0,109,,,,
2787,44.0,109,,,,
2788,66.0,109,,,,
2789,12.0,109,,,,
2790,45.0,109,,,,
2791,418.0,109,,,,
2792,22.0,109,,,,
2793,21.0,109,,,,
2794,2.0,109,,,,
2795,8.0,109,,,,
2796,10.0,109,,,,
2797,397.0,109,,,,
2798,1.0,109,,,,
2799,27.0,109,,,,
2800,407.0,109,,,,
2801,11.0,109,,,,
2802,409.0,109,,,,
2803,25.0,109,,,,
2804,7.0,109,,,,
2805,163.0,350,,,,
2806,393.0,350,,,,
2807,11.0,350,,,,
2808,159.0,350,,,,
2809,17.0,350,,,,
2810,310.0,350,,,,
2811,168.0,350,,,,
2812,226.0,350,,,,
2813,2.0,350,,,,
2814,8.0,350,,,,
2815,214.0,350,,,,
2816,183.0,350,,,,
2817,160.0,350,,,,
2818,1.0,350,,,,
2819,82.0,350,,,,
2820,394.0,350,,,,
2821,42.0,350,,,,
2822,5.0,350,,,,
2823,46.0,350,,,,
2824,395.0,350,,,,
2825,396.0,350,,,,
2826,262.0,350,,,,
2827,291.0,350,,,,
2828,263.0,350,,,,
2829,97.0,350,,,,
2830,20.0,350,,,,
2831,12.0,350,,,,
2832,6.0,350,,,,
2833,71.0,350,,,,
2834,72.0,350,,,,
2835,83.0,350,,,,
2836,397.0,350,,,,
2837,398.0,350,,,,
2838,105.0,350,,,,
2839,399.0,350,,,,
2840,400.0,350,,,,
2841,33.0,350,,,,
2842,29.0,350,,,,
2843,149.0,350,,,,
2844,218.0,350,,,,
2845,10.0,350,,,,
2846,406.0,557,,,,
2847,26.0,557,,,,
2848,39.0,557,,,,
2849,412.0,557,,,,
2850,7.0,557,,,,
2851,46.0,557,,,,
2852,410.0,557,,,,
2853,219.0,557,,,,
2854,397.0,557,,,,
2855,5.0,557,,,,
2856,20.0,557,,,,
2857,1.0,557,,,,
2858,33.0,557,,,,
2859,44.0,557,,,,
2860,405.0,557,,,,
2861,12.0,557,,,,
2862,10.0,557,,,,
2863,11.0,557,,,,
2864,409.0,557,,,,
2865,2.0,557,,,,
2866,57.0,557,,,,
2867,31.0,557,,,,
2868,62.0,557,,,,
2869,6.0,557,,,,
2870,25.0,557,,,,
2871,145.0,557,,,,
2872,5.0,326,,,,
2873,12.0,326,,,,
2874,44.0,326,,,,
2875,411.0,326,,,,
2876,394.0,326,,,,
2877,19.0,326,,,,
2878,39.0,326,,,,
2879,43.0,326,,,,
2880,38.0,326,,,,
2881,26.0,326,,,,
2882,42.0,326,,,,
2883,20.0,326,,,,
2884,34.0,326,,,,
2885,32.0,326,,,,
2886,40.0,326,,,,
2887,11.0,326,,,,
2888,414.0,326,,,,
2889,46.0,326,,,,
2890,22.0,326,,,,
2891,10.0,326,,,,
2892,6.0,326,,,,
2893,2.0,326,,,,
2894,1.0,326,,,,
2895,26.0,308,,,,
2896,10.0,308,,,,
2897,418.0,308,,,,
2898,8.0,308,,,,
2899,415.0,308,,,,
2900,22.0,308,,,,
2901,393.0,308,,,,
2902,406.0,308,,,,
2903,424.0,308,,,,
2904,12.0,308,,,,
2905,21.0,308,,,,
2906,11.0,308,,,,
2907,1.0,308,,,,
2908,38.0,308,,,,
2909,23.0,308,,,,
2910,265.0,308,,,,
2911,44.0,308,,,,
2912,2.0,308,,,,
2913,42.0,308,,,,
2914,7.0,308,,,,
2915,43.0,308,,,,
2916,412.0,308,,,,
2917,35.0,308,,,,
2918,20.0,308,,,,
2919,46.0,148,,,,
2920,57.0,148,,,,
2921,401.0,148,,,,
2922,83.0,148,,,,
2923,61.0,148,,,,
2924,402.0,148,,,,
2925,10.0,148,,,,
2926,23.0,148,,,,
2927,26.0,148,,,,
2928,11.0,148,,,,
2929,22.0,148,,,,
2930,8.0,148,,,,
2931,5.0,148,,,,
2932,6.0,148,,,,
2933,403.0,148,,,,
2934,145.0,148,,,,
2935,72.0,148,,,,
2936,404.0,148,,,,
2937,71.0,148,,,,
2938,20.0,439,,,,
2939,8.0,439,,,,
2940,160.0,439,,,,
2941,14.0,439,,,,
2942,23.0,439,,,,
2943,409.0,439,,,,
2944,42.0,439,,,,
2945,183.0,439,,,,
2946,214.0,439,,,,
2947,11.0,439,,,,
2948,72.0,439,,,,
2949,64.0,439,,,,
2950,226.0,439,,,,
2951,62.0,439,,,,
2952,32.0,439,,,,
2953,12.0,439,,,,
2954,10.0,439,,,,
2955,397.0,439,,,,
2956,1.0,439,,,,
2957,36.0,439,,,,
2958,5.0,439,,,,
2959,403.0,439,,,,
2960,46.0,439,,,,
2961,28.0,439,,,,
2962,6.0,439,,,,
2963,33.0,439,,,,
2964,2.0,439,,,,
2965,82.0,439,,,,
2966,408.0,439,,,,
2967,7.0,439,,,,
2968,410.0,439,,,,
2969,405.0,422,,,,
2970,20.0,296,,,,
2971,29.0,204,,,,
2972,12.0,204,,,,
2973,5.0,204,,,,
2974,20.0,204,,,,
2975,516.0,204,,,,
2976,400.0,204,,,,
2977,411.0,204,,,,
2978,6.0,204,,,,
2979,2.0,204,,,,
2980,22.0,204,,,,
2981,10.0,204,,,,
2982,11.0,204,,,,
2983,1.0,204,,,,
2984,8.0,204,,,,
2985,3.0,204,,,,
2986,217.0,605,,,,
2987,406.0,605,,,,
2988,12.0,36,,,,
2989,42.0,36,,,,
2990,8.0,36,,,,
2991,40.0,36,,,,
2992,33.0,36,,,,
2993,62.0,36,,,,
2994,145.0,36,,,,
2995,263.0,36,,,,
2996,64.0,36,,,,
2997,319.0,36,,,,
2998,407.0,36,,,,
2999,2.0,36,,,,
3000,11.0,36,,,,
3001,71.0,36,,,,
3002,14.0,36,,,,
3003,38.0,36,,,,
3004,104.0,36,,,,
3005,10.0,36,,,,
3006,408.0,36,,,,
3007,20.0,36,,,,
3008,9.0,36,,,,
3009,409.0,36,,,,
3010,28.0,36,,,,
3011,183.0,36,,,,
3012,43.0,36,,,,
3013,6.0,36,,,,
3014,1.0,36,,,,
3015,410.0,36,,,,
3016,18.0,36,,,,
3017,411.0,36,,,,
3018,22.0,36,,,,
3019,412.0,36,,,,
3020,393.0,36,,,,
3021,16.0,36,,,,
3022,59.0,36,,,,
3023,183.0,319,,,,
3024,61.0,319,,,,
3025,46.0,319,,,,
3026,1.0,319,,,,
3027,20.0,319,,,,
3028,189.0,319,,,,
3029,172.0,319,,,,
3030,6.0,319,,,,
3031,413.0,319,,,,
3032,397.0,319,,,,
3033,2.0,319,,,,
3034,33.0,319,,,,
3035,408.0,319,,,,
3036,42.0,319,,,,
3037,163.0,319,,,,
3038,14.0,319,,,,
3039,409.0,319,,,,
3040,64.0,319,,,,
3041,36.0,319,,,,
3042,44.0,319,,,,
3043,226.0,319,,,,
3044,168.0,319,,,,
3045,72.0,319,,,,
3046,12.0,319,,,,
3047,214.0,319,,,,
3048,71.0,319,,,,
3049,88.0,319,,,,
3050,160.0,319,,,,
3051,7.0,319,,,,
3052,82.0,319,,,,
3053,40.0,319,,,,
3054,29.0,319,,,,
3055,10.0,319,,,,
3056,400.0,319,,,,
3057,57.0,367,,,,
3058,145.0,367,,,,
3059,72.0,367,,,,
3060,226.0,367,,,,
3061,6.0,367,,,,
3062,93.0,367,,,,
3063,160.0,367,,,,
3064,20.0,367,,,,
3065,214.0,367,,,,
3066,64.0,367,,,,
3067,263.0,367,,,,
3068,12.0,367,,,,
3069,42.0,367,,,,
3070,104.0,367,,,,
3071,402.0,367,,,,
3072,33.0,367,,,,
3073,11.0,367,,,,
3074,393.0,367,,,,
3075,3.0,367,,,,
3076,8.0,367,,,,
3077,172.0,367,,,,
3078,83.0,367,,,,
3079,61.0,367,,,,
3080,189.0,493,,,,
3081,414.0,493,,,,
3082,46.0,493,,,,
3083,263.0,493,,,,
3084,87.0,493,,,,
3085,168.0,493,,,,
3086,169.0,493,,,,
3087,172.0,493,,,,
3088,61.0,493,,,,
3089,145.0,493,,,,
3090,38.0,493,,,,
3091,8.0,493,,,,
3092,62.0,493,,,,
3093,16.0,493,,,,
3094,397.0,493,,,,
3095,12.0,493,,,,
3096,33.0,493,,,,
3097,66.0,493,,,,
3098,106.0,493,,,,
3099,22.0,493,,,,
3100,415.0,493,,,,
3101,183.0,493,,,,
3102,163.0,493,,,,
3103,416.0,493,,,,
3104,417.0,493,,,,
3105,283.0,493,,,,
3106,72.0,493,,,,
3107,71.0,493,,,,
3108,418.0,493,,,,
3109,218.0,493,,,,
3110,24.0,493,,,,
3111,7.0,493,,,,
3112,10.0,493,,,,
3113,11.0,493,,,,
3114,216.0,493,,,,
3115,408.0,493,,,,
3116,83.0,493,,,,
3117,57.0,493,,,,
3118,176.0,493,,,,
3119,19.0,493,,,,
3120,1.0,493,,,,
3121,420.0,493,,,,
3122,411.0,493,,,,
3123,14.0,493,,,,
3124,18.0,493,,,,
3125,168.0,606,,,,
3126,421.0,606,,,,
3127,82.0,606,,,,
3128,189.0,606,,,,
3129,11.0,606,,,,
3130,83.0,606,,,,
3131,1.0,606,,,,
3132,397.0,606,,,,
3133,423.0,606,,,,
3134,163.0,606,,,,
3135,214.0,606,,,,
3136,2.0,606,,,,
3137,226.0,606,,,,
3138,8.0,606,,,,
3139,394.0,606,,,,
3140,183.0,606,,,,
3141,424.0,606,,,,
3142,45.0,606,,,,
3143,425.0,606,,,,
3144,5.0,606,,,,
3145,160.0,606,,,,
3146,72.0,606,,,,
3147,426.0,606,,,,
3148,33.0,606,,,,
3149,104.0,606,,,,
3150,145.0,606,,,,
3151,42.0,606,,,,
3152,71.0,606,,,,
3153,59.0,606,,,,
3154,44.0,606,,,,
3155,36.0,606,,,,
3156,149.0,606,,,,
3157,427.0,606,,,,
3158,428.0,606,,,,
3159,163.0,388,,,,
3160,64.0,388,,,,
3161,88.0,388,,,,
3162,2.0,388,,,,
3163,61.0,388,,,,
3164,98.0,388,,,,
3165,280.0,388,,,,
3166,93.0,388,,,,
3167,57.0,388,,,,
3168,59.0,388,,,,
3169,1.0,388,,,,
3170,130.0,388,,,,
3171,429.0,388,,,,
3172,430.0,388,,,,
3173,4.0,388,,,,
3174,82.0,388,,,,
3175,263.0,388,,,,
3176,183.0,388,,,,
3177,10.0,388,,,,
3178,12.0,388,,,,
3179,82.0,636,,,,
3180,163.0,636,,,,
3181,130.0,636,,,,
3182,280.0,636,,,,
3183,102.0,636,,,,
3184,91.0,636,,,,
3185,201.0,636,,,,
3186,131.0,268,,,,
3187,59.0,268,,,,
3188,1.0,268,,,,
3189,88.0,268,,,,
3190,166.0,268,,,,
3191,98.0,268,,,,
3192,91.0,268,,,,
3193,62.0,268,,,,
3194,61.0,268,,,,
3195,205.0,268,,,,
3196,83.0,268,,,,
3197,7.0,268,,,,
3198,11.0,268,,,,
3199,1.0,620,,,,
3200,177.0,620,,,,
3201,87.0,620,,,,
3202,215.0,620,,,,
3203,108.0,620,,,,
3204,183.0,620,,,,
3205,59.0,620,,,,
3206,57.0,620,,,,
3207,176.0,620,,,,
3208,163.0,620,,,,
3209,160.0,620,,,,
3210,65.0,620,,,,
3211,94.0,620,,,,
3212,88.0,620,,,,
3213,8.0,620,,,,
3214,131.0,620,,,,
3215,170.0,620,,,,
3216,234.0,620,,,,
3217,82.0,620,,,,
3218,60.0,620,,,,
3219,91.0,620,,,,
3220,228.0,620,,,,
3221,260.0,620,,,,
3222,83.0,620,,,,
3223,275.0,620,,,,
3224,102.0,620,,,,
3225,2.0,620,,,,
3226,226.0,620,,,,
3227,130.0,620,,,,
3228,11.0,620,,,,
3229,342.0,620,,,,
3230,166.0,620,,,,
3231,64.0,620,,,,
3232,61.0,620,,,,
3233,57.0,451,,,,
3234,181.0,451,,,,
3235,64.0,451,,,,
3236,59.0,451,,,,
3237,65.0,451,,,,
3238,70.0,451,,,,
3239,172.0,451,,,,
3240,93.0,451,,,,
3241,414.0,451,,,,
3242,83.0,451,,,,
3243,102.0,451,,,,
3244,130.0,451,,,,
3245,1.0,451,,,,
3246,61.0,451,,,,
3247,108.0,451,,,,
3248,15.0,451,,,,
3249,163.0,451,,,,
3250,183.0,451,,,,
3251,131.0,451,,,,
3252,82.0,451,,,,
3253,98.0,451,,,,
3254,159.0,151,,,,
3255,1.0,151,,,,
3256,57.0,151,,,,
3257,91.0,151,,,,
3258,86.0,151,,,,
3259,64.0,151,,,,
3260,183.0,151,,,,
3261,93.0,151,,,,
3262,59.0,151,,,,
3263,130.0,151,,,,
3264,161.0,151,,,,
3265,160.0,151,,,,
3266,172.0,151,,,,
3267,214.0,151,,,,
3268,61.0,151,,,,
3269,98.0,151,,,,
3270,226.0,151,,,,
3271,87.0,151,,,,
3272,88.0,151,,,,
3273,3.0,151,,,,
3274,163.0,151,,,,
3275,19.0,151,,,,
3276,176.0,151,,,,
3277,102.0,151,,,,
3278,192.0,33,,,,
3279,61.0,33,,,,
3280,431.0,33,,,,
3281,65.0,33,,,,
3282,259.0,33,,,,
3283,222.0,33,,,,
3284,79.0,33,,,,
3285,183.0,33,,,,
3286,59.0,33,,,,
3287,159.0,33,,,,
3288,88.0,33,,,,
3289,214.0,33,,,,
3290,130.0,33,,,,
3291,160.0,33,,,,
3292,161.0,33,,,,
3293,280.0,33,,,,
3294,82.0,33,,,,
3295,163.0,33,,,,
3296,102.0,84,,,,
3297,169.0,84,,,,
3298,168.0,84,,,,
3299,105.0,84,,,,
3300,63.0,84,,,,
3301,146.0,167,,,,
3302,432.0,167,,,,
3303,433.0,167,,,,
3304,102.0,167,,,,
3305,94.0,167,,,,
3306,106.0,167,,,,
3307,176.0,167,,,,
3308,98.0,167,,,,
3309,260.0,167,,,,
3310,2.0,167,,,,
3311,302.0,167,,,,
3312,161.0,167,,,,
3313,183.0,167,,,,
3314,62.0,167,,,,
3315,72.0,167,,,,
3316,226.0,167,,,,
3317,131.0,167,,,,
3318,222.0,167,,,,
3319,90.0,167,,,,
3320,195.0,167,,,,
3321,256.0,167,,,,
3322,434.0,167,,,,
3323,192.0,167,,,,
3324,71.0,167,,,,
3325,86.0,167,,,,
3326,435.0,167,,,,
3327,436.0,167,,,,
3328,83.0,167,,,,
3329,188.0,167,,,,
3330,87.0,167,,,,
3331,204.0,167,,,,
3332,160.0,167,,,,
3333,59.0,167,,,,
3334,145.0,167,,,,
3335,437.0,167,,,,
3336,104.0,167,,,,
3337,168.0,167,,,,
3338,438.0,167,,,,
3339,82.0,167,,,,
3340,187.0,167,,,,
3341,351.0,167,,,,
3342,158.0,167,,,,
3343,280.0,167,,,,
3344,166.0,167,,,,
3345,130.0,167,,,,
3346,97.0,167,,,,
3347,133.0,167,,,,
3348,89.0,167,,,,
3349,214.0,167,,,,
3350,332.0,167,,,,
3351,163.0,167,,,,
3352,439.0,167,,,,
3353,79.0,167,,,,
3354,57.0,167,,,,
3355,65.0,167,,,,
3356,92.0,167,,,,
3357,102.0,392,,,,
3358,87.0,392,,,,
3359,176.0,392,,,,
3360,59.0,392,,,,
3361,91.0,392,,,,
3362,57.0,392,,,,
3363,129.0,392,,,,
3364,162.0,392,,,,
3365,96.0,532,,,,
3366,59.0,532,,,,
3367,83.0,532,,,,
3368,159.0,532,,,,
3369,169.0,532,,,,
3370,64.0,532,,,,
3371,57.0,532,,,,
3372,105.0,532,,,,
3373,92.0,532,,,,
3374,102.0,532,,,,
3375,98.0,532,,,,
3376,91.0,532,,,,
3377,163.0,532,,,,
3378,71.0,21,,,,
3379,145.0,21,,,,
3380,82.0,21,,,,
3381,92.0,21,,,,
3382,67.0,21,,,,
3383,79.0,21,,,,
3384,57.0,21,,,,
3385,59.0,21,,,,
3386,163.0,21,,,,
3387,87.0,21,,,,
3388,104.0,21,,,,
3389,429.0,21,,,,
3390,176.0,21,,,,
3391,86.0,21,,,,
3392,193.0,21,,,,
3393,65.0,21,,,,
3394,440.0,21,,,,
3395,72.0,21,,,,
3396,88.0,21,,,,
3397,130.0,21,,,,
3398,90.0,21,,,,
3399,102.0,21,,,,
3400,204.0,21,,,,
3401,441.0,21,,,,
3402,214.0,21,,,,
3403,169.0,21,,,,
3404,442.0,21,,,,
3405,149.0,21,,,,
3406,108.0,21,,,,
3407,294.0,21,,,,
3408,224.0,21,,,,
3409,98.0,21,,,,
3410,129.0,21,,,,
3411,96.0,21,,,,
3412,351.0,21,,,,
3413,438.0,21,,,,
3414,172.0,21,,,,
3415,101.0,21,,,,
3416,91.0,21,,,,
3417,187.0,21,,,,
3418,63.0,21,,,,
3419,125.0,21,,,,
3420,286.0,21,,,,
3421,84.0,21,,,,
3422,70.0,21,,,,
3423,161.0,21,,,,
3424,103.0,21,,,,
3425,189.0,21,,,,
3426,196.0,21,,,,
3427,7.0,21,,,,
3428,131.0,21,,,,
3429,194.0,21,,,,
3430,159.0,21,,,,
3431,230.0,21,,,,
3432,133.0,21,,,,
3433,206.0,21,,,,
3434,183.0,21,,,,
3435,160.0,21,,,,
3436,62.0,21,,,,
3437,301.0,21,,,,
3438,443.0,21,,,,
3439,444.0,21,,,,
3440,228.0,21,,,,
3441,106.0,21,,,,
3442,97.0,21,,,,
3443,166.0,325,,,,
3444,169.0,325,,,,
3445,92.0,325,,,,
3446,83.0,325,,,,
3447,59.0,325,,,,
3448,57.0,325,,,,
3449,163.0,325,,,,
3450,445.0,325,,,,
3451,72.0,325,,,,
3452,91.0,325,,,,
3453,93.0,325,,,,
3454,61.0,325,,,,
3455,98.0,325,,,,
3456,102.0,325,,,,
3457,62.0,325,,,,
3458,88.0,303,,,,
3459,79.0,303,,,,
3460,94.0,303,,,,
3461,57.0,303,,,,
3462,87.0,303,,,,
3463,90.0,303,,,,
3464,201.0,303,,,,
3465,207.0,303,,,,
3466,82.0,303,,,,
3467,192.0,303,,,,
3468,93.0,303,,,,
3469,446.0,303,,,,
3470,174.0,303,,,,
3471,234.0,303,,,,
3472,172.0,303,,,,
3473,170.0,303,,,,
3474,447.0,303,,,,
3475,448.0,303,,,,
3476,187.0,303,,,,
3477,64.0,303,,,,
3478,449.0,303,,,,
3479,104.0,303,,,,
3480,72.0,303,,,,
3481,175.0,303,,,,
3482,102.0,303,,,,
3483,176.0,303,,,,
3484,145.0,303,,,,
3485,168.0,303,,,,
3486,162.0,303,,,,
3487,98.0,303,,,,
3488,189.0,303,,,,
3489,450.0,303,,,,
3490,59.0,303,,,,
3491,129.0,303,,,,
3492,217.0,303,,,,
3493,65.0,303,,,,
3494,52.0,303,,,,
3495,173.0,303,,,,
3496,223.0,303,,,,
3497,215.0,303,,,,
3498,71.0,303,,,,
3499,451.0,303,,,,
3500,84.0,466,,,,
3501,69.0,466,,,,
3502,163.0,466,,,,
3503,59.0,466,,,,
3504,452.0,466,,,,
3505,181.0,336,,,,
3506,102.0,336,,,,
3507,176.0,336,,,,
3508,88.0,336,,,,
3509,87.0,336,,,,
3510,93.0,336,,,,
3511,159.0,336,,,,
3512,59.0,336,,,,
3513,163.0,336,,,,
3514,145.0,370,,,,
3515,88.0,370,,,,
3516,385.0,370,,,,
3517,104.0,370,,,,
3518,102.0,370,,,,
3519,105.0,370,,,,
3520,176.0,370,,,,
3521,59.0,370,,,,
3522,59.0,203,,,,
3523,62.0,203,,,,
3524,82.0,203,,,,
3525,163.0,203,,,,
3526,79.0,203,,,,
3527,206.0,203,,,,
3528,130.0,203,,,,
3529,204.0,203,,,,
3530,61.0,203,,,,
3531,222.0,203,,,,
3532,172.0,203,,,,
3533,192.0,203,,,,
3534,183.0,203,,,,
3535,131.0,203,,,,
3536,57.0,203,,,,
3537,170.0,615,,,,
3538,89.0,615,,,,
3539,64.0,633,,,,
3540,57.0,633,,,,
3541,131.0,633,,,,
3542,453.0,633,,,,
3543,159.0,633,,,,
3544,430.0,633,,,,
3545,108.0,633,,,,
3546,128.0,633,,,,
3547,61.0,633,,,,
3548,131.0,607,,,,
3549,130.0,607,,,,
3550,163.0,607,,,,
3551,521.0,607,,,,
3552,61.0,607,,,,
3553,88.0,607,,,,
3554,204.0,607,,,,
3555,166.0,607,,,,
3556,87.0,607,,,,
3557,108.0,607,,,,
3558,93.0,214,,,,
3559,57.0,214,,,,
3560,163.0,214,,,,
3561,59.0,214,,,,
3562,105.0,214,,,,
3563,454.0,214,,,,
3564,59.0,375,,,,
3565,276.0,375,,,,
3566,61.0,375,,,,
3567,98.0,375,,,,
3568,163.0,375,,,,
3569,87.0,375,,,,
3570,102.0,375,,,,
3571,93.0,375,,,,
3572,57.0,375,,,,
3573,131.0,375,,,,
3574,176.0,182,,,,
3575,131.0,182,,,,
3576,52.0,182,,,,
3577,64.0,182,,,,
3578,222.0,182,,,,
3579,62.0,182,,,,
3580,59.0,182,,,,
3581,455.0,182,,,,
3582,82.0,182,,,,
3583,57.0,182,,,,
3584,83.0,182,,,,
3585,60.0,182,,,,
3586,265.0,182,,,,
3587,98.0,182,,,,
3588,91.0,182,,,,
3589,93.0,182,,,,
3590,456.0,182,,,,
3591,457.0,182,,,,
3592,182.0,182,,,,
3593,181.0,527,,,,
3594,59.0,527,,,,
3595,57.0,527,,,,
3596,61.0,527,,,,
3597,82.0,527,,,,
3598,131.0,527,,,,
3599,62.0,527,,,,
3600,364.0,527,,,,
3601,93.0,527,,,,
3602,83.0,527,,,,
3603,176.0,418,,,,
3604,57.0,418,,,,
3605,59.0,418,,,,
3606,169.0,418,,,,
3607,389.0,418,,,,
3608,163.0,418,,,,
3609,167.0,418,,,,
3610,230.0,418,,,,
3611,104.0,418,,,,
3612,61.0,418,,,,
3613,105.0,418,,,,
3614,145.0,418,,,,
3615,98.0,418,,,,
3616,93.0,418,,,,
3617,92.0,418,,,,
3618,367.0,418,,,,
3619,102.0,418,,,,
3620,62.0,315,,,,
3621,57.0,315,,,,
3622,163.0,315,,,,
3623,86.0,315,,,,
3624,59.0,315,,,,
3625,88.0,315,,,,
3626,105.0,315,,,,
3627,61.0,315,,,,
3628,172.0,315,,,,
3629,183.0,315,,,,
3630,131.0,315,,,,
3631,102.0,315,,,,
3632,82.0,315,,,,
3633,130.0,315,,,,
3634,87.0,315,,,,
3635,367.0,315,,,,
3636,64.0,511,,,,
3637,102.0,511,,,,
3638,105.0,511,,,,
3639,59.0,511,,,,
3640,61.0,511,,,,
3641,163.0,511,,,,
3642,52.0,511,,,,
3643,57.0,511,,,,
3644,438.0,511,,,,
3645,83.0,511,,,,
3646,172.0,511,,,,
3647,98.0,511,,,,
3648,73.0,511,,,,
3649,62.0,511,,,,
3650,86.0,6,,,,
3651,57.0,6,,,,
3652,102.0,6,,,,
3653,52.0,6,,,,
3654,458.0,6,,,,
3655,459.0,6,,,,
3656,59.0,6,,,,
3657,87.0,6,,,,
3658,162.0,6,,,,
3659,70.0,14,,,,
3660,317.0,14,,,,
3661,83.0,14,,,,
3662,52.0,14,,,,
3663,214.0,14,,,,
3664,82.0,14,,,,
3665,59.0,14,,,,
3666,65.0,14,,,,
3667,204.0,14,,,,
3668,93.0,14,,,,
3669,92.0,14,,,,
3670,98.0,14,,,,
3671,460.0,14,,,,
3672,215.0,14,,,,
3673,461.0,14,,,,
3674,64.0,14,,,,
3675,462.0,14,,,,
3676,463.0,14,,,,
3677,203.0,14,,,,
3678,464.0,14,,,,
3679,82.0,77,,,,
3680,72.0,77,,,,
3681,71.0,77,,,,
3682,160.0,77,,,,
3683,183.0,77,,,,
3684,102.0,77,,,,
3685,214.0,77,,,,
3686,105.0,77,,,,
3687,226.0,77,,,,
3688,222.0,77,,,,
3689,57.0,77,,,,
3690,176.0,77,,,,
3691,59.0,77,,,,
3692,166.0,77,,,,
3693,367.0,77,,,,
3694,319.0,77,,,,
3695,162.0,77,,,,
3696,170.0,77,,,,
3697,64.0,77,,,,
3698,465.0,77,,,,
3699,105.0,56,,,,
3700,64.0,56,,,,
3701,172.0,56,,,,
3702,93.0,56,,,,
3703,97.0,56,,,,
3704,98.0,56,,,,
3705,91.0,56,,,,
3706,62.0,56,,,,
3707,61.0,56,,,,
3708,188.0,436,,,,
3709,531.0,436,,,,
3710,59.0,436,,,,
3711,61.0,436,,,,
3712,82.0,436,,,,
3713,160.0,436,,,,
3714,2.0,436,,,,
3715,214.0,436,,,,
3716,183.0,436,,,,
3717,7.0,436,,,,
3718,62.0,436,,,,
3719,62.0,472,,,,
3720,57.0,472,,,,
3721,59.0,472,,,,
3722,93.0,472,,,,
3723,129.0,472,,,,
3724,172.0,312,,,,
3725,466.0,312,,,,
3726,196.0,312,,,,
3727,441.0,312,,,,
3728,280.0,312,,,,
3729,192.0,312,,,,
3730,351.0,312,,,,
3731,204.0,312,,,,
3732,183.0,312,,,,
3733,61.0,312,,,,
3734,91.0,312,,,,
3735,105.0,312,,,,
3736,98.0,312,,,,
3737,102.0,312,,,,
3738,187.0,312,,,,
3739,207.0,312,,,,
3740,198.0,312,,,,
3741,89.0,312,,,,
3742,160.0,312,,,,
3743,163.0,312,,,,
3744,290.0,312,,,,
3745,201.0,312,,,,
3746,214.0,312,,,,
3747,86.0,312,,,,
3748,82.0,312,,,,
3749,59.0,312,,,,
3750,88.0,312,,,,
3751,226.0,312,,,,
3752,177.0,312,,,,
3753,158.0,312,,,,
3754,106.0,312,,,,
3755,176.0,312,,,,
3756,57.0,312,,,,
3757,131.0,312,,,,
3758,206.0,312,,,,
3759,130.0,312,,,,
3760,88.0,261,,,,
3761,181.0,261,,,,
3762,1.0,261,,,,
3763,429.0,261,,,,
3764,79.0,261,,,,
3765,62.0,261,,,,
3766,57.0,261,,,,
3767,61.0,261,,,,
3768,65.0,351,,,,
3769,93.0,351,,,,
3770,163.0,351,,,,
3771,126.0,351,,,,
3772,74.0,351,,,,
3773,61.0,351,,,,
3774,62.0,351,,,,
3775,73.0,351,,,,
3776,98.0,351,,,,
3777,102.0,351,,,,
3778,57.0,351,,,,
3779,172.0,351,,,,
3780,166.0,351,,,,
3781,115.0,351,,,,
3782,175.0,351,,,,
3783,169.0,351,,,,
3784,259.0,351,,,,
3785,229.0,351,,,,
3786,364.0,351,,,,
3787,64.0,351,,,,
3788,467.0,351,,,,
3789,59.0,351,,,,
3790,231.0,351,,,,
3791,468.0,351,,,,
3792,195.0,351,,,,
3793,59.0,494,,,,
3794,93.0,494,,,,
3795,57.0,494,,,,
3796,61.0,494,,,,
3797,98.0,494,,,,
3798,91.0,494,,,,
3799,102.0,494,,,,
3800,63.0,494,,,,
3801,108.0,494,,,,
3802,105.0,494,,,,
3803,163.0,494,,,,
3804,170.0,494,,,,
3805,57.0,294,,,,
3806,82.0,294,,,,
3807,201.0,294,,,,
3808,469.0,294,,,,
3809,163.0,294,,,,
3810,470.0,294,,,,
3811,160.0,294,,,,
3812,86.0,294,,,,
3813,456.0,294,,,,
3814,78.0,294,,,,
3815,59.0,294,,,,
3816,210.0,556,,,,
3817,62.0,556,,,,
3818,82.0,556,,,,
3819,471.0,556,,,,
3820,127.0,556,,,,
3821,59.0,556,,,,
3822,105.0,556,,,,
3823,472.0,556,,,,
3824,129.0,556,,,,
3825,71.0,556,,,,
3826,57.0,556,,,,
3827,76.0,52,,,,
3828,471.0,52,,,,
3829,473.0,52,,,,
3830,129.0,52,,,,
3831,59.0,52,,,,
3832,214.0,571,,,,
3833,160.0,571,,,,
3834,226.0,571,,,,
3835,493.0,571,,,,
3836,64.0,571,,,,
3837,169.0,571,,,,
3838,183.0,571,,,,
3839,91.0,571,,,,
3840,329.0,571,,,,
3841,502.0,571,,,,
3842,76.0,571,,,,
3843,59.0,571,,,,
3844,98.0,571,,,,
3845,102.0,571,,,,
3846,105.0,571,,,,
3847,82.0,571,,,,
3848,162.0,571,,,,
3849,222.0,571,,,,
3850,172.0,571,,,,
3851,168.0,571,,,,
3852,57.0,571,,,,
3853,286.0,645,,,,
3854,474.0,645,,,,
3855,259.0,645,,,,
3856,59.0,645,,,,
3857,176.0,645,,,,
3858,76.0,645,,,,
3859,102.0,645,,,,
3860,57.0,645,,,,
3861,64.0,645,,,,
3862,129.0,645,,,,
3863,98.0,269,,,,
3864,57.0,269,,,,
3865,59.0,269,,,,
3866,92.0,269,,,,
3867,163.0,269,,,,
3868,91.0,269,,,,
3869,102.0,269,,,,
3870,61.0,269,,,,
3871,102.0,366,,,,
3872,474.0,366,,,,
3873,71.0,366,,,,
3874,83.0,366,,,,
3875,82.0,366,,,,
3876,79.0,366,,,,
3877,87.0,366,,,,
3878,163.0,366,,,,
3879,76.0,366,,,,
3880,130.0,128,,,,
3881,88.0,128,,,,
3882,91.0,128,,,,
3883,59.0,128,,,,
3884,131.0,128,,,,
3885,183.0,128,,,,
3886,82.0,128,,,,
3887,471.0,128,,,,
3888,61.0,128,,,,
3889,102.0,128,,,,
3890,211.0,128,,,,
3891,214.0,128,,,,
3892,98.0,128,,,,
3893,98.0,365,,,,
3894,172.0,365,,,,
3895,210.0,365,,,,
3896,57.0,365,,,,
3897,61.0,365,,,,
3898,102.0,365,,,,
3899,83.0,365,,,,
3900,62.0,365,,,,
3901,59.0,365,,,,
3902,93.0,365,,,,
3903,174.0,180,,,,
3904,67.0,180,,,,
3905,62.0,180,,,,
3906,112.0,180,,,,
3907,115.0,180,,,,
3908,98.0,180,,,,
3909,475.0,180,,,,
3910,93.0,180,,,,
3911,57.0,180,,,,
3912,105.0,180,,,,
3913,175.0,180,,,,
3914,450.0,180,,,,
3915,59.0,180,,,,
3916,83.0,180,,,,
3917,237.0,180,,,,
3918,172.0,180,,,,
3919,163.0,180,,,,
3920,126.0,180,,,,
3921,73.0,180,,,,
3922,102.0,180,,,,
3923,61.0,180,,,,
3924,166.0,505,,,,
3925,64.0,226,,,,
3926,131.0,226,,,,
3927,102.0,226,,,,
3928,93.0,226,,,,
3929,91.0,226,,,,
3930,115.0,226,,,,
3931,98.0,226,,,,
3932,73.0,226,,,,
3933,59.0,226,,,,
3934,129.0,226,,,,
3935,105.0,226,,,,
3936,172.0,226,,,,
3937,57.0,226,,,,
3938,126.0,497,,,,
3939,181.0,497,,,,
3940,122.0,497,,,,
3941,52.0,497,,,,
3942,172.0,497,,,,
3943,476.0,497,,,,
3944,189.0,497,,,,
3945,73.0,497,,,,
3946,431.0,497,,,,
3947,280.0,497,,,,
3948,64.0,497,,,,
3949,62.0,497,,,,
3950,213.0,497,,,,
3951,183.0,497,,,,
3952,279.0,497,,,,
3953,160.0,497,,,,
3954,234.0,497,,,,
3955,61.0,497,,,,
3956,83.0,497,,,,
3957,478.0,497,,,,
3958,98.0,497,,,,
3959,479.0,497,,,,
3960,161.0,497,,,,
3961,176.0,497,,,,
3962,310.0,497,,,,
3963,204.0,497,,,,
3964,79.0,497,,,,
3965,163.0,497,,,,
3966,87.0,497,,,,
3967,104.0,497,,,,
3968,72.0,497,,,,
3969,480.0,497,,,,
3970,222.0,497,,,,
3971,57.0,497,,,,
3972,88.0,497,,,,
3973,145.0,497,,,,
3974,82.0,497,,,,
3975,142.0,497,,,,
3976,71.0,497,,,,
3977,59.0,497,,,,
3978,131.0,497,,,,
3979,214.0,497,,,,
3980,87.0,137,,,,
3981,59.0,137,,,,
3982,204.0,137,,,,
3983,176.0,137,,,,
3984,160.0,137,,,,
3985,189.0,137,,,,
3986,183.0,137,,,,
3987,82.0,137,,,,
3988,176.0,251,,,,
3989,78.0,251,,,,
3990,162.0,251,,,,
3991,59.0,251,,,,
3992,160.0,251,,,,
3993,87.0,251,,,,
3994,88.0,251,,,,
3995,183.0,251,,,,
3996,192.0,251,,,,
3997,61.0,251,,,,
3998,62.0,155,,,,
3999,59.0,155,,,,
4000,431.0,155,,,,
4001,163.0,155,,,,
4002,160.0,155,,,,
4003,183.0,155,,,,
4004,131.0,155,,,,
4005,74.0,155,,,,
4006,79.0,155,,,,
4007,57.0,155,,,,
4008,82.0,155,,,,
4009,130.0,155,,,,
4010,73.0,155,,,,
4011,89.0,155,,,,
4012,61.0,155,,,,
4013,82.0,97,,,,
4014,106.0,97,,,,
4015,159.0,97,,,,
4016,59.0,97,,,,
4017,1.0,97,,,,
4018,211.0,97,,,,
4019,87.0,97,,,,
4020,163.0,97,,,,
4021,82.0,340,,,,
4022,183.0,340,,,,
4023,65.0,340,,,,
4024,438.0,340,,,,
4025,206.0,340,,,,
4026,430.0,340,,,,
4027,481.0,340,,,,
4028,131.0,340,,,,
4029,389.0,340,,,,
4030,130.0,340,,,,
4031,280.0,340,,,,
4032,201.0,340,,,,
4033,84.0,340,,,,
4034,145.0,340,,,,
4035,161.0,340,,,,
4036,79.0,340,,,,
4037,291.0,340,,,,
4038,149.0,340,,,,
4039,166.0,340,,,,
4040,194.0,340,,,,
4041,64.0,340,,,,
4042,87.0,340,,,,
4043,160.0,340,,,,
4044,91.0,340,,,,
4045,192.0,340,,,,
4046,224.0,340,,,,
4047,204.0,340,,,,
4048,482.0,340,,,,
4049,205.0,340,,,,
4050,211.0,340,,,,
4051,301.0,340,,,,
4052,188.0,340,,,,
4053,207.0,340,,,,
4054,89.0,340,,,,
4055,104.0,340,,,,
4056,196.0,340,,,,
4057,177.0,340,,,,
4058,59.0,340,,,,
4059,133.0,340,,,,
4060,78.0,340,,,,
4061,102.0,340,,,,
4062,163.0,340,,,,
4063,176.0,340,,,,
4064,106.0,340,,,,
4065,185.0,340,,,,
4066,97.0,340,,,,
4067,105.0,340,,,,
4068,83.0,340,,,,
4069,319.0,340,,,,
4070,208.0,340,,,,
4071,170.0,340,,,,
4072,483.0,340,,,,
4073,92.0,340,,,,
4074,189.0,340,,,,
4075,368.0,340,,,,
4076,57.0,340,,,,
4077,95.0,340,,,,
4078,484.0,340,,,,
4079,72.0,340,,,,
4080,214.0,340,,,,
4081,79.0,32,,,,
4082,64.0,32,,,,
4083,102.0,32,,,,
4084,72.0,32,,,,
4085,196.0,32,,,,
4086,207.0,32,,,,
4087,219.0,32,,,,
4088,89.0,32,,,,
4089,204.0,32,,,,
4090,88.0,32,,,,
4091,146.0,32,,,,
4092,59.0,32,,,,
4093,234.0,32,,,,
4094,96.0,32,,,,
4095,485.0,32,,,,
4096,74.0,32,,,,
4097,177.0,32,,,,
4098,166.0,32,,,,
4099,87.0,32,,,,
4100,131.0,32,,,,
4101,486.0,32,,,,
4102,130.0,32,,,,
4103,226.0,32,,,,
4104,206.0,32,,,,
4105,61.0,32,,,,
4106,134.0,32,,,,
4107,105.0,32,,,,
4108,213.0,32,,,,
4109,199.0,32,,,,
4110,194.0,32,,,,
4111,133.0,32,,,,
4112,301.0,32,,,,
4113,487.0,32,,,,
4114,57.0,32,,,,
4115,189.0,32,,,,
4116,488.0,32,,,,
4117,375.0,32,,,,
4118,104.0,32,,,,
4119,192.0,32,,,,
4120,103.0,32,,,,
4121,86.0,32,,,,
4122,176.0,32,,,,
4123,489.0,32,,,,
4124,222.0,32,,,,
4125,145.0,32,,,,
4126,65.0,32,,,,
4127,160.0,32,,,,
4128,195.0,32,,,,
4129,438.0,32,,,,
4130,259.0,32,,,,
4131,91.0,32,,,,
4132,98.0,32,,,,
4133,183.0,32,,,,
4134,161.0,32,,,,
4135,214.0,32,,,,
4136,280.0,32,,,,
4137,90.0,32,,,,
4138,92.0,32,,,,
4139,262.0,32,,,,
4140,465.0,32,,,,
4141,490.0,32,,,,
4142,71.0,32,,,,
4143,163.0,32,,,,
4144,159.0,32,,,,
4145,82.0,32,,,,
4146,389.0,32,,,,
4147,223.0,32,,,,
4148,491.0,32,,,,
4149,105.0,62,,,,
4150,82.0,62,,,,
4151,61.0,62,,,,
4152,102.0,62,,,,
4153,159.0,62,,,,
4154,204.0,62,,,,
4155,62.0,62,,,,
4156,59.0,62,,,,
4157,163.0,62,,,,
4158,57.0,62,,,,
4159,87.0,62,,,,
4160,88.0,62,,,,
4161,172.0,62,,,,
4162,353.0,62,,,,
4163,187.0,62,,,,
4164,263.0,62,,,,
4165,160.0,62,,,,
4166,98.0,62,,,,
4167,89.0,62,,,,
4168,131.0,95,,,,
4169,163.0,95,,,,
4170,59.0,95,,,,
4171,492.0,95,,,,
4172,79.0,95,,,,
4173,98.0,95,,,,
4174,61.0,95,,,,
4175,105.0,95,,,,
4176,183.0,95,,,,
4177,64.0,95,,,,
4178,166.0,95,,,,
4179,57.0,95,,,,
4180,102.0,95,,,,
4181,286.0,95,,,,
4182,93.0,95,,,,
4183,60.0,130,,,,
4184,93.0,130,,,,
4185,59.0,130,,,,
4186,169.0,130,,,,
4187,70.0,130,,,,
4188,52.0,130,,,,
4189,98.0,130,,,,
4190,91.0,130,,,,
4191,61.0,130,,,,
4192,92.0,130,,,,
4193,159.0,228,,,,
4194,87.0,228,,,,
4195,163.0,228,,,,
4196,93.0,547,,,,
4197,493.0,547,,,,
4198,72.0,547,,,,
4199,73.0,547,,,,
4200,57.0,547,,,,
4201,59.0,547,,,,
4202,61.0,547,,,,
4203,172.0,547,,,,
4204,62.0,547,,,,
4205,102.0,55,,,,
4206,217.0,55,,,,
4207,504.0,55,,,,
4208,452.0,55,,,,
4209,82.0,55,,,,
4210,192.0,55,,,,
4211,61.0,55,,,,
4212,88.0,55,,,,
4213,71.0,55,,,,
4214,59.0,321,,,,
4215,183.0,321,,,,
4216,61.0,321,,,,
4217,102.0,321,,,,
4218,162.0,321,,,,
4219,192.0,321,,,,
4220,129.0,321,,,,
4221,57.0,321,,,,
4222,82.0,321,,,,
4223,170.0,321,,,,
4224,217.0,321,,,,
4225,57.0,301,,,,
4226,88.0,301,,,,
4227,163.0,301,,,,
4228,82.0,301,,,,
4229,183.0,301,,,,
4230,79.0,301,,,,
4231,160.0,301,,,,
4232,59.0,301,,,,
4233,74.0,301,,,,
4234,87.0,301,,,,
4235,192.0,301,,,,
4236,217.0,301,,,,
4237,57.0,153,,,,
4238,87.0,153,,,,
4239,183.0,153,,,,
4240,130.0,153,,,,
4241,161.0,153,,,,
4242,160.0,153,,,,
4243,102.0,153,,,,
4244,88.0,153,,,,
4245,163.0,153,,,,
4246,59.0,153,,,,
4247,175.0,153,,,,
4248,172.0,153,,,,
4249,495.0,153,,,,
4250,496.0,153,,,,
4251,82.0,153,,,,
4252,497.0,153,,,,
4253,163.0,397,,,,
4254,59.0,397,,,,
4255,159.0,397,,,,
4256,203.0,397,,,,
4257,93.0,397,,,,
4258,91.0,618,,,,
4259,160.0,618,,,,
4260,1.0,618,,,,
4261,131.0,618,,,,
4262,102.0,618,,,,
4263,64.0,618,,,,
4264,57.0,618,,,,
4265,59.0,618,,,,
4266,8.0,618,,,,
4267,7.0,618,,,,
4268,88.0,618,,,,
4269,192.0,618,,,,
4270,130.0,618,,,,
4271,93.0,618,,,,
4272,183.0,618,,,,
4273,61.0,618,,,,
4274,87.0,618,,,,
4275,82.0,618,,,,
4276,163.0,618,,,,
4277,159.0,618,,,,
4278,69.0,43,,,,
4279,210.0,43,,,,
4280,102.0,43,,,,
4281,93.0,43,,,,
4282,57.0,43,,,,
4283,59.0,43,,,,
4284,97.0,43,,,,
4285,91.0,43,,,,
4286,163.0,43,,,,
4287,83.0,43,,,,
4288,93.0,132,,,,
4289,91.0,132,,,,
4290,61.0,132,,,,
4291,267.0,132,,,,
4292,217.0,132,,,,
4293,176.0,132,,,,
4294,59.0,132,,,,
4295,60.0,132,,,,
4296,168.0,132,,,,
4297,183.0,132,,,,
4298,83.0,132,,,,
4299,540.0,132,,,,
4300,7.0,132,,,,
4301,208.0,132,,,,
4302,189.0,132,,,,
4303,226.0,132,,,,
4304,214.0,132,,,,
4305,170.0,132,,,,
4306,162.0,132,,,,
4307,188.0,132,,,,
4308,105.0,132,,,,
4309,64.0,132,,,,
4310,98.0,132,,,,
4311,87.0,132,,,,
4312,102.0,132,,,,
4313,57.0,132,,,,
4314,62.0,132,,,,
4315,92.0,132,,,,
4316,207.0,132,,,,
4317,193.0,132,,,,
4318,78.0,567,,,,
4319,207.0,567,,,,
4320,355.0,567,,,,
4321,160.0,567,,,,
4322,163.0,567,,,,
4323,226.0,567,,,,
4324,59.0,567,,,,
4325,169.0,567,,,,
4326,183.0,567,,,,
4327,82.0,567,,,,
4328,201.0,567,,,,
4329,159.0,567,,,,
4330,189.0,567,,,,
4331,74.0,256,,,,
4332,231.0,256,,,,
4333,222.0,256,,,,
4334,87.0,256,,,,
4335,52.0,256,,,,
4336,62.0,256,,,,
4337,82.0,256,,,,
4338,61.0,199,,,,
4339,126.0,199,,,,
4340,59.0,199,,,,
4341,57.0,199,,,,
4342,73.0,199,,,,
4343,105.0,199,,,,
4344,95.0,199,,,,
4345,104.0,199,,,,
4346,62.0,199,,,,
4347,89.0,450,,,,
4348,145.0,450,,,,
4349,72.0,450,,,,
4350,71.0,450,,,,
4351,104.0,450,,,,
4352,59.0,450,,,,
4353,210.0,450,,,,
4354,57.0,450,,,,
4355,498.0,450,,,,
4356,188.0,450,,,,
4357,91.0,450,,,,
4358,315.0,450,,,,
4359,499.0,450,,,,
4360,196.0,450,,,,
4361,500.0,450,,,,
4362,234.0,450,,,,
4363,483.0,450,,,,
4364,189.0,450,,,,
4365,64.0,450,,,,
4366,61.0,450,,,,
4367,102.0,450,,,,
4368,160.0,450,,,,
4369,130.0,450,,,,
4370,87.0,450,,,,
4371,438.0,450,,,,
4372,163.0,450,,,,
4373,82.0,450,,,,
4374,254.0,450,,,,
4375,65.0,450,,,,
4376,98.0,450,,,,
4377,226.0,450,,,,
4378,204.0,450,,,,
4379,192.0,450,,,,
4380,501.0,450,,,,
4381,90.0,450,,,,
4382,183.0,450,,,,
4383,280.0,450,,,,
4384,214.0,450,,,,
4385,176.0,450,,,,
4386,74.0,404,,,,
4387,52.0,404,,,,
4388,15.0,404,,,,
4389,7.0,404,,,,
4390,102.0,404,,,,
4391,222.0,404,,,,
4392,91.0,404,,,,
4393,183.0,404,,,,
4394,64.0,404,,,,
4395,59.0,212,,,,
4396,163.0,212,,,,
4397,87.0,212,,,,
4398,83.0,174,,,,
4399,102.0,174,,,,
4400,87.0,174,,,,
4401,159.0,174,,,,
4402,166.0,174,,,,
4403,61.0,174,,,,
4404,71.0,174,,,,
4405,64.0,174,,,,
4406,98.0,174,,,,
4407,105.0,174,,,,
4408,93.0,174,,,,
4409,91.0,174,,,,
4410,163.0,174,,,,
4411,57.0,174,,,,
4412,59.0,174,,,,
4413,82.0,363,,,,
4414,223.0,363,,,,
4415,131.0,363,,,,
4416,483.0,363,,,,
4417,319.0,363,,,,
4418,59.0,558,,,,
4419,115.0,558,,,,
4420,127.0,558,,,,
4421,61.0,558,,,,
4422,65.0,558,,,,
4423,73.0,558,,,,
4424,230.0,558,,,,
4425,57.0,558,,,,
4426,98.0,558,,,,
4427,105.0,558,,,,
4428,93.0,558,,,,
4429,91.0,558,,,,
4430,62.0,558,,,,
4431,64.0,558,,,,
4432,83.0,558,,,,
4433,102.0,558,,,,
4434,183.0,431,,,,
4435,82.0,431,,,,
4436,62.0,431,,,,
4437,61.0,431,,,,
4438,57.0,431,,,,
4439,59.0,431,,,,
4440,282.0,431,,,,
4441,291.0,431,,,,
4442,192.0,431,,,,
4443,129.0,431,,,,
4444,88.0,431,,,,
4445,86.0,431,,,,
4446,64.0,431,,,,
4447,83.0,431,,,,
4448,64.0,568,,,,
4449,163.0,568,,,,
4450,74.0,568,,,,
4451,102.0,568,,,,
4452,59.0,568,,,,
4453,159.0,568,,,,
4454,91.0,568,,,,
4455,88.0,568,,,,
4456,57.0,568,,,,
4457,93.0,569,,,,
4458,57.0,569,,,,
4459,91.0,569,,,,
4460,174.0,569,,,,
4461,64.0,569,,,,
4462,98.0,569,,,,
4463,176.0,569,,,,
4464,62.0,569,,,,
4465,165.0,569,,,,
4466,170.0,569,,,,
4467,102.0,569,,,,
4468,105.0,569,,,,
4469,162.0,569,,,,
4470,65.0,569,,,,
4471,59.0,569,,,,
4472,83.0,569,,,,
4473,502.0,569,,,,
4474,503.0,569,,,,
4475,458.0,569,,,,
4476,389.0,569,,,,
4477,59.0,185,,,,
4478,61.0,185,,,,
4479,163.0,185,,,,
4480,88.0,185,,,,
4481,59.0,309,,,,
4482,163.0,309,,,,
4483,88.0,309,,,,
4484,159.0,309,,,,
4485,88.0,5,,,,
4486,57.0,5,,,,
4487,74.0,5,,,,
4488,231.0,5,,,,
4489,172.0,5,,,,
4490,210.0,5,,,,
4491,62.0,5,,,,
4492,61.0,5,,,,
4493,59.0,5,,,,
4494,262.0,5,,,,
4495,504.0,631,,,,
4496,62.0,631,,,,
4497,131.0,631,,,,
4498,59.0,631,,,,
4499,57.0,631,,,,
4500,82.0,631,,,,
4501,61.0,631,,,,
4502,385.0,145,,,,
4503,163.0,145,,,,
4504,57.0,329,,,,
4505,59.0,329,,,,
4506,166.0,329,,,,
4507,192.0,329,,,,
4508,87.0,329,,,,
4509,88.0,329,,,,
4510,172.0,329,,,,
4511,164.0,329,,,,
4512,102.0,329,,,,
4513,106.0,329,,,,
4514,87.0,3,,,,
4515,254.0,3,,,,
4516,102.0,3,,,,
4517,61.0,3,,,,
4518,102.0,100,,,,
4519,163.0,100,,,,
4520,59.0,100,,,,
4521,84.0,100,,,,
4522,11.0,100,,,,
4523,105.0,100,,,,
4524,57.0,100,,,,
4525,1.0,100,,,,
4526,22.0,100,,,,
4527,38.0,100,,,,
4528,26.0,100,,,,
4529,83.0,100,,,,
4530,165.0,100,,,,
4531,87.0,362,,,,
4532,93.0,362,,,,
4533,170.0,362,,,,
4534,182.0,362,,,,
4535,64.0,362,,,,
4536,83.0,362,,,,
4537,98.0,362,,,,
4538,52.0,362,,,,
4539,61.0,362,,,,
4540,121.0,362,,,,
4541,88.0,435,,,,
4542,62.0,435,,,,
4543,64.0,435,,,,
4544,87.0,435,,,,
4545,1.0,435,,,,
4546,192.0,435,,,,
4547,79.0,435,,,,
4548,160.0,435,,,,
4549,59.0,435,,,,
4550,57.0,435,,,,
4551,130.0,435,,,,
4552,82.0,435,,,,
4553,280.0,435,,,,
4554,189.0,435,,,,
4555,163.0,435,,,,
4556,61.0,435,,,,
4557,12.0,435,,,,
4558,260.0,435,,,,
4559,183.0,435,,,,
4560,170.0,435,,,,
4561,166.0,387,,,,
4562,102.0,387,,,,
4563,9.0,387,,,,
4564,87.0,387,,,,
4565,130.0,387,,,,
4566,160.0,387,,,,
4567,131.0,387,,,,
4568,222.0,387,,,,
4569,57.0,387,,,,
4570,1.0,387,,,,
4571,163.0,387,,,,
4572,204.0,387,,,,
4573,64.0,387,,,,
4574,201.0,387,,,,
4575,59.0,387,,,,
4576,131.0,293,,,,
4577,183.0,293,,,,
4578,82.0,293,,,,
4579,226.0,293,,,,
4580,375.0,293,,,,
4581,93.0,293,,,,
4582,192.0,293,,,,
4583,61.0,293,,,,
4584,204.0,293,,,,
4585,166.0,293,,,,
4586,64.0,293,,,,
4587,57.0,293,,,,
4588,163.0,293,,,,
4589,505.0,293,,,,
4590,36.0,293,,,,
4591,358.0,293,,,,
4592,59.0,293,,,,
4593,431.0,293,,,,
4594,136.0,293,,,,
4595,282.0,293,,,,
4596,62.0,552,,,,
4597,368.0,552,,,,
4598,181.0,552,,,,
4599,313.0,552,,,,
4600,170.0,552,,,,
4601,177.0,552,,,,
4602,131.0,552,,,,
4603,192.0,552,,,,
4604,57.0,552,,,,
4605,163.0,552,,,,
4606,265.0,552,,,,
4607,83.0,552,,,,
4608,176.0,552,,,,
4609,61.0,500,,,,
4610,131.0,500,,,,
4611,82.0,500,,,,
4612,1.0,500,,,,
4613,88.0,500,,,,
4614,93.0,500,,,,
4615,203.0,500,,,,
4616,84.0,500,,,,
4617,180.0,500,,,,
4618,162.0,500,,,,
4619,183.0,500,,,,
4620,57.0,500,,,,
4621,8.0,500,,,,
4622,59.0,500,,,,
4623,83.0,500,,,,
4624,98.0,500,,,,
4625,506.0,500,,,,
4626,82.0,352,,,,
4627,88.0,352,,,,
4628,294.0,352,,,,
4629,163.0,352,,,,
4630,91.0,352,,,,
4631,61.0,352,,,,
4632,69.0,352,,,,
4633,84.0,352,,,,
4634,49.0,352,,,,
4635,204.0,352,,,,
4636,131.0,352,,,,
4637,93.0,352,,,,
4638,260.0,352,,,,
4639,102.0,352,,,,
4640,105.0,352,,,,
4641,210.0,352,,,,
4642,181.0,352,,,,
4643,92.0,352,,,,
4644,98.0,352,,,,
4645,286.0,352,,,,
4646,232.0,352,,,,
4647,1.0,352,,,,
4648,23.0,352,,,,
4649,32.0,352,,,,
4650,57.0,352,,,,
4651,59.0,352,,,,
4652,183.0,352,,,,
4653,382.0,352,,,,
4654,10.0,352,,,,
4655,366.0,352,,,,
4656,64.0,352,,,,
4657,167.0,352,,,,
4658,262.0,352,,,,
4659,130.0,352,,,,
4660,294.0,378,,,,
4661,64.0,378,,,,
4662,91.0,378,,,,
4663,1.0,378,,,,
4664,163.0,378,,,,
4665,61.0,378,,,,
4666,57.0,378,,,,
4667,59.0,378,,,,
4668,87.0,378,,,,
4669,88.0,378,,,,
4670,130.0,378,,,,
4671,7.0,378,,,,
4672,183.0,378,,,,
4673,98.0,378,,,,
4674,160.0,378,,,,
4675,102.0,378,,,,
4676,166.0,378,,,,
4677,83.0,378,,,,
4678,133.0,378,,,,
4679,204.0,378,,,,
4680,74.0,378,,,,
4681,232.0,378,,,,
4682,82.0,378,,,,
4683,165.0,378,,,,
4684,204.0,417,,,,
4685,78.0,417,,,,
4686,429.0,417,,,,
4687,166.0,417,,,,
4688,87.0,417,,,,
4689,97.0,417,,,,
4690,256.0,417,,,,
4691,59.0,417,,,,
4692,82.0,417,,,,
4693,163.0,417,,,,
4694,105.0,417,,,,
4695,1.0,417,,,,
4696,158.0,417,,,,
4697,262.0,417,,,,
4698,106.0,417,,,,
4699,130.0,373,,,,
4700,131.0,373,,,,
4701,223.0,373,,,,
4702,490.0,373,,,,
4703,87.0,373,,,,
4704,634.0,373,,,,
4705,88.0,373,,,,
4706,64.0,373,,,,
4707,162.0,373,,,,
4708,82.0,373,,,,
4709,131.0,471,,,,
4710,57.0,471,,,,
4711,185.0,471,,,,
4712,483.0,471,,,,
4713,163.0,471,,,,
4714,168.0,471,,,,
4715,189.0,471,,,,
4716,1.0,471,,,,
4717,130.0,471,,,,
4718,160.0,471,,,,
4719,59.0,471,,,,
4720,198.0,471,,,,
4721,158.0,471,,,,
4722,183.0,471,,,,
4723,286.0,471,,,,
4724,183.0,110,,,,
4725,430.0,110,,,,
4726,1.0,110,,,,
4727,98.0,110,,,,
4728,217.0,110,,,,
4729,64.0,110,,,,
4730,166.0,110,,,,
4731,83.0,110,,,,
4732,7.0,110,,,,
4733,82.0,110,,,,
4734,11.0,110,,,,
4735,172.0,110,,,,
4736,645.0,71,,,,
4737,59.0,71,,,,
4738,132.0,71,,,,
4739,1.0,71,,,,
4740,83.0,71,,,,
4741,163.0,71,,,,
4742,431.0,71,,,,
4743,403.0,71,,,,
4744,131.0,71,,,,
4745,222.0,71,,,,
4746,93.0,71,,,,
4747,57.0,71,,,,
4748,204.0,71,,,,
4749,64.0,71,,,,
4750,61.0,71,,,,
4751,57.0,139,,,,
4752,98.0,139,,,,
4753,260.0,139,,,,
4754,160.0,139,,,,
4755,102.0,139,,,,
4756,183.0,139,,,,
4757,130.0,139,,,,
4758,89.0,139,,,,
4759,166.0,139,,,,
4760,105.0,139,,,,
4761,82.0,139,,,,
4762,507.0,139,,,,
4763,508.0,139,,,,
4764,59.0,139,,,,
4765,87.0,139,,,,
4766,280.0,139,,,,
4767,214.0,139,,,,
4768,438.0,139,,,,
4769,18.0,139,,,,
4770,176.0,139,,,,
4771,204.0,139,,,,
4772,483.0,139,,,,
4773,211.0,139,,,,
4774,131.0,139,,,,
4775,64.0,139,,,,
4776,159.0,139,,,,
4777,2.0,139,,,,
4778,177.0,139,,,,
4779,15.0,139,,,,
4780,12.0,139,,,,
4781,88.0,139,,,,
4782,7.0,107,,,,
4783,280.0,107,,,,
4784,183.0,107,,,,
4785,64.0,107,,,,
4786,91.0,107,,,,
4787,82.0,107,,,,
4788,57.0,107,,,,
4789,1.0,107,,,,
4790,59.0,107,,,,
4791,176.0,107,,,,
4792,2.0,107,,,,
4793,218.0,107,,,,
4794,234.0,107,,,,
4795,509.0,107,,,,
4796,129.0,107,,,,
4797,162.0,107,,,,
4798,502.0,107,,,,
4799,208.0,107,,,,
4800,23.0,107,,,,
4801,93.0,107,,,,
4802,98.0,107,,,,
4803,52.0,107,,,,
4804,83.0,107,,,,
4805,217.0,107,,,,
4806,89.0,107,,,,
4807,166.0,107,,,,
4808,189.0,107,,,,
4809,160.0,107,,,,
4810,131.0,107,,,,
4811,87.0,107,,,,
4812,88.0,107,,,,
4813,192.0,107,,,,
4814,102.0,107,,,,
4815,57.0,440,,,,
4816,189.0,440,,,,
4817,82.0,440,,,,
4818,84.0,440,,,,
4819,159.0,440,,,,
4820,168.0,440,,,,
4821,61.0,440,,,,
4822,166.0,440,,,,
4823,163.0,440,,,,
4824,106.0,440,,,,
4825,131.0,440,,,,
4826,145.0,440,,,,
4827,102.0,440,,,,
4828,64.0,440,,,,
4829,12.0,440,,,,
4830,10.0,245,,,,
4831,161.0,245,,,,
4832,183.0,245,,,,
4833,280.0,245,,,,
4834,130.0,245,,,,
4835,131.0,245,,,,
4836,12.0,245,,,,
4837,206.0,245,,,,
4838,82.0,245,,,,
4839,166.0,245,,,,
4840,159.0,245,,,,
4841,163.0,245,,,,
4842,108.0,245,,,,
4843,102.0,245,,,,
4844,214.0,245,,,,
4845,219.0,245,,,,
4846,2.0,245,,,,
4847,90.0,245,,,,
4848,63.0,245,,,,
4849,86.0,245,,,,
4850,106.0,245,,,,
4851,102.0,376,,,,
4852,57.0,376,,,,
4853,183.0,376,,,,
4854,74.0,376,,,,
4855,214.0,376,,,,
4856,65.0,376,,,,
4857,91.0,376,,,,
4858,161.0,376,,,,
4859,79.0,376,,,,
4860,222.0,376,,,,
4861,82.0,376,,,,
4862,8.0,376,,,,
4863,162.0,376,,,,
4864,502.0,376,,,,
4865,458.0,376,,,,
4866,1.0,376,,,,
4867,160.0,376,,,,
4868,319.0,376,,,,
4869,12.0,376,,,,
4870,59.0,376,,,,
4871,102.0,297,,,,
4872,89.0,297,,,,
4873,79.0,297,,,,
4874,538.0,297,,,,
4875,97.0,297,,,,
4876,88.0,297,,,,
4877,159.0,297,,,,
4878,9.0,297,,,,
4879,131.0,297,,,,
4880,262.0,297,,,,
4881,64.0,297,,,,
4882,10.0,297,,,,
4883,1.0,297,,,,
4884,222.0,297,,,,
4885,319.0,297,,,,
4886,210.0,248,,,,
4887,254.0,248,,,,
4888,12.0,248,,,,
4889,88.0,248,,,,
4890,161.0,248,,,,
4891,102.0,248,,,,
4892,82.0,248,,,,
4893,59.0,248,,,,
4894,105.0,248,,,,
4895,15.0,248,,,,
4896,92.0,248,,,,
4897,177.0,248,,,,
4898,183.0,248,,,,
4899,98.0,248,,,,
4900,256.0,248,,,,
4901,87.0,248,,,,
4902,89.0,248,,,,
4903,160.0,248,,,,
4904,1.0,248,,,,
4905,510.0,248,,,,
4906,52.0,248,,,,
4907,162.0,248,,,,
4908,57.0,248,,,,
4909,93.0,248,,,,
4910,149.0,248,,,,
4911,8.0,176,,,,
4912,163.0,176,,,,
4913,102.0,176,,,,
4914,12.0,176,,,,
4915,87.0,176,,,,
4916,429.0,176,,,,
4917,89.0,176,,,,
4918,82.0,176,,,,
4919,511.0,176,,,,
4920,159.0,176,,,,
4921,15.0,176,,,,
4922,1.0,176,,,,
4923,189.0,176,,,,
4924,129.0,176,,,,
4925,282.0,176,,,,
4926,87.0,408,,,,
4927,163.0,408,,,,
4928,66.0,408,,,,
4929,177.0,408,,,,
4930,429.0,408,,,,
4931,88.0,408,,,,
4932,57.0,408,,,,
4933,11.0,408,,,,
4934,160.0,408,,,,
4935,176.0,408,,,,
4936,82.0,408,,,,
4937,192.0,408,,,,
4938,1.0,408,,,,
4939,183.0,408,,,,
4940,98.0,408,,,,
4941,102.0,408,,,,
4942,59.0,408,,,,
4943,512.0,408,,,,
4944,65.0,154,,,,
4945,61.0,154,,,,
4946,1.0,154,,,,
4947,183.0,154,,,,
4948,204.0,154,,,,
4949,10.0,154,,,,
4950,166.0,154,,,,
4951,280.0,154,,,,
4952,82.0,154,,,,
4953,59.0,154,,,,
4954,163.0,154,,,,
4955,57.0,154,,,,
4956,64.0,154,,,,
4957,176.0,154,,,,
4958,91.0,154,,,,
4959,98.0,154,,,,
4960,160.0,333,,,,
4961,226.0,333,,,,
4962,1.0,333,,,,
4963,513.0,333,,,,
4964,91.0,333,,,,
4965,204.0,333,,,,
4966,177.0,333,,,,
4967,163.0,333,,,,
4968,514.0,333,,,,
4969,83.0,333,,,,
4970,31.0,333,,,,
4971,59.0,333,,,,
4972,61.0,333,,,,
4973,130.0,337,,,,
4974,59.0,337,,,,
4975,82.0,337,,,,
4976,183.0,337,,,,
4977,64.0,546,,,,
4978,260.0,546,,,,
4979,98.0,546,,,,
4980,206.0,546,,,,
4981,1.0,546,,,,
4982,11.0,546,,,,
4983,214.0,546,,,,
4984,183.0,546,,,,
4985,438.0,546,,,,
4986,65.0,546,,,,
4987,83.0,546,,,,
4988,59.0,546,,,,
4989,160.0,546,,,,
4990,82.0,546,,,,
4991,2.0,546,,,,
4992,161.0,546,,,,
4993,204.0,546,,,,
4994,264.0,546,,,,
4995,515.0,546,,,,
4996,131.0,546,,,,
4997,91.0,546,,,,
4998,222.0,546,,,,
4999,79.0,546,,,,
5000,57.0,546,,,,
5001,130.0,546,,,,
5002,61.0,468,,,,
5003,98.0,468,,,,
5004,206.0,468,,,,
5005,161.0,468,,,,
5006,1.0,468,,,,
5007,160.0,468,,,,
5008,516.0,468,,,,
5009,92.0,468,,,,
5010,65.0,468,,,,
5011,57.0,468,,,,
5012,59.0,468,,,,
5013,102.0,468,,,,
5014,82.0,468,,,,
5015,87.0,468,,,,
5016,280.0,468,,,,
5017,172.0,468,,,,
5018,204.0,468,,,,
5019,183.0,468,,,,
5020,131.0,468,,,,
5021,130.0,468,,,,
5022,163.0,468,,,,
5023,88.0,468,,,,
5024,83.0,468,,,,
5025,192.0,396,,,,
5026,517.0,396,,,,
5027,102.0,396,,,,
5028,79.0,396,,,,
5029,214.0,396,,,,
5030,82.0,396,,,,
5031,183.0,396,,,,
5032,149.0,396,,,,
5033,83.0,396,,,,
5034,130.0,396,,,,
5035,59.0,396,,,,
5036,87.0,396,,,,
5037,131.0,396,,,,
5038,162.0,396,,,,
5039,163.0,72,,,,
5040,478.0,72,,,,
5041,132.0,72,,,,
5042,59.0,72,,,,
5043,82.0,72,,,,
5044,11.0,72,,,,
5045,405.0,72,,,,
5046,518.0,72,,,,
5047,224.0,72,,,,
5048,71.0,72,,,,
5049,259.0,72,,,,
5050,91.0,72,,,,
5051,104.0,72,,,,
5052,72.0,72,,,,
5053,519.0,72,,,,
5054,176.0,72,,,,
5055,57.0,72,,,,
5056,64.0,72,,,,
5057,93.0,72,,,,
5058,98.0,260,,,,
5059,95.0,260,,,,
5060,129.0,260,,,,
5061,183.0,260,,,,
5062,172.0,260,,,,
5063,91.0,260,,,,
5064,57.0,260,,,,
5065,82.0,260,,,,
5066,52.0,260,,,,
5067,59.0,260,,,,
5068,226.0,260,,,,
5069,10.0,590,,,,
5070,204.0,590,,,,
5071,1.0,590,,,,
5072,2.0,590,,,,
5073,131.0,590,,,,
5074,98.0,590,,,,
5075,59.0,590,,,,
5076,82.0,590,,,,
5077,57.0,590,,,,
5078,224.0,590,,,,
5079,64.0,590,,,,
5080,162.0,590,,,,
5081,61.0,590,,,,
5082,88.0,590,,,,
5083,91.0,590,,,,
5084,159.0,590,,,,
5085,262.0,590,,,,
5086,86.0,590,,,,
5087,83.0,590,,,,
5088,93.0,590,,,,
5089,52.0,590,,,,
5090,166.0,173,,,,
5091,170.0,173,,,,
5092,88.0,173,,,,
5093,192.0,173,,,,
5094,87.0,173,,,,
5095,201.0,173,,,,
5096,108.0,173,,,,
5097,156.0,173,,,,
5098,89.0,87,,,,
5099,520.0,87,,,,
5100,163.0,87,,,,
5101,102.0,87,,,,
5102,189.0,87,,,,
5103,166.0,87,,,,
5104,183.0,87,,,,
5105,82.0,87,,,,
5106,93.0,87,,,,
5107,159.0,87,,,,
5108,201.0,87,,,,
5109,61.0,87,,,,
5110,88.0,87,,,,
5111,59.0,87,,,,
5112,172.0,534,,,,
5113,57.0,534,,,,
5114,130.0,534,,,,
5115,294.0,534,,,,
5116,375.0,534,,,,
5117,102.0,534,,,,
5118,61.0,534,,,,
5119,163.0,534,,,,
5120,167.0,534,,,,
5121,389.0,534,,,,
5122,204.0,534,,,,
5123,183.0,534,,,,
5124,521.0,534,,,,
5125,522.0,534,,,,
5126,87.0,534,,,,
5127,208.0,534,,,,
5128,438.0,534,,,,
5129,262.0,534,,,,
5130,160.0,534,,,,
5131,72.0,534,,,,
5132,102.0,28,,,,
5133,57.0,28,,,,
5134,91.0,28,,,,
5135,2.0,28,,,,
5136,82.0,28,,,,
5137,181.0,28,,,,
5138,523.0,28,,,,
5139,89.0,28,,,,
5140,130.0,28,,,,
5141,183.0,28,,,,
5142,524.0,28,,,,
5143,59.0,28,,,,
5144,88.0,28,,,,
5145,87.0,28,,,,
5146,163.0,28,,,,
5147,98.0,28,,,,
5148,28.0,28,,,,
5149,15.0,28,,,,
5150,168.0,28,,,,
5151,1.0,28,,,,
5152,162.0,124,,,,
5153,131.0,124,,,,
5154,91.0,124,,,,
5155,88.0,124,,,,
5156,59.0,124,,,,
5157,342.0,124,,,,
5158,217.0,124,,,,
5159,86.0,124,,,,
5160,57.0,124,,,,
5161,183.0,124,,,,
5162,31.0,124,,,,
5163,176.0,124,,,,
5164,8.0,124,,,,
5165,98.0,124,,,,
5166,218.0,124,,,,
5167,102.0,124,,,,
5168,329.0,124,,,,
5169,280.0,124,,,,
5170,222.0,124,,,,
5171,167.0,124,,,,
5172,82.0,124,,,,
5173,11.0,124,,,,
5174,87.0,124,,,,
5175,62.0,124,,,,
5176,1.0,124,,,,
5177,64.0,124,,,,
5178,204.0,39,,,,
5179,57.0,39,,,,
5180,59.0,39,,,,
5181,83.0,39,,,,
5182,229.0,39,,,,
5183,98.0,39,,,,
5184,105.0,39,,,,
5185,525.0,39,,,,
5186,15.0,39,,,,
5187,102.0,39,,,,
5188,128.0,39,,,,
5189,91.0,39,,,,
5190,11.0,39,,,,
5191,130.0,39,,,,
5192,183.0,39,,,,
5193,163.0,39,,,,
5194,160.0,39,,,,
5195,82.0,39,,,,
5196,131.0,39,,,,
5197,1.0,39,,,,
5198,16.0,322,,,,
5199,92.0,322,,,,
5200,83.0,322,,,,
5201,93.0,322,,,,
5202,565.0,322,,,,
5203,176.0,322,,,,
5204,160.0,322,,,,
5205,183.0,322,,,,
5206,342.0,322,,,,
5207,57.0,322,,,,
5208,232.0,322,,,,
5209,163.0,322,,,,
5210,18.0,322,,,,
5211,91.0,322,,,,
5212,131.0,322,,,,
5213,102.0,322,,,,
5214,105.0,322,,,,
5215,204.0,322,,,,
5216,98.0,322,,,,
5217,206.0,322,,,,
5218,1.0,322,,,,
5219,59.0,322,,,,
5220,368.0,322,,,,
5221,82.0,322,,,,
5222,64.0,322,,,,
5223,280.0,322,,,,
5224,130.0,322,,,,
5225,57.0,323,,,,
5226,181.0,323,,,,
5227,130.0,323,,,,
5228,91.0,323,,,,
5229,98.0,323,,,,
5230,102.0,323,,,,
5231,93.0,323,,,,
5232,65.0,323,,,,
5233,59.0,323,,,,
5234,1.0,323,,,,
5235,265.0,323,,,,
5236,131.0,323,,,,
5237,61.0,323,,,,
5238,204.0,323,,,,
5239,82.0,323,,,,
5240,183.0,323,,,,
5241,64.0,323,,,,
5242,166.0,323,,,,
5243,11.0,323,,,,
5244,163.0,323,,,,
5245,2.0,323,,,,
5246,214.0,573,,,,
5247,82.0,573,,,,
5248,160.0,573,,,,
5249,79.0,573,,,,
5250,1.0,573,,,,
5251,222.0,573,,,,
5252,280.0,573,,,,
5253,8.0,573,,,,
5254,226.0,573,,,,
5255,10.0,573,,,,
5256,183.0,573,,,,
5257,192.0,573,,,,
5258,217.0,573,,,,
5259,170.0,573,,,,
5260,88.0,573,,,,
5261,162.0,573,,,,
5262,262.0,354,,,,
5263,222.0,354,,,,
5264,91.0,354,,,,
5265,97.0,354,,,,
5266,98.0,354,,,,
5267,131.0,354,,,,
5268,106.0,354,,,,
5269,204.0,354,,,,
5270,526.0,354,,,,
5271,82.0,156,,,,
5272,264.0,156,,,,
5273,65.0,156,,,,
5274,96.0,156,,,,
5275,64.0,156,,,,
5276,527.0,156,,,,
5277,528.0,156,,,,
5278,98.0,156,,,,
5279,91.0,156,,,,
5280,3.0,156,,,,
5281,2.0,156,,,,
5282,12.0,156,,,,
5283,57.0,156,,,,
5284,234.0,156,,,,
5285,162.0,156,,,,
5286,59.0,156,,,,
5287,166.0,156,,,,
5288,102.0,156,,,,
5289,87.0,156,,,,
5290,88.0,156,,,,
5291,209.0,156,,,,
5292,1.0,156,,,,
5293,89.0,583,,,,
5294,226.0,583,,,,
5295,529.0,583,,,,
5296,260.0,583,,,,
5297,192.0,583,,,,
5298,206.0,583,,,,
5299,87.0,583,,,,
5300,131.0,583,,,,
5301,188.0,583,,,,
5302,130.0,583,,,,
5303,86.0,583,,,,
5304,214.0,583,,,,
5305,204.0,583,,,,
5306,429.0,583,,,,
5307,389.0,583,,,,
5308,94.0,583,,,,
5309,98.0,583,,,,
5310,64.0,583,,,,
5311,82.0,583,,,,
5312,83.0,583,,,,
5313,163.0,583,,,,
5314,293.0,583,,,,
5315,160.0,583,,,,
5316,79.0,583,,,,
5317,280.0,583,,,,
5318,222.0,583,,,,
5319,185.0,583,,,,
5320,177.0,583,,,,
5321,201.0,583,,,,
5322,183.0,583,,,,
5323,166.0,583,,,,
5324,104.0,583,,,,
5325,102.0,583,,,,
5326,159.0,583,,,,
5327,187.0,583,,,,
5328,172.0,583,,,,
5329,161.0,583,,,,
5330,145.0,583,,,,
5331,93.0,583,,,,
5332,71.0,583,,,,
5333,207.0,583,,,,
5334,97.0,583,,,,
5335,72.0,583,,,,
5336,95.0,583,,,,
5337,57.0,583,,,,
5338,61.0,583,,,,
5339,59.0,583,,,,
5340,169.0,583,,,,
5341,92.0,583,,,,
5342,106.0,583,,,,
5343,78.0,583,,,,
5344,530.0,583,,,,
5345,176.0,583,,,,
5346,308.0,583,,,,
5347,62.0,583,,,,
5348,59.0,24,,,,
5349,88.0,98,,,,
5350,62.0,98,,,,
5351,82.0,98,,,,
5352,183.0,98,,,,
5353,83.0,98,,,,
5354,93.0,98,,,,
5355,91.0,98,,,,
5356,131.0,98,,,,
5357,163.0,98,,,,
5358,130.0,98,,,,
5359,222.0,98,,,,
5360,59.0,98,,,,
5361,98.0,98,,,,
5362,61.0,98,,,,
5363,57.0,98,,,,
5364,61.0,4,,,,
5365,82.0,4,,,,
5366,226.0,4,,,,
5367,98.0,4,,,,
5368,214.0,4,,,,
5369,159.0,4,,,,
5370,90.0,4,,,,
5371,131.0,4,,,,
5372,183.0,4,,,,
5373,62.0,4,,,,
5374,57.0,4,,,,
5375,163.0,4,,,,
5376,204.0,4,,,,
5377,176.0,4,,,,
5378,88.0,4,,,,
5379,130.0,4,,,,
5380,91.0,4,,,,
5381,105.0,4,,,,
5382,192.0,4,,,,
5383,59.0,4,,,,
5384,531.0,4,,,,
5385,532.0,4,,,,
5386,102.0,4,,,,
5387,172.0,4,,,,
5388,192.0,175,,,,
5389,159.0,175,,,,
5390,57.0,175,,,,
5391,166.0,175,,,,
5392,88.0,175,,,,
5393,102.0,175,,,,
5394,87.0,175,,,,
5395,98.0,126,,,,
5396,82.0,126,,,,
5397,106.0,126,,,,
5398,181.0,126,,,,
5399,88.0,126,,,,
5400,102.0,126,,,,
5401,105.0,126,,,,
5402,92.0,126,,,,
5403,87.0,126,,,,
5404,177.0,126,,,,
5405,164.0,126,,,,
5406,91.0,126,,,,
5407,130.0,126,,,,
5408,64.0,126,,,,
5409,187.0,126,,,,
5410,313.0,126,,,,
5411,93.0,126,,,,
5412,12.0,126,,,,
5413,400.0,126,,,,
5414,44.0,126,,,,
5415,1.0,126,,,,
5416,172.0,126,,,,
5417,2.0,126,,,,
5418,61.0,126,,,,
5419,59.0,126,,,,
5420,163.0,126,,,,
5421,176.0,126,,,,
5422,57.0,126,,,,
5423,62.0,126,,,,
5424,533.0,126,,,,
5425,207.0,126,,,,
5426,79.0,281,,,,
5427,204.0,281,,,,
5428,222.0,281,,,,
5429,214.0,281,,,,
5430,131.0,281,,,,
5431,57.0,281,,,,
5432,183.0,281,,,,
5433,163.0,281,,,,
5434,87.0,281,,,,
5435,130.0,281,,,,
5436,59.0,281,,,,
5437,82.0,281,,,,
5438,93.0,121,,,,
5439,131.0,121,,,,
5440,222.0,121,,,,
5441,91.0,121,,,,
5442,92.0,121,,,,
5443,145.0,121,,,,
5444,61.0,121,,,,
5445,59.0,121,,,,
5446,176.0,121,,,,
5447,62.0,121,,,,
5448,12.0,121,,,,
5449,10.0,121,,,,
5450,1.0,121,,,,
5451,23.0,121,,,,
5452,131.0,411,,,,
5453,57.0,411,,,,
5454,163.0,411,,,,
5455,61.0,411,,,,
5456,214.0,411,,,,
5457,1.0,411,,,,
5458,534.0,411,,,,
5459,62.0,411,,,,
5460,7.0,411,,,,
5461,10.0,406,,,,
5462,163.0,406,,,,
5463,504.0,406,,,,
5464,57.0,406,,,,
5465,189.0,406,,,,
5466,15.0,406,,,,
5467,632.0,406,,,,
5468,7.0,406,,,,
5469,93.0,406,,,,
5470,1.0,406,,,,
5471,61.0,406,,,,
5472,62.0,406,,,,
5473,83.0,406,,,,
5474,45.0,406,,,,
5475,131.0,419,,,,
5476,59.0,419,,,,
5477,82.0,419,,,,
5478,201.0,419,,,,
5479,97.0,419,,,,
5480,183.0,419,,,,
5481,102.0,371,,,,
5482,364.0,371,,,,
5483,57.0,371,,,,
5484,87.0,371,,,,
5485,183.0,371,,,,
5486,82.0,371,,,,
5487,61.0,371,,,,
5488,131.0,371,,,,
5489,504.0,310,,,,
5490,133.0,310,,,,
5491,105.0,310,,,,
5492,93.0,310,,,,
5493,115.0,310,,,,
5494,64.0,310,,,,
5495,57.0,310,,,,
5496,61.0,310,,,,
5497,234.0,310,,,,
5498,61.0,237,,,,
5499,82.0,237,,,,
5500,95.0,237,,,,
5501,62.0,237,,,,
5502,164.0,237,,,,
5503,98.0,237,,,,
5504,131.0,237,,,,
5505,183.0,237,,,,
5506,78.0,237,,,,
5507,260.0,188,,,,
5508,97.0,188,,,,
5509,62.0,188,,,,
5510,526.0,188,,,,
5511,131.0,188,,,,
5512,483.0,188,,,,
5513,93.0,386,,,,
5514,57.0,386,,,,
5515,92.0,386,,,,
5516,61.0,386,,,,
5517,97.0,386,,,,
5518,82.0,386,,,,
5519,62.0,386,,,,
5520,131.0,386,,,,
5521,59.0,386,,,,
5522,73.0,386,,,,
5523,183.0,414,,,,
5524,82.0,414,,,,
5525,291.0,414,,,,
5526,91.0,414,,,,
5527,61.0,414,,,,
5528,95.0,414,,,,
5529,126.0,414,,,,
5530,1.0,414,,,,
5531,8.0,414,,,,
5532,10.0,414,,,,
5533,535.0,414,,,,
5534,46.0,414,,,,
5535,131.0,279,,,,
5536,59.0,279,,,,
5537,57.0,279,,,,
5538,62.0,279,,,,
5539,82.0,279,,,,
5540,204.0,279,,,,
5541,59.0,254,,,,
5542,91.0,254,,,,
5543,65.0,254,,,,
5544,7.0,254,,,,
5545,1.0,254,,,,
5546,19.0,254,,,,
5547,87.0,574,,,,
5548,57.0,574,,,,
5549,86.0,574,,,,
5550,131.0,574,,,,
5551,82.0,574,,,,
5552,59.0,574,,,,
5553,129.0,574,,,,
5554,98.0,574,,,,
5555,142.0,574,,,,
5556,79.0,265,,,,
5557,537.0,265,,,,
5558,69.0,265,,,,
5559,538.0,265,,,,
5560,130.0,265,,,,
5561,82.0,265,,,,
5562,183.0,265,,,,
5563,145.0,265,,,,
5564,63.0,265,,,,
5565,9.0,265,,,,
5566,88.0,265,,,,
5567,1.0,265,,,,
5568,187.0,265,,,,
5569,313.0,265,,,,
5570,160.0,265,,,,
5571,86.0,265,,,,
5572,163.0,265,,,,
5573,159.0,265,,,,
5574,192.0,265,,,,
5575,71.0,265,,,,
5576,172.0,265,,,,
5577,163.0,259,,,,
5578,102.0,259,,,,
5579,62.0,259,,,,
5580,59.0,259,,,,
5581,126.0,259,,,,
5582,57.0,259,,,,
5583,204.0,259,,,,
5584,61.0,259,,,,
5585,168.0,168,,,,
5586,71.0,168,,,,
5587,91.0,168,,,,
5588,98.0,168,,,,
5589,104.0,168,,,,
5590,189.0,168,,,,
5591,64.0,168,,,,
5592,539.0,168,,,,
5593,187.0,168,,,,
5594,265.0,168,,,,
5595,62.0,168,,,,
5596,88.0,168,,,,
5597,175.0,168,,,,
5598,172.0,168,,,,
5599,59.0,168,,,,
5600,129.0,168,,,,
5601,57.0,168,,,,
5602,148.0,168,,,,
5603,170.0,168,,,,
5604,234.0,168,,,,
5605,162.0,168,,,,
5606,59.0,311,,,,
5607,57.0,311,,,,
5608,52.0,311,,,,
5609,82.0,311,,,,
5610,83.0,311,,,,
5611,62.0,311,,,,
5612,88.0,465,,,,
5613,192.0,465,,,,
5614,78.0,465,,,,
5615,93.0,465,,,,
5616,84.0,465,,,,
5617,538.0,465,,,,
5618,52.0,465,,,,
5619,364.0,465,,,,
5620,70.0,465,,,,
5621,201.0,465,,,,
5622,181.0,465,,,,
5623,224.0,465,,,,
5624,95.0,465,,,,
5625,71.0,465,,,,
5626,262.0,465,,,,
5627,540.0,465,,,,
5628,72.0,465,,,,
5629,189.0,465,,,,
5630,177.0,465,,,,
5631,508.0,465,,,,
5632,222.0,465,,,,
5633,145.0,465,,,,
5634,104.0,465,,,,
5635,541.0,465,,,,
5636,130.0,465,,,,
5637,280.0,465,,,,
5638,204.0,465,,,,
5639,161.0,465,,,,
5640,131.0,465,,,,
5641,429.0,465,,,,
5642,82.0,465,,,,
5643,94.0,465,,,,
5644,226.0,465,,,,
5645,183.0,465,,,,
5646,214.0,465,,,,
5647,160.0,465,,,,
5648,283.0,465,,,,
5649,79.0,465,,,,
5650,206.0,465,,,,
5651,315.0,465,,,,
5652,59.0,465,,,,
5653,102.0,465,,,,
5654,542.0,465,,,,
5655,57.0,465,,,,
5656,98.0,465,,,,
5657,341.0,465,,,,
5658,195.0,611,,,,
5659,543.0,611,,,,
5660,375.0,611,,,,
5661,508.0,611,,,,
5662,282.0,611,,,,
5663,544.0,611,,,,
5664,341.0,611,,,,
5665,189.0,611,,,,
5666,545.0,611,,,,
5667,204.0,611,,,,
5668,483.0,611,,,,
5669,546.0,611,,,,
5670,279.0,611,,,,
5671,222.0,611,,,,
5672,430.0,611,,,,
5673,72.0,611,,,,
5674,83.0,611,,,,
5675,95.0,611,,,,
5676,145.0,611,,,,
5677,71.0,611,,,,
5678,283.0,611,,,,
5679,465.0,611,,,,
5680,489.0,611,,,,
5681,319.0,611,,,,
5682,104.0,611,,,,
5683,547.0,611,,,,
5684,548.0,611,,,,
5685,429.0,611,,,,
5686,96.0,611,,,,
5687,549.0,611,,,,
5688,550.0,611,,,,
5689,551.0,611,,,,
5690,552.0,611,,,,
5691,493.0,611,,,,
5692,59.0,611,,,,
5693,553.0,611,,,,
5694,205.0,611,,,,
5695,187.0,611,,,,
5696,130.0,611,,,,
5697,79.0,611,,,,
5698,161.0,611,,,,
5699,57.0,611,,,,
5700,554.0,611,,,,
5701,172.0,611,,,,
5702,211.0,611,,,,
5703,214.0,611,,,,
5704,206.0,611,,,,
5705,396.0,611,,,,
5706,101.0,611,,,,
5707,103.0,611,,,,
5708,486.0,611,,,,
5709,82.0,611,,,,
5710,540.0,611,,,,
5711,359.0,611,,,,
5712,226.0,611,,,,
5713,2.0,611,,,,
5714,280.0,611,,,,
5715,160.0,611,,,,
5716,183.0,611,,,,
5717,555.0,611,,,,
5718,556.0,611,,,,
5719,64.0,611,,,,
5720,264.0,611,,,,
5721,557.0,611,,,,
5722,65.0,611,,,,
5723,558.0,611,,,,
5724,161.0,522,,,,
5725,104.0,522,,,,
5726,559.0,522,,,,
5727,342.0,522,,,,
5728,79.0,522,,,,
5729,222.0,522,,,,
5730,204.0,522,,,,
5731,131.0,522,,,,
5732,224.0,522,,,,
5733,176.0,522,,,,
5734,430.0,522,,,,
5735,59.0,522,,,,
5736,560.0,522,,,,
5737,96.0,522,,,,
5738,359.0,522,,,,
5739,57.0,522,,,,
5740,82.0,522,,,,
5741,174.0,522,,,,
5742,172.0,522,,,,
5743,65.0,522,,,,
5744,561.0,522,,,,
5745,396.0,522,,,,
5746,95.0,522,,,,
5747,101.0,522,,,,
5748,314.0,522,,,,
5749,508.0,522,,,,
5750,214.0,522,,,,
5751,540.0,522,,,,
5752,562.0,522,,,,
5753,550.0,522,,,,
5754,285.0,522,,,,
5755,160.0,522,,,,
5756,553.0,522,,,,
5757,132.0,522,,,,
5758,206.0,522,,,,
5759,547.0,522,,,,
5760,205.0,522,,,,
5761,483.0,522,,,,
5762,2.0,522,,,,
5763,279.0,522,,,,
5764,549.0,522,,,,
5765,60.0,522,,,,
5766,159.0,522,,,,
5767,341.0,522,,,,
5768,543.0,522,,,,
5769,73.0,522,,,,
5770,71.0,522,,,,
5771,183.0,522,,,,
5772,111.0,522,,,,
5773,256.0,522,,,,
5774,72.0,522,,,,
5775,130.0,522,,,,
5776,226.0,522,,,,
5777,429.0,522,,,,
5778,282.0,522,,,,
5779,142.0,522,,,,
5780,280.0,522,,,,
5781,145.0,522,,,,
5782,83.0,522,,,,
5783,189.0,522,,,,
5784,563.0,522,,,,
5785,554.0,522,,,,
5786,211.0,522,,,,
5787,564.0,522,,,,
5788,203.0,522,,,,
5789,156.0,522,,,,
5790,493.0,522,,,,
5791,368.0,522,,,,
5792,101.0,111,,,,
5793,556.0,111,,,,
5794,565.0,111,,,,
5795,555.0,111,,,,
5796,226.0,111,,,,
5797,160.0,111,,,,
5798,256.0,111,,,,
5799,554.0,111,,,,
5800,560.0,111,,,,
5801,57.0,111,,,,
5802,549.0,111,,,,
5803,540.0,111,,,,
5804,73.0,111,,,,
5805,566.0,111,,,,
5806,131.0,111,,,,
5807,392.0,111,,,,
5808,214.0,111,,,,
5809,132.0,111,,,,
5810,98.0,111,,,,
5811,396.0,111,,,,
5812,567.0,111,,,,
5813,211.0,111,,,,
5814,61.0,111,,,,
5815,59.0,111,,,,
5816,79.0,111,,,,
5817,568.0,111,,,,
5818,282.0,111,,,,
5819,91.0,111,,,,
5820,195.0,111,,,,
5821,368.0,111,,,,
5822,176.0,111,,,,
5823,205.0,111,,,,
5824,430.0,111,,,,
5825,429.0,111,,,,
5826,102.0,111,,,,
5827,285.0,111,,,,
5828,222.0,111,,,,
5829,219.0,111,,,,
5830,550.0,111,,,,
5831,341.0,111,,,,
5832,65.0,111,,,,
5833,508.0,111,,,,
5834,161.0,111,,,,
5835,93.0,111,,,,
5836,493.0,111,,,,
5837,204.0,111,,,,
5838,83.0,111,,,,
5839,96.0,111,,,,
5840,72.0,111,,,,
5841,145.0,111,,,,
5842,104.0,111,,,,
5843,359.0,111,,,,
5844,206.0,111,,,,
5845,342.0,111,,,,
5846,2.0,111,,,,
5847,82.0,111,,,,
5848,71.0,111,,,,
5849,314.0,111,,,,
5850,351.0,111,,,,
5851,263.0,111,,,,
5852,483.0,111,,,,
5853,508.0,506,,,,
5854,206.0,506,,,,
5855,183.0,506,,,,
5856,396.0,506,,,,
5857,359.0,506,,,,
5858,104.0,506,,,,
5859,71.0,506,,,,
5860,160.0,506,,,,
5861,264.0,506,,,,
5862,105.0,506,,,,
5863,429.0,506,,,,
5864,83.0,506,,,,
5865,392.0,506,,,,
5866,161.0,506,,,,
5867,486.0,506,,,,
5868,569.0,506,,,,
5869,72.0,506,,,,
5870,204.0,506,,,,
5871,79.0,506,,,,
5872,291.0,506,,,,
5873,226.0,506,,,,
5874,341.0,506,,,,
5875,159.0,506,,,,
5876,282.0,506,,,,
5877,61.0,506,,,,
5878,224.0,506,,,,
5879,570.0,506,,,,
5880,102.0,506,,,,
5881,195.0,506,,,,
5882,205.0,506,,,,
5883,368.0,506,,,,
5884,483.0,506,,,,
5885,82.0,506,,,,
5886,163.0,506,,,,
5887,571.0,506,,,,
5888,59.0,506,,,,
5889,91.0,506,,,,
5890,131.0,506,,,,
5891,540.0,506,,,,
5892,310.0,506,,,,
5893,543.0,506,,,,
5894,554.0,506,,,,
5895,280.0,506,,,,
5896,214.0,506,,,,
5897,556.0,395,,,,
5898,57.0,395,,,,
5899,59.0,395,,,,
5900,130.0,395,,,,
5901,187.0,395,,,,
5902,104.0,395,,,,
5903,555.0,395,,,,
5904,550.0,395,,,,
5905,71.0,395,,,,
5906,118.0,395,,,,
5907,489.0,395,,,,
5908,465.0,395,,,,
5909,102.0,395,,,,
5910,396.0,395,,,,
5911,557.0,395,,,,
5912,103.0,395,,,,
5913,145.0,395,,,,
5914,72.0,395,,,,
5915,204.0,395,,,,
5916,131.0,395,,,,
5917,291.0,395,,,,
5918,206.0,395,,,,
5919,358.0,395,,,,
5920,98.0,395,,,,
5921,310.0,395,,,,
5922,560.0,395,,,,
5923,486.0,395,,,,
5924,554.0,395,,,,
5925,429.0,395,,,,
5926,160.0,395,,,,
5927,214.0,395,,,,
5928,558.0,395,,,,
5929,82.0,395,,,,
5930,359.0,395,,,,
5931,226.0,395,,,,
5932,280.0,395,,,,
5933,508.0,395,,,,
5934,161.0,395,,,,
5935,79.0,395,,,,
5936,172.0,395,,,,
5937,183.0,395,,,,
5938,563.0,395,,,,
5939,342.0,395,,,,
5940,96.0,395,,,,
5941,319.0,395,,,,
5942,279.0,395,,,,
5943,341.0,395,,,,
5944,282.0,395,,,,
5945,540.0,395,,,,
5946,156.0,395,,,,
5947,549.0,138,,,,
5948,396.0,138,,,,
5949,554.0,138,,,,
5950,540.0,138,,,,
5951,560.0,138,,,,
5952,547.0,138,,,,
5953,101.0,138,,,,
5954,553.0,138,,,,
5955,565.0,138,,,,
5956,264.0,138,,,,
5957,543.0,138,,,,
5958,214.0,138,,,,
5959,176.0,138,,,,
5960,57.0,138,,,,
5961,131.0,138,,,,
5962,106.0,138,,,,
5963,161.0,138,,,,
5964,368.0,138,,,,
5965,574.0,138,,,,
5966,96.0,138,,,,
5967,652.0,138,,,,
5968,65.0,138,,,,
5969,329.0,138,,,,
5970,102.0,138,,,,
5971,224.0,138,,,,
5972,404.0,138,,,,
5973,135.0,138,,,,
5974,507.0,138,,,,
5975,183.0,138,,,,
5976,489.0,138,,,,
5977,160.0,138,,,,
5978,79.0,138,,,,
5979,430.0,138,,,,
5980,83.0,138,,,,
5981,429.0,138,,,,
5982,222.0,138,,,,
5983,465.0,138,,,,
5984,59.0,138,,,,
5985,73.0,138,,,,
5986,172.0,138,,,,
5987,341.0,138,,,,
5988,211.0,138,,,,
5989,256.0,138,,,,
5990,204.0,138,,,,
5991,71.0,138,,,,
5992,508.0,138,,,,
5993,282.0,138,,,,
5994,104.0,138,,,,
5995,187.0,138,,,,
5996,145.0,138,,,,
5997,206.0,138,,,,
5998,82.0,138,,,,
5999,72.0,138,,,,
6000,226.0,138,,,,
6001,130.0,138,,,,
6002,561.0,138,,,,
6003,159.0,138,,,,
6004,280.0,138,,,,
6005,91.0,138,,,,
6006,95.0,138,,,,
6007,129.0,138,,,,
6008,211.0,617,,,,
6009,61.0,617,,,,
6010,572.0,617,,,,
6011,356.0,617,,,,
6012,204.0,617,,,,
6013,554.0,617,,,,
6014,172.0,617,,,,
6015,168.0,617,,,,
6016,341.0,617,,,,
6017,486.0,617,,,,
6018,2.0,617,,,,
6019,556.0,617,,,,
6020,555.0,617,,,,
6021,279.0,617,,,,
6022,91.0,617,,,,
6023,573.0,617,,,,
6024,401.0,617,,,,
6025,517.0,617,,,,
6026,222.0,617,,,,
6027,104.0,617,,,,
6028,214.0,617,,,,
6029,102.0,617,,,,
6030,574.0,617,,,,
6031,368.0,617,,,,
6032,493.0,617,,,,
6033,224.0,617,,,,
6034,351.0,617,,,,
6035,161.0,617,,,,
6036,396.0,617,,,,
6037,364.0,617,,,,
6038,576.0,617,,,,
6039,429.0,617,,,,
6040,312.0,617,,,,
6041,98.0,617,,,,
6042,560.0,617,,,,
6043,92.0,617,,,,
6044,543.0,617,,,,
6045,160.0,617,,,,
6046,365.0,617,,,,
6047,163.0,617,,,,
6048,540.0,617,,,,
6049,176.0,617,,,,
6050,83.0,617,,,,
6051,264.0,617,,,,
6052,183.0,617,,,,
6053,79.0,617,,,,
6054,206.0,617,,,,
6055,577.0,617,,,,
6056,187.0,617,,,,
6057,71.0,617,,,,
6058,57.0,617,,,,
6059,280.0,617,,,,
6060,508.0,617,,,,
6061,578.0,617,,,,
6062,145.0,617,,,,
6063,226.0,617,,,,
6064,282.0,617,,,,
6065,62.0,617,,,,
6066,72.0,617,,,,
6067,59.0,617,,,,
6068,131.0,617,,,,
6069,550.0,488,,,,
6070,83.0,488,,,,
6071,341.0,488,,,,
6072,283.0,488,,,,
6073,260.0,488,,,,
6074,204.0,488,,,,
6075,282.0,488,,,,
6076,64.0,488,,,,
6077,359.0,488,,,,
6078,372.0,488,,,,
6079,61.0,488,,,,
6080,62.0,488,,,,
6081,103.0,488,,,,
6082,342.0,488,,,,
6083,112.0,488,,,,
6084,553.0,488,,,,
6085,122.0,488,,,,
6086,57.0,488,,,,
6087,159.0,488,,,,
6088,73.0,488,,,,
6089,82.0,488,,,,
6090,161.0,488,,,,
6091,280.0,488,,,,
6092,59.0,488,,,,
6093,493.0,488,,,,
6094,568.0,488,,,,
6095,172.0,488,,,,
6096,145.0,488,,,,
6097,549.0,488,,,,
6098,558.0,488,,,,
6099,579.0,488,,,,
6100,546.0,488,,,,
6101,96.0,488,,,,
6102,206.0,488,,,,
6103,131.0,488,,,,
6104,74.0,488,,,,
6105,135.0,488,,,,
6106,91.0,488,,,,
6107,102.0,488,,,,
6108,205.0,488,,,,
6109,160.0,488,,,,
6110,214.0,488,,,,
6111,226.0,488,,,,
6112,183.0,488,,,,
6113,72.0,488,,,,
6114,71.0,488,,,,
6115,104.0,488,,,,
6116,209.0,488,,,,
6117,211.0,488,,,,
6118,264.0,488,,,,
6119,163.0,488,,,,
6120,580.0,488,,,,
6121,98.0,488,,,,
6122,130.0,488,,,,
6123,187.0,488,,,,
6124,65.0,488,,,,
6125,517.0,488,,,,
6126,262.0,488,,,,
6127,508.0,488,,,,
6128,429.0,488,,,,
6129,79.0,488,,,,
6130,556.0,488,,,,
6131,222.0,488,,,,
6132,555.0,488,,,,
6133,540.0,488,,,,
6134,554.0,488,,,,
6135,396.0,488,,,,
6136,430.0,488,,,,
6137,189.0,488,,,,
6138,550.0,118,,,,
6139,79.0,118,,,,
6140,103.0,118,,,,
6141,483.0,118,,,,
6142,581.0,118,,,,
6143,130.0,118,,,,
6144,351.0,118,,,,
6145,401.0,118,,,,
6146,222.0,118,,,,
6147,59.0,118,,,,
6148,582.0,118,,,,
6149,342.0,118,,,,
6150,161.0,118,,,,
6151,64.0,118,,,,
6152,131.0,118,,,,
6153,256.0,118,,,,
6154,72.0,118,,,,
6155,101.0,118,,,,
6156,83.0,118,,,,
6157,285.0,118,,,,
6158,226.0,118,,,,
6159,160.0,118,,,,
6160,195.0,118,,,,
6161,65.0,118,,,,
6162,486.0,118,,,,
6163,104.0,118,,,,
6164,540.0,118,,,,
6165,583.0,118,,,,
6166,96.0,118,,,,
6167,549.0,118,,,,
6168,280.0,118,,,,
6169,553.0,118,,,,
6170,172.0,118,,,,
6171,584.0,118,,,,
6172,585.0,118,,,,
6173,396.0,118,,,,
6174,508.0,118,,,,
6175,149.0,118,,,,
6176,214.0,118,,,,
6177,132.0,118,,,,
6178,170.0,118,,,,
6179,102.0,118,,,,
6180,95.0,118,,,,
6181,98.0,118,,,,
6182,183.0,118,,,,
6183,145.0,118,,,,
6184,358.0,118,,,,
6185,359.0,118,,,,
6186,586.0,118,,,,
6187,547.0,118,,,,
6188,587.0,118,,,,
6189,215.0,118,,,,
6190,282.0,118,,,,
6191,560.0,118,,,,
6192,588.0,118,,,,
6193,556.0,118,,,,
6194,82.0,118,,,,
6195,206.0,118,,,,
6196,204.0,118,,,,
6197,555.0,118,,,,
6198,341.0,118,,,,
6199,187.0,118,,,,
6200,430.0,118,,,,
6201,429.0,118,,,,
6202,565.0,118,,,,
6203,211.0,118,,,,
6204,57.0,118,,,,
6205,589.0,118,,,,
6206,163.0,161,,,,
6207,102.0,161,,,,
6208,364.0,161,,,,
6209,59.0,161,,,,
6210,159.0,161,,,,
6211,159.0,425,,,,
6212,207.0,425,,,,
6213,87.0,425,,,,
6214,57.0,425,,,,
6215,163.0,425,,,,
6216,102.0,425,,,,
6217,59.0,425,,,,
6218,64.0,425,,,,
6219,590.0,425,,,,
6220,8.0,401,,,,
6221,61.0,401,,,,
6222,15.0,401,,,,
6223,98.0,401,,,,
6224,3.0,401,,,,
6225,2.0,401,,,,
6226,12.0,401,,,,
6227,10.0,401,,,,
6228,6.0,401,,,,
6229,1.0,401,,,,
6230,413.0,401,,,,
6231,11.0,401,,,,
6232,153.0,401,,,,
6233,209.0,401,,,,
6234,183.0,401,,,,
6235,82.0,401,,,,
6236,162.0,401,,,,
6237,149.0,401,,,,
6238,62.0,401,,,,
6239,88.0,330,,,,
6240,89.0,330,,,,
6241,72.0,330,,,,
6242,59.0,330,,,,
6243,57.0,330,,,,
6244,87.0,330,,,,
6245,201.0,521,,,,
6246,57.0,521,,,,
6247,105.0,521,,,,
6248,540.0,521,,,,
6249,183.0,521,,,,
6250,130.0,521,,,,
6251,88.0,521,,,,
6252,192.0,521,,,,
6253,91.0,521,,,,
6254,102.0,521,,,,
6255,554.0,521,,,,
6256,319.0,521,,,,
6257,160.0,521,,,,
6258,159.0,521,,,,
6259,131.0,521,,,,
6260,89.0,521,,,,
6261,396.0,521,,,,
6262,168.0,521,,,,
6263,84.0,521,,,,
6264,64.0,521,,,,
6265,60.0,521,,,,
6266,591.0,521,,,,
6267,204.0,521,,,,
6268,214.0,521,,,,
6269,429.0,521,,,,
6270,291.0,521,,,,
6271,83.0,521,,,,
6272,226.0,521,,,,
6273,72.0,521,,,,
6274,98.0,521,,,,
6275,163.0,521,,,,
6276,145.0,521,,,,
6277,104.0,521,,,,
6278,71.0,521,,,,
6279,176.0,521,,,,
6280,177.0,521,,,,
6281,206.0,521,,,,
6282,106.0,521,,,,
6283,189.0,521,,,,
6284,59.0,521,,,,
6285,79.0,521,,,,
6286,82.0,521,,,,
6287,280.0,521,,,,
6288,161.0,521,,,,
6289,87.0,521,,,,
6290,368.0,572,,,,
6291,59.0,572,,,,
6292,71.0,572,,,,
6293,102.0,572,,,,
6294,88.0,572,,,,
6295,161.0,572,,,,
6296,82.0,572,,,,
6297,177.0,572,,,,
6298,163.0,572,,,,
6299,62.0,446,,,,
6300,61.0,446,,,,
6301,165.0,446,,,,
6302,64.0,320,,,,
6303,294.0,320,,,,
6304,87.0,320,,,,
6305,57.0,320,,,,
6306,160.0,320,,,,
6307,102.0,320,,,,
6308,61.0,320,,,,
6309,226.0,320,,,,
6310,131.0,320,,,,
6311,82.0,320,,,,
6312,214.0,320,,,,
6313,83.0,320,,,,
6314,88.0,320,,,,
6315,532.0,320,,,,
6316,162.0,320,,,,
6317,59.0,320,,,,
6318,59.0,142,,,,
6319,87.0,142,,,,
6320,172.0,142,,,,
6321,57.0,142,,,,
6322,61.0,142,,,,
6323,105.0,142,,,,
6324,160.0,403,,,,
6325,130.0,403,,,,
6326,131.0,403,,,,
6327,294.0,403,,,,
6328,79.0,403,,,,
6329,61.0,403,,,,
6330,91.0,403,,,,
6331,204.0,403,,,,
6332,183.0,403,,,,
6333,62.0,403,,,,
6334,161.0,403,,,,
6335,280.0,403,,,,
6336,222.0,403,,,,
6337,192.0,403,,,,
6338,57.0,403,,,,
6339,59.0,403,,,,
6340,136.0,403,,,,
6341,57.0,273,,,,
6342,176.0,273,,,,
6343,59.0,273,,,,
6344,71.0,273,,,,
6345,592.0,273,,,,
6346,62.0,273,,,,
6347,593.0,273,,,,
6348,87.0,273,,,,
6349,89.0,273,,,,
6350,369.0,273,,,,
6351,163.0,437,,,,
6352,389.0,437,,,,
6353,189.0,437,,,,
6354,94.0,437,,,,
6355,594.0,437,,,,
6356,187.0,437,,,,
6357,286.0,437,,,,
6358,351.0,437,,,,
6359,170.0,437,,,,
6360,166.0,437,,,,
6361,181.0,437,,,,
6362,172.0,437,,,,
6363,176.0,437,,,,
6364,59.0,437,,,,
6365,216.0,437,,,,
6366,57.0,437,,,,
6367,125.0,437,,,,
6368,95.0,437,,,,
6369,308.0,437,,,,
6370,72.0,437,,,,
6371,133.0,437,,,,
6372,70.0,437,,,,
6373,267.0,437,,,,
6374,372.0,437,,,,
6375,71.0,437,,,,
6376,595.0,437,,,,
6377,356.0,437,,,,
6378,192.0,437,,,,
6379,83.0,437,,,,
6380,210.0,437,,,,
6381,145.0,437,,,,
6382,90.0,437,,,,
6383,87.0,437,,,,
6384,88.0,437,,,,
6385,104.0,437,,,,
6386,260.0,437,,,,
6387,343.0,437,,,,
6388,98.0,437,,,,
6389,371.0,437,,,,
6390,168.0,437,,,,
6391,175.0,437,,,,
6392,61.0,437,,,,
6393,310.0,437,,,,
6394,596.0,437,,,,
6395,597.0,437,,,,
6396,598.0,437,,,,
6397,336.0,437,,,,
6398,478.0,437,,,,
6399,313.0,437,,,,
6400,156.0,437,,,,
6401,599.0,437,,,,
6402,234.0,437,,,,
6403,207.0,437,,,,
6404,74.0,41,,,,
6405,319.0,41,,,,
6406,175.0,41,,,,
6407,131.0,41,,,,
6408,82.0,41,,,,
6409,187.0,41,,,,
6410,229.0,41,,,,
6411,64.0,41,,,,
6412,108.0,41,,,,
6413,134.0,41,,,,
6414,72.0,41,,,,
6415,163.0,41,,,,
6416,130.0,41,,,,
6417,160.0,41,,,,
6418,71.0,41,,,,
6419,59.0,41,,,,
6420,94.0,41,,,,
6421,98.0,41,,,,
6422,102.0,41,,,,
6423,145.0,41,,,,
6424,358.0,41,,,,
6425,65.0,41,,,,
6426,57.0,41,,,,
6427,600.0,41,,,,
6428,601.0,41,,,,
6429,172.0,41,,,,
6430,88.0,92,,,,
6431,98.0,92,,,,
6432,163.0,92,,,,
6433,59.0,92,,,,
6434,102.0,92,,,,
6435,82.0,92,,,,
6436,187.0,357,,,,
6437,280.0,357,,,,
6438,213.0,357,,,,
6439,65.0,357,,,,
6440,163.0,357,,,,
6441,79.0,357,,,,
6442,145.0,357,,,,
6443,91.0,357,,,,
6444,93.0,357,,,,
6445,98.0,357,,,,
6446,172.0,357,,,,
6447,61.0,357,,,,
6448,57.0,357,,,,
6449,59.0,357,,,,
6450,62.0,357,,,,
6451,92.0,357,,,,
6452,59.0,536,,,,
6453,87.0,536,,,,
6454,57.0,536,,,,
6455,102.0,536,,,,
6456,88.0,536,,,,
6457,163.0,536,,,,
6458,131.0,385,,,,
6459,163.0,385,,,,
6460,88.0,385,,,,
6461,172.0,385,,,,
6462,59.0,385,,,,
6463,57.0,385,,,,
6464,98.0,385,,,,
6465,93.0,385,,,,
6466,159.0,385,,,,
6467,280.0,385,,,,
6468,91.0,385,,,,
6469,96.0,243,,,,
6470,163.0,243,,,,
6471,59.0,243,,,,
6472,57.0,243,,,,
6473,166.0,243,,,,
6474,91.0,243,,,,
6475,224.0,243,,,,
6476,601.0,243,,,,
6477,102.0,243,,,,
6478,280.0,243,,,,
6479,130.0,243,,,,
6480,82.0,243,,,,
6481,183.0,243,,,,
6482,177.0,243,,,,
6483,164.0,243,,,,
6484,64.0,243,,,,
6485,79.0,243,,,,
6486,222.0,243,,,,
6487,93.0,243,,,,
6488,57.0,162,,,,
6489,59.0,162,,,,
6490,233.0,162,,,,
6491,96.0,162,,,,
6492,102.0,162,,,,
6493,101.0,162,,,,
6494,61.0,162,,,,
6495,93.0,162,,,,
6496,83.0,162,,,,
6497,65.0,162,,,,
6498,163.0,162,,,,
6499,438.0,162,,,,
6500,98.0,162,,,,
6501,91.0,162,,,,
6502,105.0,162,,,,
6503,101.0,625,,,,
6504,57.0,625,,,,
6505,105.0,625,,,,
6506,602.0,625,,,,
6507,96.0,625,,,,
6508,59.0,625,,,,
6509,103.0,625,,,,
6510,603.0,625,,,,
6511,604.0,625,,,,
6512,102.0,625,,,,
6513,203.0,625,,,,
6514,59.0,12,,,,
6515,222.0,12,,,,
6516,88.0,12,,,,
6517,192.0,356,,,,
6518,172.0,356,,,,
6519,89.0,356,,,,
6520,145.0,356,,,,
6521,94.0,356,,,,
6522,183.0,356,,,,
6523,160.0,356,,,,
6524,87.0,356,,,,
6525,104.0,356,,,,
6526,214.0,356,,,,
6527,98.0,356,,,,
6528,217.0,356,,,,
6529,82.0,356,,,,
6530,207.0,356,,,,
6531,61.0,356,,,,
6532,267.0,356,,,,
6533,332.0,356,,,,
6534,86.0,356,,,,
6535,88.0,356,,,,
6536,72.0,356,,,,
6537,201.0,356,,,,
6538,176.0,356,,,,
6539,226.0,356,,,,
6540,71.0,356,,,,
6541,490.0,356,,,,
6542,57.0,356,,,,
6543,106.0,356,,,,
6544,59.0,356,,,,
6545,135.0,356,,,,
6546,661.0,356,,,,
6547,229.0,356,,,,
6548,90.0,356,,,,
6549,169.0,579,,,,
6550,73.0,579,,,,
6551,61.0,579,,,,
6552,127.0,579,,,,
6553,605.0,579,,,,
6554,59.0,579,,,,
6555,83.0,579,,,,
6556,207.0,53,,,,
6557,82.0,53,,,,
6558,102.0,53,,,,
6559,97.0,53,,,,
6560,57.0,53,,,,
6561,93.0,53,,,,
6562,61.0,53,,,,
6563,145.0,53,,,,
6564,78.0,53,,,,
6565,79.0,514,,,,
6566,172.0,514,,,,
6567,160.0,514,,,,
6568,93.0,514,,,,
6569,130.0,514,,,,
6570,73.0,514,,,,
6571,116.0,514,,,,
6572,183.0,514,,,,
6573,159.0,514,,,,
6574,52.0,514,,,,
6575,280.0,514,,,,
6576,64.0,514,,,,
6577,286.0,514,,,,
6578,163.0,514,,,,
6579,61.0,514,,,,
6580,97.0,514,,,,
6581,108.0,514,,,,
6582,176.0,514,,,,
6583,131.0,514,,,,
6584,169.0,514,,,,
6585,59.0,514,,,,
6586,122.0,514,,,,
6587,389.0,514,,,,
6588,57.0,514,,,,
6589,89.0,338,,,,
6590,86.0,338,,,,
6591,163.0,338,,,,
6592,206.0,338,,,,
6593,207.0,338,,,,
6594,78.0,338,,,,
6595,130.0,338,,,,
6596,210.0,338,,,,
6597,104.0,338,,,,
6598,176.0,338,,,,
6599,222.0,338,,,,
6600,201.0,338,,,,
6601,214.0,338,,,,
6602,226.0,338,,,,
6603,82.0,338,,,,
6604,183.0,338,,,,
6605,429.0,338,,,,
6606,131.0,338,,,,
6607,57.0,338,,,,
6608,79.0,338,,,,
6609,280.0,338,,,,
6610,189.0,338,,,,
6611,88.0,338,,,,
6612,192.0,338,,,,
6613,87.0,338,,,,
6614,128.0,338,,,,
6615,93.0,338,,,,
6616,102.0,338,,,,
6617,166.0,338,,,,
6618,359.0,338,,,,
6619,145.0,338,,,,
6620,158.0,338,,,,
6621,72.0,338,,,,
6622,199.0,338,,,,
6623,159.0,338,,,,
6624,91.0,338,,,,
6625,144.0,338,,,,
6626,161.0,338,,,,
6627,160.0,338,,,,
6628,177.0,338,,,,
6629,196.0,338,,,,
6630,185.0,338,,,,
6631,59.0,338,,,,
6632,95.0,338,,,,
6633,108.0,338,,,,
6634,183.0,346,,,,
6635,57.0,346,,,,
6636,59.0,346,,,,
6637,98.0,346,,,,
6638,91.0,346,,,,
6639,170.0,346,,,,
6640,60.0,346,,,,
6641,162.0,346,,,,
6642,177.0,201,,,,
6643,84.0,201,,,,
6644,538.0,201,,,,
6645,88.0,201,,,,
6646,57.0,201,,,,
6647,606.0,201,,,,
6648,183.0,201,,,,
6649,82.0,201,,,,
6650,130.0,201,,,,
6651,163.0,201,,,,
6652,59.0,201,,,,
6653,79.0,623,,,,
6654,183.0,623,,,,
6655,131.0,623,,,,
6656,145.0,623,,,,
6657,210.0,623,,,,
6658,71.0,623,,,,
6659,226.0,623,,,,
6660,160.0,623,,,,
6661,214.0,623,,,,
6662,76.0,623,,,,
6663,217.0,623,,,,
6664,401.0,623,,,,
6665,64.0,623,,,,
6666,122.0,623,,,,
6667,52.0,623,,,,
6668,98.0,623,,,,
6669,93.0,623,,,,
6670,102.0,623,,,,
6671,126.0,623,,,,
6672,105.0,623,,,,
6673,59.0,623,,,,
6674,83.0,623,,,,
6675,115.0,623,,,,
6676,82.0,623,,,,
6677,62.0,623,,,,
6678,127.0,623,,,,
6679,73.0,623,,,,
6680,169.0,623,,,,
6681,57.0,623,,,,
6682,61.0,623,,,,
6683,57.0,78,,,,
6684,105.0,78,,,,
6685,64.0,78,,,,
6686,61.0,78,,,,
6687,83.0,78,,,,
6688,62.0,78,,,,
6689,102.0,78,,,,
6690,59.0,78,,,,
6691,73.0,78,,,,
6692,127.0,78,,,,
6693,93.0,152,,,,
6694,169.0,152,,,,
6695,62.0,152,,,,
6696,61.0,152,,,,
6697,176.0,152,,,,
6698,7.0,152,,,,
6699,168.0,152,,,,
6700,64.0,152,,,,
6701,65.0,152,,,,
6702,259.0,152,,,,
6703,74.0,152,,,,
6704,91.0,152,,,,
6705,163.0,152,,,,
6706,59.0,152,,,,
6707,57.0,152,,,,
6708,128.0,152,,,,
6709,59.0,160,,,,
6710,176.0,160,,,,
6711,97.0,160,,,,
6712,73.0,160,,,,
6713,62.0,160,,,,
6714,105.0,160,,,,
6715,102.0,160,,,,
6716,93.0,160,,,,
6717,52.0,160,,,,
6718,234.0,160,,,,
6719,57.0,160,,,,
6720,92.0,160,,,,
6721,88.0,160,,,,
6722,64.0,160,,,,
6723,87.0,160,,,,
6724,105.0,210,,,,
6725,88.0,210,,,,
6726,176.0,210,,,,
6727,367.0,210,,,,
6728,163.0,210,,,,
6729,57.0,210,,,,
6730,59.0,210,,,,
6731,192.0,210,,,,
6732,98.0,210,,,,
6733,126.0,210,,,,
6734,1.0,210,,,,
6735,8.0,210,,,,
6736,229.0,210,,,,
6737,438.0,210,,,,
6738,159.0,287,,,,
6739,59.0,287,,,,
6740,102.0,287,,,,
6741,91.0,287,,,,
6742,82.0,287,,,,
6743,149.0,287,,,,
6744,224.0,638,,,,
6745,607.0,638,,,,
6746,74.0,638,,,,
6747,608.0,638,,,,
6748,101.0,638,,,,
6749,163.0,638,,,,
6750,540.0,638,,,,
6751,57.0,638,,,,
6752,183.0,638,,,,
6753,206.0,638,,,,
6754,161.0,638,,,,
6755,573.0,638,,,,
6756,131.0,638,,,,
6757,211.0,638,,,,
6758,280.0,638,,,,
6759,65.0,638,,,,
6760,72.0,638,,,,
6761,483.0,638,,,,
6762,433.0,638,,,,
6763,508.0,638,,,,
6764,264.0,638,,,,
6765,160.0,638,,,,
6766,165.0,638,,,,
6767,226.0,638,,,,
6768,130.0,638,,,,
6769,174.0,638,,,,
6770,565.0,638,,,,
6771,82.0,638,,,,
6772,219.0,638,,,,
6773,214.0,638,,,,
6774,222.0,638,,,,
6775,204.0,638,,,,
6776,341.0,638,,,,
6777,543.0,638,,,,
6778,282.0,638,,,,
6779,396.0,638,,,,
6780,71.0,638,,,,
6781,79.0,638,,,,
6782,609.0,638,,,,
6783,145.0,638,,,,
6784,208.0,638,,,,
6785,62.0,638,,,,
6786,610.0,638,,,,
6787,59.0,638,,,,
6788,319.0,638,,,,
6789,226.0,441,,,,
6790,342.0,441,,,,
6791,314.0,441,,,,
6792,204.0,441,,,,
6793,183.0,441,,,,
6794,72.0,441,,,,
6795,160.0,441,,,,
6796,145.0,441,,,,
6797,589.0,441,,,,
6798,130.0,441,,,,
6799,71.0,441,,,,
6800,341.0,441,,,,
6801,483.0,441,,,,
6802,611.0,441,,,,
6803,222.0,441,,,,
6804,282.0,441,,,,
6805,612.0,441,,,,
6806,613.0,441,,,,
6807,582.0,441,,,,
6808,614.0,441,,,,
6809,615.0,441,,,,
6810,102.0,441,,,,
6811,508.0,441,,,,
6812,256.0,441,,,,
6813,540.0,441,,,,
6814,543.0,441,,,,
6815,616.0,441,,,,
6816,617.0,441,,,,
6817,98.0,441,,,,
6818,569.0,441,,,,
6819,618.0,441,,,,
6820,482.0,441,,,,
6821,619.0,441,,,,
6822,224.0,441,,,,
6823,620.0,441,,,,
6824,105.0,441,,,,
6825,205.0,441,,,,
6826,585.0,441,,,,
6827,557.0,441,,,,
6828,621.0,441,,,,
6829,96.0,441,,,,
6830,104.0,441,,,,
6831,64.0,441,,,,
6832,622.0,441,,,,
6833,623.0,441,,,,
6834,264.0,441,,,,
6835,555.0,441,,,,
6836,285.0,441,,,,
6837,319.0,441,,,,
6838,211.0,441,,,,
6839,396.0,441,,,,
6840,59.0,441,,,,
6841,624.0,441,,,,
6842,625.0,441,,,,
6843,626.0,441,,,,
6844,627.0,441,,,,
6845,392.0,441,,,,
6846,628.0,441,,,,
6847,629.0,441,,,,
6848,206.0,441,,,,
6849,131.0,441,,,,
6850,630.0,441,,,,
6851,556.0,441,,,,
6852,214.0,441,,,,
6853,280.0,441,,,,
6854,631.0,441,,,,
6855,554.0,441,,,,
6856,632.0,441,,,,
6857,633.0,441,,,,
6858,634.0,441,,,,
6859,83.0,441,,,,
6860,359.0,441,,,,
6861,153.0,441,,,,
6862,82.0,441,,,,
6863,635.0,441,,,,
6864,636.0,441,,,,
6865,486.0,441,,,,
6866,2.0,441,,,,
6867,637.0,441,,,,
6868,638.0,441,,,,
6869,73.0,441,,,,
6870,161.0,441,,,,
6871,156.0,441,,,,
6872,57.0,441,,,,
6873,639.0,441,,,,
6874,640.0,441,,,,
6875,641.0,441,,,,
6876,159.0,426,,,,
6877,163.0,426,,,,
6878,59.0,426,,,,
6879,98.0,426,,,,
6880,57.0,426,,,,
6881,64.0,426,,,,
6882,102.0,426,,,,
6883,149.0,426,,,,
6884,105.0,134,,,,
6885,63.0,134,,,,
6886,159.0,134,,,,
6887,166.0,134,,,,
6888,73.0,407,,,,
6889,57.0,407,,,,
6890,230.0,407,,,,
6891,105.0,407,,,,
6892,83.0,407,,,,
6893,59.0,407,,,,
6894,64.0,407,,,,
6895,61.0,407,,,,
6896,102.0,407,,,,
6897,93.0,407,,,,
6898,62.0,407,,,,
6899,130.0,170,,,,
6900,222.0,170,,,,
6901,161.0,170,,,,
6902,88.0,170,,,,
6903,176.0,170,,,,
6904,82.0,170,,,,
6905,57.0,170,,,,
6906,163.0,170,,,,
6907,71.0,170,,,,
6908,59.0,170,,,,
6909,319.0,51,,,,
6910,72.0,51,,,,
6911,102.0,51,,,,
6912,91.0,51,,,,
6913,92.0,51,,,,
6914,58.0,51,,,,
6915,234.0,51,,,,
6916,94.0,51,,,,
6917,146.0,51,,,,
6918,98.0,51,,,,
6919,209.0,51,,,,
6920,97.0,51,,,,
6921,59.0,51,,,,
6922,228.0,51,,,,
6923,183.0,501,,,,
6924,63.0,501,,,,
6925,62.0,501,,,,
6926,145.0,501,,,,
6927,10.0,501,,,,
6928,171.0,501,,,,
6929,1.0,501,,,,
6930,181.0,501,,,,
6931,217.0,232,,,,
6932,643.0,232,,,,
6933,280.0,523,,,,
6934,222.0,523,,,,
6935,161.0,523,,,,
6936,82.0,523,,,,
6937,183.0,523,,,,
6938,91.0,523,,,,
6939,72.0,523,,,,
6940,71.0,523,,,,
6941,86.0,523,,,,
6942,98.0,523,,,,
6943,343.0,523,,,,
6944,163.0,447,,,,
6945,89.0,447,,,,
6946,161.0,447,,,,
6947,206.0,447,,,,
6948,87.0,447,,,,
6949,189.0,447,,,,
6950,168.0,447,,,,
6951,168.0,588,,,,
6952,207.0,588,,,,
6953,82.0,588,,,,
6954,130.0,588,,,,
6955,280.0,588,,,,
6956,145.0,588,,,,
6957,131.0,588,,,,
6958,204.0,588,,,,
6959,71.0,588,,,,
6960,61.0,588,,,,
6961,79.0,588,,,,
6962,64.0,588,,,,
6963,160.0,588,,,,
6964,93.0,588,,,,
6965,183.0,588,,,,
6966,288.0,588,,,,
6967,79.0,415,,,,
6968,280.0,415,,,,
6969,82.0,415,,,,
6970,183.0,415,,,,
6971,130.0,415,,,,
6972,130.0,643,,,,
6973,88.0,643,,,,
6974,183.0,643,,,,
6975,280.0,643,,,,
6976,59.0,643,,,,
6977,57.0,643,,,,
6978,222.0,643,,,,
6979,61.0,643,,,,
6980,82.0,643,,,,
6981,131.0,643,,,,
6982,161.0,643,,,,
6983,129.0,643,,,,
6984,204.0,643,,,,
6985,430.0,643,,,,
6986,62.0,374,,,,
6987,61.0,374,,,,
6988,83.0,374,,,,
6989,93.0,374,,,,
6990,73.0,374,,,,
6991,82.0,374,,,,
6992,11.0,374,,,,
6993,115.0,374,,,,
6994,7.0,374,,,,
6995,57.0,374,,,,
6996,74.0,374,,,,
6997,59.0,374,,,,
6998,641.0,374,,,,
6999,458.0,374,,,,
7000,129.0,374,,,,
7001,162.0,374,,,,
7002,234.0,374,,,,
7003,59.0,379,,,,
7004,73.0,379,,,,
7005,57.0,379,,,,
7006,62.0,379,,,,
7007,105.0,379,,,,
7008,102.0,379,,,,
7009,115.0,379,,,,
7010,265.0,379,,,,
7011,129.0,379,,,,
7012,108.0,379,,,,
7013,61.0,224,,,,
7014,57.0,224,,,,
7015,166.0,224,,,,
7016,93.0,224,,,,
7017,59.0,224,,,,
7018,91.0,224,,,,
7019,64.0,224,,,,
7020,98.0,224,,,,
7021,57.0,353,,,,
7022,209.0,353,,,,
7023,52.0,353,,,,
7024,145.0,353,,,,
7025,153.0,353,,,,
7026,265.0,353,,,,
7027,676.0,353,,,,
7028,99.0,353,,,,
7029,157.0,353,,,,
7030,127.0,353,,,,
7031,59.0,353,,,,
7032,59.0,345,,,,
7033,91.0,345,,,,
7034,62.0,345,,,,
7035,73.0,345,,,,
7036,131.0,345,,,,
7037,61.0,345,,,,
7038,63.0,345,,,,
7039,357.0,345,,,,
7040,102.0,345,,,,
7041,97.0,345,,,,
7042,93.0,345,,,,
7043,163.0,345,,,,
7044,64.0,345,,,,
7045,57.0,345,,,,
7046,98.0,345,,,,
7047,169.0,345,,,,
7048,83.0,565,,,,
7049,259.0,565,,,,
7050,98.0,565,,,,
7051,93.0,565,,,,
7052,62.0,565,,,,
7053,59.0,565,,,,
7054,163.0,565,,,,
7055,57.0,565,,,,
7056,130.0,565,,,,
7057,87.0,565,,,,
7058,61.0,565,,,,
7059,88.0,565,,,,
7060,65.0,565,,,,
7061,82.0,565,,,,
7062,59.0,147,,,,
7063,131.0,147,,,,
7064,183.0,147,,,,
7065,280.0,147,,,,
7066,380.0,147,,,,
7067,213.0,147,,,,
7068,102.0,519,,,,
7069,82.0,519,,,,
7070,57.0,519,,,,
7071,222.0,519,,,,
7072,88.0,519,,,,
7073,206.0,519,,,,
7074,170.0,519,,,,
7075,59.0,519,,,,
7076,91.0,519,,,,
7077,162.0,519,,,,
7078,176.0,519,,,,
7079,208.0,519,,,,
7080,67.0,82,,,,
7081,64.0,82,,,,
7082,170.0,82,,,,
7083,59.0,82,,,,
7084,91.0,289,,,,
7085,228.0,289,,,,
7086,83.0,289,,,,
7087,163.0,289,,,,
7088,97.0,289,,,,
7089,59.0,289,,,,
7090,159.0,289,,,,
7091,93.0,289,,,,
7092,149.0,289,,,,
7093,64.0,298,,,,
7094,385.0,298,,,,
7095,57.0,298,,,,
7096,93.0,298,,,,
7097,174.0,298,,,,
7098,61.0,298,,,,
7099,62.0,298,,,,
7100,59.0,298,,,,
7101,163.0,298,,,,
7102,172.0,298,,,,
7103,59.0,291,,,,
7104,172.0,291,,,,
7105,57.0,291,,,,
7106,74.0,291,,,,
7107,61.0,291,,,,
7108,64.0,291,,,,
7109,61.0,102,,,,
7110,57.0,102,,,,
7111,291.0,102,,,,
7112,93.0,102,,,,
7113,62.0,102,,,,
7114,73.0,102,,,,
7115,83.0,102,,,,
7116,82.0,102,,,,
7117,126.0,102,,,,
7118,102.0,102,,,,
7119,59.0,102,,,,
7120,74.0,102,,,,
7121,102.0,295,,,,
7122,59.0,295,,,,
7123,280.0,295,,,,
7124,131.0,295,,,,
7125,87.0,295,,,,
7126,183.0,295,,,,
7127,163.0,295,,,,
7128,88.0,295,,,,
7129,176.0,348,,,,
7130,64.0,348,,,,
7131,102.0,348,,,,
7132,88.0,348,,,,
7133,177.0,348,,,,
7134,159.0,348,,,,
7135,59.0,215,,,,
7136,62.0,215,,,,
7137,60.0,215,,,,
7138,319.0,215,,,,
7139,172.0,236,,,,
7140,98.0,236,,,,
7141,64.0,236,,,,
7142,366.0,236,,,,
7143,74.0,236,,,,
7144,129.0,236,,,,
7145,62.0,236,,,,
7146,234.0,236,,,,
7147,57.0,236,,,,
7148,145.0,580,,,,
7149,177.0,580,,,,
7150,429.0,580,,,,
7151,438.0,580,,,,
7152,91.0,580,,,,
7153,78.0,580,,,,
7154,98.0,580,,,,
7155,163.0,580,,,,
7156,97.0,580,,,,
7157,105.0,580,,,,
7158,161.0,580,,,,
7159,341.0,580,,,,
7160,160.0,580,,,,
7161,130.0,580,,,,
7162,169.0,580,,,,
7163,102.0,580,,,,
7164,79.0,580,,,,
7165,88.0,580,,,,
7166,214.0,580,,,,
7167,226.0,580,,,,
7168,183.0,580,,,,
7169,189.0,580,,,,
7170,280.0,580,,,,
7171,89.0,580,,,,
7172,291.0,580,,,,
7173,133.0,580,,,,
7174,82.0,580,,,,
7175,201.0,580,,,,
7176,92.0,580,,,,
7177,103.0,580,,,,
7178,264.0,580,,,,
7179,207.0,580,,,,
7180,65.0,580,,,,
7181,166.0,580,,,,
7182,176.0,580,,,,
7183,96.0,580,,,,
7184,61.0,580,,,,
7185,86.0,580,,,,
7186,64.0,580,,,,
7187,185.0,580,,,,
7188,602.0,580,,,,
7189,72.0,580,,,,
7190,285.0,580,,,,
7191,164.0,580,,,,
7192,389.0,580,,,,
7193,95.0,580,,,,
7194,62.0,580,,,,
7195,104.0,580,,,,
7196,644.0,580,,,,
7197,87.0,580,,,,
7198,167.0,580,,,,
7199,204.0,580,,,,
7200,59.0,580,,,,
7201,131.0,580,,,,
7202,57.0,580,,,,
7203,71.0,580,,,,
7204,74.0,580,,,,
7205,93.0,229,,,,
7206,163.0,229,,,,
7207,166.0,229,,,,
7208,105.0,229,,,,
7209,183.0,229,,,,
7210,161.0,229,,,,
7211,57.0,229,,,,
7212,160.0,229,,,,
7213,291.0,229,,,,
7214,82.0,229,,,,
7215,98.0,229,,,,
7216,59.0,229,,,,
7217,91.0,229,,,,
7218,102.0,229,,,,
7219,57.0,430,,,,
7220,163.0,430,,,,
7221,93.0,430,,,,
7222,59.0,430,,,,
7223,375.0,430,,,,
7224,64.0,430,,,,
7225,97.0,430,,,,
7226,52.0,430,,,,
7227,389.0,178,,,,
7228,64.0,178,,,,
7229,61.0,178,,,,
7230,93.0,178,,,,
7231,115.0,178,,,,
7232,83.0,178,,,,
7233,73.0,178,,,,
7234,172.0,596,,,,
7235,15.0,596,,,,
7236,11.0,596,,,,
7237,645.0,596,,,,
7238,163.0,596,,,,
7239,8.0,596,,,,
7240,12.0,596,,,,
7241,1.0,596,,,,
7242,61.0,596,,,,
7243,105.0,596,,,,
7244,214.0,596,,,,
7245,2.0,596,,,,
7246,168.0,596,,,,
7247,102.0,596,,,,
7248,57.0,383,,,,
7249,98.0,383,,,,
7250,64.0,383,,,,
7251,105.0,383,,,,
7252,106.0,383,,,,
7253,94.0,383,,,,
7254,538.0,383,,,,
7255,172.0,383,,,,
7256,97.0,383,,,,
7257,62.0,383,,,,
7258,61.0,383,,,,
7259,91.0,383,,,,
7260,102.0,383,,,,
7261,108.0,383,,,,
7262,166.0,383,,,,
7263,101.0,280,,,,
7264,85.0,280,,,,
7265,229.0,280,,,,
7266,646.0,280,,,,
7267,231.0,280,,,,
7268,126.0,280,,,,
7269,62.0,280,,,,
7270,61.0,280,,,,
7271,57.0,405,,,,
7272,189.0,405,,,,
7273,210.0,405,,,,
7274,166.0,405,,,,
7275,168.0,405,,,,
7276,87.0,405,,,,
7277,163.0,405,,,,
7278,263.0,405,,,,
7279,88.0,405,,,,
7280,172.0,405,,,,
7281,187.0,405,,,,
7282,145.0,405,,,,
7283,372.0,405,,,,
7284,196.0,405,,,,
7285,61.0,405,,,,
7286,194.0,405,,,,
7287,91.0,405,,,,
7288,97.0,405,,,,
7289,52.0,405,,,,
7290,104.0,405,,,,
7291,89.0,405,,,,
7292,72.0,405,,,,
7293,351.0,405,,,,
7294,64.0,405,,,,
7295,159.0,405,,,,
7296,108.0,405,,,,
7297,105.0,405,,,,
7298,192.0,405,,,,
7299,71.0,405,,,,
7300,90.0,405,,,,
7301,176.0,405,,,,
7302,98.0,405,,,,
7303,177.0,405,,,,
7304,59.0,405,,,,
7305,207.0,405,,,,
7306,63.0,405,,,,
7307,102.0,405,,,,
7308,198.0,405,,,,
7309,78.0,405,,,,
7310,62.0,405,,,,
7311,87.0,457,,,,
7312,176.0,457,,,,
7313,130.0,457,,,,
7314,211.0,457,,,,
7315,214.0,457,,,,
7316,192.0,457,,,,
7317,59.0,457,,,,
7318,102.0,457,,,,
7319,294.0,457,,,,
7320,79.0,457,,,,
7321,201.0,457,,,,
7322,163.0,457,,,,
7323,159.0,457,,,,
7324,160.0,457,,,,
7325,96.0,457,,,,
7326,88.0,457,,,,
7327,59.0,114,,,,
7328,319.0,114,,,,
7329,91.0,114,,,,
7330,57.0,114,,,,
7331,93.0,114,,,,
7332,82.0,114,,,,
7333,183.0,114,,,,
7334,73.0,114,,,,
7335,87.0,120,,,,
7336,59.0,120,,,,
7337,161.0,120,,,,
7338,91.0,120,,,,
7339,102.0,120,,,,
7340,160.0,120,,,,
7341,88.0,120,,,,
7342,206.0,120,,,,
7343,176.0,120,,,,
7344,163.0,120,,,,
7345,82.0,120,,,,
7346,57.0,120,,,,
7347,177.0,120,,,,
7348,131.0,120,,,,
7349,183.0,120,,,,
7350,214.0,120,,,,
7351,226.0,120,,,,
7352,93.0,120,,,,
7353,71.0,120,,,,
7354,232.0,120,,,,
7355,217.0,120,,,,
7356,145.0,120,,,,
7357,104.0,120,,,,
7358,61.0,120,,,,
7359,72.0,120,,,,
7360,130.0,108,,,,
7361,131.0,108,,,,
7362,187.0,108,,,,
7363,160.0,108,,,,
7364,161.0,108,,,,
7365,183.0,108,,,,
7366,82.0,108,,,,
7367,214.0,108,,,,
7368,222.0,108,,,,
7369,79.0,108,,,,
7370,472.0,108,,,,
7371,145.0,108,,,,
7372,98.0,108,,,,
7373,91.0,108,,,,
7374,57.0,108,,,,
7375,129.0,108,,,,
7376,172.0,108,,,,
7377,83.0,108,,,,
7378,226.0,108,,,,
7379,59.0,108,,,,
7380,457.0,108,,,,
7381,209.0,108,,,,
7382,311.0,108,,,,
7383,647.0,108,,,,
7384,648.0,108,,,,
7385,649.0,108,,,,
7386,91.0,641,,,,
7387,102.0,641,,,,
7388,163.0,641,,,,
7389,159.0,641,,,,
7390,59.0,641,,,,
7391,57.0,641,,,,
7392,64.0,394,,,,
7393,93.0,394,,,,
7394,61.0,394,,,,
7395,57.0,394,,,,
7396,63.0,394,,,,
7397,62.0,394,,,,
7398,65.0,394,,,,
7399,91.0,394,,,,
7400,431.0,394,,,,
7401,98.0,394,,,,
7402,259.0,394,,,,
7403,59.0,394,,,,
7404,102.0,394,,,,
7405,131.0,158,,,,
7406,214.0,158,,,,
7407,93.0,158,,,,
7408,130.0,158,,,,
7409,57.0,158,,,,
7410,87.0,158,,,,
7411,83.0,158,,,,
7412,508.0,158,,,,
7413,59.0,158,,,,
7414,88.0,158,,,,
7415,183.0,158,,,,
7416,224.0,158,,,,
7417,102.0,158,,,,
7418,82.0,158,,,,
7419,62.0,200,,,,
7420,61.0,200,,,,
7421,59.0,200,,,,
7422,97.0,200,,,,
7423,169.0,200,,,,
7424,64.0,200,,,,
7425,162.0,200,,,,
7426,74.0,200,,,,
7427,177.0,200,,,,
7428,208.0,200,,,,
7429,164.0,200,,,,
7430,57.0,200,,,,
7431,192.0,334,,,,
7432,88.0,334,,,,
7433,87.0,334,,,,
7434,183.0,334,,,,
7435,82.0,334,,,,
7436,61.0,334,,,,
7437,201.0,334,,,,
7438,177.0,334,,,,
7439,93.0,334,,,,
7440,131.0,334,,,,
7441,380.0,398,,,,
7442,226.0,398,,,,
7443,176.0,398,,,,
7444,550.0,398,,,,
7445,72.0,398,,,,
7446,183.0,398,,,,
7447,650.0,398,,,,
7448,447.0,398,,,,
7449,73.0,398,,,,
7450,651.0,398,,,,
7451,652.0,398,,,,
7452,573.0,398,,,,
7453,123.0,398,,,,
7454,115.0,398,,,,
7455,87.0,398,,,,
7456,653.0,398,,,,
7457,98.0,398,,,,
7458,195.0,398,,,,
7459,342.0,398,,,,
7460,88.0,398,,,,
7461,187.0,398,,,,
7462,129.0,398,,,,
7463,174.0,398,,,,
7464,654.0,398,,,,
7465,204.0,398,,,,
7466,222.0,398,,,,
7467,57.0,398,,,,
7468,95.0,398,,,,
7469,59.0,398,,,,
7470,161.0,398,,,,
7471,219.0,398,,,,
7472,206.0,398,,,,
7473,508.0,398,,,,
7474,102.0,398,,,,
7475,145.0,398,,,,
7476,381.0,398,,,,
7477,104.0,398,,,,
7478,160.0,398,,,,
7479,91.0,398,,,,
7480,431.0,398,,,,
7481,280.0,398,,,,
7482,163.0,398,,,,
7483,279.0,398,,,,
7484,214.0,398,,,,
7485,93.0,398,,,,
7486,105.0,398,,,,
7487,339.0,398,,,,
7488,441.0,398,,,,
7489,130.0,398,,,,
7490,196.0,398,,,,
7491,64.0,398,,,,
7492,108.0,398,,,,
7493,112.0,398,,,,
7494,82.0,398,,,,
7495,83.0,398,,,,
7496,655.0,398,,,,
7497,313.0,398,,,,
7498,234.0,398,,,,
7499,189.0,398,,,,
7500,172.0,398,,,,
7501,71.0,398,,,,
7502,430.0,398,,,,
7503,92.0,398,,,,
7504,341.0,398,,,,
7505,351.0,398,,,,
7506,192.0,398,,,,
7507,65.0,398,,,,
7508,438.0,398,,,,
7509,358.0,398,,,,
7510,656.0,398,,,,
7511,353.0,398,,,,
7512,540.0,398,,,,
7513,131.0,398,,,,
7514,259.0,398,,,,
7515,450.0,398,,,,
7516,79.0,398,,,,
7517,448.0,398,,,,
7518,602.0,398,,,,
7519,657.0,398,,,,
7520,103.0,398,,,,
7521,96.0,398,,,,
7522,554.0,398,,,,
7523,61.0,438,,,,
7524,230.0,438,,,,
7525,86.0,438,,,,
7526,163.0,438,,,,
7527,98.0,438,,,,
7528,64.0,438,,,,
7529,83.0,438,,,,
7530,59.0,438,,,,
7531,102.0,438,,,,
7532,108.0,438,,,,
7533,57.0,438,,,,
7534,62.0,438,,,,
7535,106.0,637,,,,
7536,183.0,637,,,,
7537,130.0,637,,,,
7538,159.0,637,,,,
7539,88.0,637,,,,
7540,87.0,637,,,,
7541,343.0,637,,,,
7542,82.0,637,,,,
7543,192.0,637,,,,
7544,62.0,637,,,,
7545,102.0,637,,,,
7546,162.0,637,,,,
7547,319.0,637,,,,
7548,206.0,637,,,,
7549,176.0,637,,,,
7550,72.0,637,,,,
7551,160.0,637,,,,
7552,226.0,637,,,,
7553,59.0,637,,,,
7554,86.0,637,,,,
7555,223.0,637,,,,
7556,57.0,637,,,,
7557,280.0,637,,,,
7558,45.0,515,,,,
7559,97.0,515,,,,
7560,160.0,515,,,,
7561,92.0,515,,,,
7562,59.0,515,,,,
7563,52.0,515,,,,
7564,226.0,515,,,,
7565,79.0,515,,,,
7566,161.0,515,,,,
7567,1.0,515,,,,
7568,82.0,515,,,,
7569,183.0,515,,,,
7570,214.0,515,,,,
7571,12.0,515,,,,
7572,90.0,515,,,,
7573,57.0,515,,,,
7574,131.0,515,,,,
7575,93.0,515,,,,
7576,385.0,150,,,,
7577,92.0,150,,,,
7578,57.0,150,,,,
7579,61.0,150,,,,
7580,93.0,150,,,,
7581,163.0,150,,,,
7582,126.0,150,,,,
7583,183.0,150,,,,
7584,102.0,150,,,,
7585,65.0,150,,,,
7586,231.0,150,,,,
7587,230.0,150,,,,
7588,259.0,150,,,,
7589,64.0,150,,,,
7590,59.0,150,,,,
7591,62.0,150,,,,
7592,57.0,104,,,,
7593,17.0,141,,,,
7594,466.0,141,,,,
7595,79.0,141,,,,
7596,102.0,141,,,,
7597,82.0,141,,,,
7598,206.0,141,,,,
7599,88.0,141,,,,
7600,160.0,141,,,,
7601,502.0,141,,,,
7602,57.0,141,,,,
7603,59.0,141,,,,
7604,217.0,141,,,,
7605,161.0,141,,,,
7606,622.0,141,,,,
7607,98.0,141,,,,
7608,129.0,141,,,,
7609,176.0,141,,,,
7610,168.0,141,,,,
7611,214.0,141,,,,
7612,223.0,141,,,,
7613,183.0,141,,,,
7614,82.0,428,,,,
7615,280.0,428,,,,
7616,161.0,428,,,,
7617,130.0,428,,,,
7618,160.0,428,,,,
7619,102.0,428,,,,
7620,89.0,428,,,,
7621,163.0,428,,,,
7622,176.0,428,,,,
7623,88.0,428,,,,
7624,57.0,428,,,,
7625,91.0,428,,,,
7626,87.0,428,,,,
7627,59.0,428,,,,
7628,102.0,442,,,,
7629,160.0,442,,,,
7630,82.0,442,,,,
7631,159.0,442,,,,
7632,163.0,442,,,,
7633,88.0,442,,,,
7634,59.0,442,,,,
7635,192.0,442,,,,
7636,163.0,479,,,,
7637,130.0,479,,,,
7638,183.0,479,,,,
7639,59.0,479,,,,
7640,280.0,479,,,,
7641,82.0,479,,,,
7642,93.0,479,,,,
7643,88.0,479,,,,
7644,183.0,566,,,,
7645,57.0,566,,,,
7646,88.0,566,,,,
7647,59.0,566,,,,
7648,159.0,566,,,,
7649,87.0,566,,,,
7650,163.0,566,,,,
7651,62.0,566,,,,
7652,129.0,566,,,,
7653,131.0,487,,,,
7654,204.0,487,,,,
7655,280.0,487,,,,
7656,163.0,487,,,,
7657,262.0,487,,,,
7658,59.0,487,,,,
7659,57.0,487,,,,
7660,159.0,487,,,,
7661,86.0,487,,,,
7662,88.0,487,,,,
7663,64.0,487,,,,
7664,82.0,487,,,,
7665,222.0,487,,,,
7666,163.0,443,,,,
7667,88.0,443,,,,
7668,102.0,443,,,,
7669,59.0,443,,,,
7670,91.0,443,,,,
7671,159.0,443,,,,
7672,183.0,292,,,,
7673,429.0,292,,,,
7674,204.0,292,,,,
7675,91.0,292,,,,
7676,94.0,292,,,,
7677,87.0,292,,,,
7678,188.0,292,,,,
7679,64.0,292,,,,
7680,104.0,292,,,,
7681,71.0,292,,,,
7682,145.0,292,,,,
7683,207.0,292,,,,
7684,78.0,292,,,,
7685,72.0,292,,,,
7686,214.0,292,,,,
7687,192.0,292,,,,
7688,226.0,292,,,,
7689,177.0,292,,,,
7690,160.0,292,,,,
7691,442.0,292,,,,
7692,98.0,292,,,,
7693,210.0,292,,,,
7694,106.0,292,,,,
7695,102.0,292,,,,
7696,301.0,292,,,,
7697,92.0,292,,,,
7698,364.0,292,,,,
7699,161.0,292,,,,
7700,280.0,292,,,,
7701,84.0,292,,,,
7702,86.0,292,,,,
7703,126.0,292,,,,
7704,163.0,292,,,,
7705,62.0,292,,,,
7706,61.0,292,,,,
7707,176.0,292,,,,
7708,70.0,292,,,,
7709,67.0,292,,,,
7710,169.0,292,,,,
7711,658.0,292,,,,
7712,189.0,292,,,,
7713,59.0,292,,,,
7714,540.0,292,,,,
7715,194.0,292,,,,
7716,74.0,292,,,,
7717,229.0,292,,,,
7718,90.0,292,,,,
7719,159.0,292,,,,
7720,57.0,292,,,,
7721,196.0,292,,,,
7722,231.0,292,,,,
7723,222.0,292,,,,
7724,83.0,292,,,,
7725,79.0,292,,,,
7726,130.0,292,,,,
7727,82.0,292,,,,
7728,193.0,292,,,,
7729,65.0,292,,,,
7730,131.0,292,,,,
7731,57.0,306,,,,
7732,93.0,306,,,,
7733,61.0,306,,,,
7734,59.0,306,,,,
7735,74.0,306,,,,
7736,172.0,306,,,,
7737,259.0,306,,,,
7738,163.0,306,,,,
7739,165.0,306,,,,
7740,62.0,306,,,,
7741,440.0,402,,,,
7742,82.0,402,,,,
7743,64.0,402,,,,
7744,102.0,402,,,,
7745,91.0,402,,,,
7746,183.0,402,,,,
7747,105.0,402,,,,
7748,62.0,402,,,,
7749,159.0,402,,,,
7750,88.0,402,,,,
7751,163.0,402,,,,
7752,98.0,402,,,,
7753,63.0,402,,,,
7754,163.0,9,,,,
7755,131.0,9,,,,
7756,102.0,9,,,,
7757,204.0,9,,,,
7758,86.0,9,,,,
7759,59.0,9,,,,
7760,102.0,433,,,,
7761,130.0,433,,,,
7762,429.0,433,,,,
7763,59.0,433,,,,
7764,260.0,433,,,,
7765,204.0,433,,,,
7766,183.0,433,,,,
7767,343.0,433,,,,
7768,65.0,433,,,,
7769,259.0,433,,,,
7770,438.0,433,,,,
7771,176.0,433,,,,
7772,159.0,433,,,,
7773,226.0,433,,,,
7774,93.0,433,,,,
7775,430.0,433,,,,
7776,396.0,433,,,,
7777,214.0,433,,,,
7778,291.0,433,,,,
7779,540.0,433,,,,
7780,280.0,433,,,,
7781,483.0,433,,,,
7782,161.0,433,,,,
7783,57.0,433,,,,
7784,163.0,433,,,,
7785,445.0,433,,,,
7786,131.0,433,,,,
7787,82.0,433,,,,
7788,188.0,433,,,,
7789,160.0,433,,,,
7790,358.0,433,,,,
7791,87.0,433,,,,
7792,92.0,433,,,,
7793,64.0,433,,,,
7794,98.0,433,,,,
7795,166.0,433,,,,
7796,91.0,433,,,,
7797,52.0,433,,,,
7798,118.0,433,,,,
7799,288.0,433,,,,
7800,61.0,444,,,,
7801,102.0,444,,,,
7802,105.0,444,,,,
7803,159.0,444,,,,
7804,1.0,444,,,,
7805,91.0,444,,,,
7806,98.0,444,,,,
7807,126.0,444,,,,
7808,63.0,444,,,,
7809,64.0,444,,,,
7810,176.0,444,,,,
7811,351.0,531,,,,
7812,187.0,531,,,,
7813,159.0,531,,,,
7814,189.0,531,,,,
7815,201.0,531,,,,
7816,192.0,531,,,,
7817,87.0,531,,,,
7818,237.0,531,,,,
7819,181.0,531,,,,
7820,294.0,531,,,,
7821,172.0,531,,,,
7822,432.0,531,,,,
7823,145.0,531,,,,
7824,254.0,531,,,,
7825,529.0,531,,,,
7826,70.0,531,,,,
7827,67.0,531,,,,
7828,88.0,531,,,,
7829,198.0,531,,,,
7830,431.0,531,,,,
7831,389.0,531,,,,
7832,168.0,531,,,,
7833,438.0,531,,,,
7834,503.0,531,,,,
7835,171.0,531,,,,
7836,219.0,531,,,,
7837,174.0,531,,,,
7838,104.0,531,,,,
7839,197.0,531,,,,
7840,149.0,531,,,,
7841,319.0,531,,,,
7842,163.0,531,,,,
7843,65.0,531,,,,
7844,83.0,531,,,,
7845,263.0,531,,,,
7846,286.0,531,,,,
7847,313.0,531,,,,
7848,98.0,531,,,,
7849,176.0,531,,,,
7850,57.0,531,,,,
7851,93.0,531,,,,
7852,92.0,531,,,,
7853,102.0,531,,,,
7854,175.0,531,,,,
7855,203.0,531,,,,
7856,97.0,531,,,,
7857,91.0,531,,,,
7858,72.0,531,,,,
7859,105.0,531,,,,
7860,64.0,531,,,,
7861,193.0,531,,,,
7862,71.0,531,,,,
7863,59.0,531,,,,
7864,89.0,531,,,,
7865,163.0,614,,,,
7866,88.0,614,,,,
7867,102.0,614,,,,
7868,91.0,585,,,,
7869,1.0,585,,,,
7870,102.0,585,,,,
7871,10.0,585,,,,
7872,386.0,585,,,,
7873,159.0,585,,,,
7874,17.0,585,,,,
7875,98.0,449,,,,
7876,176.0,449,,,,
7877,57.0,449,,,,
7878,127.0,449,,,,
7879,59.0,449,,,,
7880,61.0,449,,,,
7881,163.0,449,,,,
7882,92.0,449,,,,
7883,71.0,449,,,,
7884,93.0,449,,,,
7885,83.0,449,,,,
7886,64.0,264,,,,
7887,98.0,264,,,,
7888,172.0,264,,,,
7889,126.0,264,,,,
7890,105.0,264,,,,
7891,91.0,264,,,,
7892,159.0,264,,,,
7893,57.0,264,,,,
7894,102.0,264,,,,
7895,61.0,264,,,,
7896,59.0,264,,,,
7897,163.0,264,,,,
7898,93.0,469,,,,
7899,62.0,469,,,,
7900,61.0,469,,,,
7901,57.0,469,,,,
7902,59.0,469,,,,
7903,82.0,257,,,,
7904,6.0,257,,,,
7905,17.0,257,,,,
7906,102.0,257,,,,
7907,93.0,257,,,,
7908,61.0,257,,,,
7909,130.0,257,,,,
7910,4.0,257,,,,
7911,163.0,257,,,,
7912,87.0,257,,,,
7913,88.0,257,,,,
7914,280.0,257,,,,
7915,183.0,257,,,,
7916,59.0,313,,,,
7917,91.0,313,,,,
7918,98.0,313,,,,
7919,64.0,313,,,,
7920,52.0,313,,,,
7921,92.0,313,,,,
7922,93.0,313,,,,
7923,61.0,313,,,,
7924,168.0,517,,,,
7925,95.0,517,,,,
7926,226.0,517,,,,
7927,79.0,517,,,,
7928,160.0,517,,,,
7929,192.0,517,,,,
7930,543.0,517,,,,
7931,88.0,517,,,,
7932,101.0,517,,,,
7933,214.0,517,,,,
7934,59.0,517,,,,
7935,93.0,517,,,,
7936,183.0,517,,,,
7937,106.0,517,,,,
7938,206.0,517,,,,
7939,280.0,517,,,,
7940,260.0,517,,,,
7941,83.0,517,,,,
7942,161.0,517,,,,
7943,135.0,517,,,,
7944,189.0,517,,,,
7945,146.0,517,,,,
7946,194.0,517,,,,
7947,90.0,517,,,,
7948,204.0,517,,,,
7949,108.0,517,,,,
7950,87.0,517,,,,
7951,196.0,517,,,,
7952,176.0,517,,,,
7953,207.0,517,,,,
7954,177.0,517,,,,
7955,89.0,517,,,,
7956,142.0,517,,,,
7957,105.0,517,,,,
7958,259.0,517,,,,
7959,213.0,517,,,,
7960,96.0,517,,,,
7961,74.0,517,,,,
7962,195.0,517,,,,
7963,438.0,517,,,,
7964,230.0,517,,,,
7965,64.0,517,,,,
7966,158.0,517,,,,
7967,131.0,517,,,,
7968,65.0,517,,,,
7969,329.0,517,,,,
7970,163.0,517,,,,
7971,92.0,517,,,,
7972,222.0,517,,,,
7973,82.0,517,,,,
7974,129.0,517,,,,
7975,86.0,517,,,,
7976,94.0,517,,,,
7977,103.0,517,,,,
7978,166.0,517,,,,
7979,72.0,517,,,,
7980,104.0,517,,,,
7981,217.0,517,,,,
7982,145.0,517,,,,
7983,102.0,517,,,,
7984,71.0,517,,,,
7985,98.0,517,,,,
7986,91.0,517,,,,
7987,88.0,94,,,,
7988,176.0,94,,,,
7989,163.0,94,,,,
7990,87.0,94,,,,
7991,62.0,94,,,,
7992,160.0,553,,,,
7993,87.0,553,,,,
7994,183.0,553,,,,
7995,195.0,553,,,,
7996,88.0,553,,,,
7997,192.0,553,,,,
7998,61.0,553,,,,
7999,204.0,553,,,,
8000,89.0,553,,,,
8001,210.0,553,,,,
8002,208.0,553,,,,
8003,130.0,553,,,,
8004,64.0,553,,,,
8005,102.0,553,,,,
8006,94.0,553,,,,
8007,166.0,553,,,,
8008,167.0,553,,,,
8009,105.0,553,,,,
8010,189.0,553,,,,
8011,91.0,553,,,,
8012,280.0,553,,,,
8013,163.0,553,,,,
8014,161.0,553,,,,
8015,267.0,553,,,,
8016,95.0,553,,,,
8017,206.0,553,,,,
8018,104.0,553,,,,
8019,108.0,553,,,,
8020,222.0,553,,,,
8021,145.0,553,,,,
8022,660.0,553,,,,
8023,661.0,553,,,,
8024,226.0,553,,,,
8025,662.0,553,,,,
8026,71.0,553,,,,
8027,103.0,553,,,,
8028,72.0,553,,,,
8029,214.0,553,,,,
8030,65.0,553,,,,
8031,59.0,553,,,,
8032,96.0,553,,,,
8033,663.0,553,,,,
8034,82.0,553,,,,
8035,176.0,553,,,,
8036,135.0,553,,,,
8037,98.0,553,,,,
8038,664.0,553,,,,
8039,146.0,553,,,,
8040,665.0,553,,,,
8041,131.0,553,,,,
8042,666.0,553,,,,
8043,57.0,553,,,,
8044,97.0,553,,,,
8045,83.0,277,,,,
8046,64.0,277,,,,
8047,130.0,277,,,,
8048,82.0,277,,,,
8049,91.0,277,,,,
8050,163.0,277,,,,
8051,57.0,277,,,,
8052,62.0,277,,,,
8053,98.0,277,,,,
8054,105.0,277,,,,
8055,102.0,277,,,,
8056,59.0,277,,,,
8057,319.0,277,,,,
8058,65.0,277,,,,
8059,163.0,1,,,,
8060,183.0,1,,,,
8061,88.0,1,,,,
8062,82.0,1,,,,
8063,59.0,1,,,,
8064,102.0,1,,,,
8065,92.0,1,,,,
8066,57.0,1,,,,
8067,87.0,1,,,,
8068,357.0,1,,,,
8069,91.0,1,,,,
8070,368.0,1,,,,
8071,192.0,1,,,,
8072,97.0,263,,,,
8073,483.0,263,,,,
8074,308.0,263,,,,
8075,61.0,263,,,,
8076,145.0,263,,,,
8077,93.0,263,,,,
8078,260.0,263,,,,
8079,57.0,263,,,,
8080,254.0,263,,,,
8081,204.0,263,,,,
8082,222.0,263,,,,
8083,105.0,263,,,,
8084,566.0,263,,,,
8085,215.0,263,,,,
8086,167.0,263,,,,
8087,126.0,263,,,,
8088,206.0,263,,,,
8089,152.0,263,,,,
8090,64.0,263,,,,
8091,72.0,263,,,,
8092,106.0,263,,,,
8093,91.0,263,,,,
8094,108.0,263,,,,
8095,293.0,263,,,,
8096,104.0,263,,,,
8097,219.0,263,,,,
8098,71.0,263,,,,
8099,92.0,263,,,,
8100,341.0,263,,,,
8101,205.0,263,,,,
8102,207.0,263,,,,
8103,161.0,263,,,,
8104,493.0,263,,,,
8105,62.0,263,,,,
8106,280.0,263,,,,
8107,169.0,263,,,,
8108,198.0,263,,,,
8109,192.0,263,,,,
8110,325.0,263,,,,
8111,166.0,263,,,,
8112,532.0,263,,,,
8113,214.0,263,,,,
8114,163.0,263,,,,
8115,226.0,263,,,,
8116,82.0,263,,,,
8117,196.0,263,,,,
8118,193.0,263,,,,
8119,168.0,263,,,,
8120,189.0,263,,,,
8121,98.0,263,,,,
8122,79.0,263,,,,
8123,89.0,263,,,,
8124,59.0,263,,,,
8125,102.0,263,,,,
8126,160.0,263,,,,
8127,183.0,263,,,,
8128,88.0,263,,,,
8129,217.0,263,,,,
8130,131.0,263,,,,
8131,87.0,263,,,,
8132,176.0,263,,,,
8133,61.0,221,,,,
8134,105.0,221,,,,
8135,59.0,221,,,,
8136,62.0,221,,,,
8137,98.0,221,,,,
8138,64.0,221,,,,
8139,389.0,221,,,,
8140,228.0,221,,,,
8141,102.0,221,,,,
8142,57.0,221,,,,
8143,73.0,247,,,,
8144,115.0,247,,,,
8145,91.0,247,,,,
8146,64.0,247,,,,
8147,62.0,247,,,,
8148,57.0,247,,,,
8149,59.0,247,,,,
8150,102.0,247,,,,
8151,163.0,247,,,,
8152,108.0,247,,,,
8153,105.0,247,,,,
8154,93.0,247,,,,
8155,61.0,247,,,,
8156,83.0,247,,,,
8157,98.0,247,,,,
8158,163.0,542,,,,
8159,176.0,542,,,,
8160,102.0,542,,,,
8161,127.0,542,,,,
8162,286.0,535,,,,
8163,97.0,535,,,,
8164,72.0,535,,,,
8165,93.0,535,,,,
8166,159.0,347,,,,
8167,64.0,347,,,,
8168,59.0,347,,,,
8169,102.0,347,,,,
8170,176.0,347,,,,
8171,97.0,347,,,,
8172,98.0,347,,,,
8173,108.0,347,,,,
8174,86.0,347,,,,
8175,93.0,347,,,,
8176,176.0,113,,,,
8177,98.0,113,,,,
8178,93.0,113,,,,
8179,86.0,113,,,,
8180,59.0,113,,,,
8181,102.0,113,,,,
8182,445.0,113,,,,
8183,91.0,113,,,,
8184,133.0,113,,,,
8185,64.0,113,,,,
8186,192.0,113,,,,
8187,61.0,113,,,,
8188,57.0,113,,,,
8189,97.0,113,,,,
8190,203.0,113,,,,
8191,83.0,113,,,,
8192,105.0,49,,,,
8193,82.0,49,,,,
8194,93.0,49,,,,
8195,262.0,49,,,,
8196,172.0,49,,,,
8197,102.0,49,,,,
8198,61.0,49,,,,
8199,98.0,49,,,,
8200,222.0,49,,,,
8201,65.0,49,,,,
8202,108.0,49,,,,
8203,64.0,49,,,,
8204,62.0,49,,,,
8205,57.0,49,,,,
8206,126.0,49,,,,
8207,169.0,49,,,,
8208,59.0,49,,,,
8209,174.0,49,,,,
8210,171.0,49,,,,
8211,83.0,49,,,,
8212,129.0,49,,,,
8213,142.0,49,,,,
8214,667.0,49,,,,
8215,668.0,49,,,,
8216,458.0,49,,,,
8217,64.0,172,,,,
8218,60.0,172,,,,
8219,73.0,172,,,,
8220,165.0,172,,,,
8221,127.0,172,,,,
8222,115.0,172,,,,
8223,478.0,172,,,,
8224,149.0,172,,,,
8225,93.0,172,,,,
8226,480.0,172,,,,
8227,458.0,172,,,,
8228,577.0,172,,,,
8229,121.0,172,,,,
8230,195.0,172,,,,
8231,154.0,172,,,,
8232,129.0,172,,,,
8233,62.0,172,,,,
8234,142.0,172,,,,
8235,667.0,172,,,,
8236,148.0,172,,,,
8237,153.0,172,,,,
8238,57.0,172,,,,
8239,98.0,172,,,,
8240,59.0,172,,,,
8241,236.0,172,,,,
8242,108.0,529,,,,
8243,52.0,529,,,,
8244,211.0,529,,,,
8245,7.0,529,,,,
8246,438.0,529,,,,
8247,176.0,529,,,,
8248,87.0,529,,,,
8249,166.0,529,,,,
8250,280.0,529,,,,
8251,130.0,529,,,,
8252,226.0,529,,,,
8253,263.0,529,,,,
8254,159.0,529,,,,
8255,163.0,529,,,,
8256,62.0,529,,,,
8257,95.0,529,,,,
8258,71.0,529,,,,
8259,172.0,529,,,,
8260,131.0,529,,,,
8261,214.0,529,,,,
8262,79.0,529,,,,
8263,82.0,529,,,,
8264,64.0,529,,,,
8265,389.0,529,,,,
8266,59.0,529,,,,
8267,189.0,529,,,,
8268,183.0,529,,,,
8269,57.0,529,,,,
8270,145.0,529,,,,
8271,160.0,529,,,,
8272,265.0,529,,,,
8273,87.0,495,,,,
8274,88.0,495,,,,
8275,102.0,495,,,,
8276,189.0,495,,,,
8277,669.0,495,,,,
8278,163.0,495,,,,
8279,208.0,495,,,,
8280,91.0,495,,,,
8281,670.0,495,,,,
8282,59.0,495,,,,
8283,176.0,495,,,,
8284,57.0,495,,,,
8285,207.0,495,,,,
8286,86.0,495,,,,
8287,224.0,598,,,,
8288,130.0,598,,,,
8289,159.0,598,,,,
8290,102.0,598,,,,
8291,91.0,598,,,,
8292,183.0,598,,,,
8293,96.0,598,,,,
8294,64.0,598,,,,
8295,98.0,598,,,,
8296,160.0,598,,,,
8297,82.0,598,,,,
8298,176.0,598,,,,
8299,208.0,598,,,,
8300,65.0,598,,,,
8301,88.0,598,,,,
8302,59.0,598,,,,
8303,57.0,598,,,,
8304,192.0,598,,,,
8305,162.0,598,,,,
8306,87.0,577,,,,
8307,83.0,577,,,,
8308,64.0,577,,,,
8309,62.0,610,,,,
8310,130.0,610,,,,
8311,87.0,610,,,,
8312,163.0,610,,,,
8313,102.0,610,,,,
8314,82.0,610,,,,
8315,185.0,610,,,,
8316,385.0,610,,,,
8317,91.0,610,,,,
8318,61.0,610,,,,
8319,260.0,610,,,,
8320,535.0,610,,,,
8321,168.0,610,,,,
8322,105.0,610,,,,
8323,160.0,255,,,,
8324,92.0,255,,,,
8325,192.0,255,,,,
8326,133.0,255,,,,
8327,88.0,255,,,,
8328,59.0,255,,,,
8329,57.0,255,,,,
8330,102.0,255,,,,
8331,87.0,255,,,,
8332,105.0,255,,,,
8333,159.0,255,,,,
8334,131.0,255,,,,
8335,183.0,255,,,,
8336,61.0,476,,,,
8337,343.0,476,,,,
8338,163.0,476,,,,
8339,82.0,476,,,,
8340,72.0,476,,,,
8341,59.0,476,,,,
8342,456.0,476,,,,
8343,87.0,476,,,,
8344,131.0,476,,,,
8345,145.0,476,,,,
8346,86.0,476,,,,
8347,195.0,123,,,,
8348,65.0,123,,,,
8349,87.0,123,,,,
8350,259.0,123,,,,
8351,105.0,123,,,,
8352,98.0,123,,,,
8353,59.0,123,,,,
8354,91.0,123,,,,
8355,93.0,123,,,,
8356,102.0,123,,,,
8357,88.0,123,,,,
8358,82.0,123,,,,
8359,130.0,123,,,,
8360,96.0,123,,,,
8361,57.0,123,,,,
8362,204.0,575,,,,
8363,131.0,575,,,,
8364,88.0,575,,,,
8365,73.0,575,,,,
8366,87.0,575,,,,
8367,176.0,575,,,,
8368,254.0,575,,,,
8369,57.0,575,,,,
8370,59.0,575,,,,
8371,73.0,218,,,,
8372,116.0,218,,,,
8373,127.0,218,,,,
8374,115.0,218,,,,
8375,163.0,218,,,,
8376,91.0,218,,,,
8377,108.0,218,,,,
8378,671.0,218,,,,
8379,438.0,218,,,,
8380,176.0,218,,,,
8381,59.0,218,,,,
8382,57.0,218,,,,
8383,102.0,218,,,,
8384,105.0,218,,,,
8385,672.0,218,,,,
8386,573.0,218,,,,
8387,62.0,218,,,,
8388,94.0,218,,,,
8389,98.0,218,,,,
8390,61.0,218,,,,
8391,106.0,218,,,,
8392,228.0,218,,,,
8393,93.0,218,,,,
8394,97.0,218,,,,
8395,673.0,218,,,,
8396,674.0,218,,,,
8397,91.0,63,,,,
8398,59.0,63,,,,
8399,163.0,63,,,,
8400,91.0,50,,,,
8401,207.0,50,,,,
8402,131.0,50,,,,
8403,172.0,50,,,,
8404,87.0,50,,,,
8405,133.0,50,,,,
8406,163.0,50,,,,
8407,532.0,50,,,,
8408,57.0,50,,,,
8409,176.0,50,,,,
8410,204.0,50,,,,
8411,59.0,50,,,,
8412,130.0,50,,,,
8413,188.0,50,,,,
8414,675.0,50,,,,
8415,83.0,50,,,,
8416,7.0,50,,,,
8417,676.0,50,,,,
8418,93.0,50,,,,
8419,518.0,50,,,,
8420,62.0,50,,,,
8421,65.0,50,,,,
8422,61.0,50,,,,
8423,98.0,50,,,,
8424,677.0,50,,,,
8425,64.0,50,,,,
8426,189.0,50,,,,
8427,358.0,50,,,,
8428,64.0,90,,,,
8429,93.0,90,,,,
8430,192.0,90,,,,
8431,60.0,90,,,,
8432,163.0,90,,,,
8433,170.0,90,,,,
8434,69.0,197,,,,
8435,57.0,197,,,,
8436,59.0,197,,,,
8437,87.0,197,,,,
8438,159.0,197,,,,
8439,163.0,197,,,,
8440,88.0,219,,,,
8441,59.0,219,,,,
8442,57.0,219,,,,
8443,105.0,219,,,,
8444,87.0,219,,,,
8445,69.0,29,,,,
8446,131.0,29,,,,
8447,163.0,29,,,,
8448,530.0,29,,,,
8449,62.0,29,,,,
8450,105.0,29,,,,
8451,83.0,29,,,,
8452,129.0,29,,,,
8453,234.0,314,,,,
8454,172.0,314,,,,
8455,210.0,314,,,,
8456,254.0,314,,,,
8457,87.0,314,,,,
8458,188.0,314,,,,
8459,84.0,314,,,,
8460,104.0,314,,,,
8461,298.0,314,,,,
8462,149.0,314,,,,
8463,145.0,314,,,,
8464,98.0,314,,,,
8465,83.0,314,,,,
8466,90.0,314,,,,
8467,233.0,314,,,,
8468,105.0,314,,,,
8469,102.0,314,,,,
8470,207.0,314,,,,
8471,438.0,314,,,,
8472,110.0,314,,,,
8473,65.0,314,,,,
8474,302.0,314,,,,
8475,351.0,314,,,,
8476,312.0,314,,,,
8477,159.0,314,,,,
8478,187.0,314,,,,
8479,64.0,314,,,,
8480,189.0,314,,,,
8481,219.0,314,,,,
8482,59.0,314,,,,
8483,57.0,314,,,,
8484,163.0,314,,,,
8485,71.0,314,,,,
8486,532.0,314,,,,
8487,91.0,314,,,,
8488,192.0,314,,,,
8489,72.0,314,,,,
8490,61.0,314,,,,
8491,93.0,314,,,,
8492,176.0,314,,,,
8493,175.0,314,,,,
8494,97.0,314,,,,
8495,61.0,634,,,,
8496,59.0,634,,,,
8497,62.0,634,,,,
8498,57.0,634,,,,
8499,122.0,634,,,,
8500,111.0,634,,,,
8501,93.0,634,,,,
8502,274.0,634,,,,
8503,97.0,634,,,,
8504,493.0,634,,,,
8505,102.0,593,,,,
8506,93.0,593,,,,
8507,559.0,593,,,,
8508,206.0,593,,,,
8509,82.0,593,,,,
8510,280.0,593,,,,
8511,192.0,593,,,,
8512,130.0,593,,,,
8513,161.0,593,,,,
8514,160.0,593,,,,
8515,211.0,593,,,,
8516,87.0,593,,,,
8517,86.0,593,,,,
8518,59.0,593,,,,
8519,64.0,593,,,,
8520,222.0,593,,,,
8521,183.0,593,,,,
8522,131.0,593,,,,
8523,130.0,227,,,,
8524,82.0,227,,,,
8525,192.0,227,,,,
8526,59.0,227,,,,
8527,89.0,227,,,,
8528,62.0,227,,,,
8529,176.0,227,,,,
8530,170.0,227,,,,
8531,162.0,227,,,,
8532,57.0,227,,,,
8533,87.0,143,,,,
8534,92.0,143,,,,
8535,163.0,143,,,,
8536,57.0,143,,,,
8537,169.0,143,,,,
8538,168.0,143,,,,
8539,10.0,143,,,,
8540,61.0,143,,,,
8541,1.0,143,,,,
8542,395.0,143,,,,
8543,91.0,143,,,,
8544,260.0,143,,,,
8545,59.0,143,,,,
8546,91.0,520,,,,
8547,59.0,520,,,,
8548,57.0,520,,,,
8549,226.0,520,,,,
8550,93.0,520,,,,
8551,61.0,520,,,,
8552,87.0,520,,,,
8553,88.0,520,,,,
8554,183.0,520,,,,
8555,82.0,520,,,,
8556,102.0,520,,,,
8557,204.0,520,,,,
8558,73.0,206,,,,
8559,169.0,206,,,,
8560,71.0,206,,,,
8561,115.0,206,,,,
8562,72.0,206,,,,
8563,61.0,206,,,,
8564,168.0,206,,,,
8565,64.0,206,,,,
8566,63.0,206,,,,
8567,104.0,206,,,,
8568,145.0,206,,,,
8569,105.0,429,,,,
8570,102.0,429,,,,
8571,59.0,429,,,,
8572,159.0,429,,,,
8573,166.0,429,,,,
8574,192.0,429,,,,
8575,176.0,429,,,,
8576,57.0,429,,,,
8577,172.0,429,,,,
8578,254.0,429,,,,
8579,163.0,429,,,,
8580,201.0,429,,,,
8581,88.0,429,,,,
8582,83.0,586,,,,
8583,131.0,586,,,,
8584,601.0,586,,,,
8585,206.0,586,,,,
8586,86.0,586,,,,
8587,82.0,586,,,,
8588,59.0,586,,,,
8589,98.0,586,,,,
8590,130.0,586,,,,
8591,280.0,586,,,,
8592,57.0,586,,,,
8593,102.0,586,,,,
8594,61.0,586,,,,
8595,74.0,586,,,,
8596,559.0,586,,,,
8597,183.0,586,,,,
8598,163.0,34,,,,
8599,61.0,34,,,,
8600,102.0,34,,,,
8601,93.0,34,,,,
8602,87.0,34,,,,
8603,259.0,34,,,,
8604,86.0,34,,,,
8605,59.0,34,,,,
8606,88.0,34,,,,
8607,98.0,34,,,,
8608,57.0,34,,,,
8609,91.0,34,,,,
8610,131.0,492,,,,
8611,59.0,492,,,,
8612,84.0,492,,,,
8613,163.0,492,,,,
8614,82.0,492,,,,
8615,204.0,492,,,,
8616,159.0,492,,,,
8617,172.0,179,,,,
8618,105.0,179,,,,
8619,57.0,179,,,,
8620,98.0,179,,,,
8621,493.0,179,,,,
8622,102.0,179,,,,
8623,61.0,179,,,,
8624,59.0,179,,,,
8625,52.0,240,,,,
8626,163.0,240,,,,
8627,57.0,240,,,,
8628,189.0,240,,,,
8629,159.0,240,,,,
8630,93.0,240,,,,
8631,105.0,240,,,,
8632,203.0,240,,,,
8633,64.0,240,,,,
8634,59.0,240,,,,
8635,131.0,286,,,,
8636,678.0,286,,,,
8637,263.0,286,,,,
8638,183.0,286,,,,
8639,88.0,286,,,,
8640,82.0,286,,,,
8641,160.0,286,,,,
8642,87.0,286,,,,
8643,679.0,286,,,,
8644,129.0,286,,,,
8645,57.0,286,,,,
8646,59.0,286,,,,
8647,102.0,286,,,,
8648,168.0,286,,,,
8649,189.0,286,,,,
8650,176.0,286,,,,
8651,133.0,286,,,,
8652,162.0,286,,,,
8653,218.0,286,,,,
8654,217.0,286,,,,
8655,91.0,626,,,,
8656,93.0,626,,,,
8657,83.0,626,,,,
8658,61.0,626,,,,
8659,172.0,626,,,,
8660,57.0,626,,,,
8661,163.0,626,,,,
8662,59.0,626,,,,
8663,159.0,626,,,,
8664,87.0,626,,,,
8665,176.0,626,,,,
8666,166.0,628,,,,
8667,84.0,628,,,,
8668,11.0,628,,,,
8669,183.0,628,,,,
8670,160.0,628,,,,
8671,130.0,628,,,,
8672,412.0,628,,,,
8673,102.0,628,,,,
8674,87.0,628,,,,
8675,163.0,628,,,,
8676,82.0,628,,,,
8677,88.0,628,,,,
8678,1.0,628,,,,
8679,59.0,628,,,,
8680,142.0,628,,,,
8681,159.0,454,,,,
8682,57.0,454,,,,
8683,224.0,454,,,,
8684,163.0,454,,,,
8685,131.0,454,,,,
8686,102.0,454,,,,
8687,59.0,454,,,,
8688,86.0,454,,,,
8689,87.0,454,,,,
8690,183.0,551,,,,
8691,280.0,551,,,,
8692,163.0,551,,,,
8693,88.0,551,,,,
8694,87.0,551,,,,
8695,130.0,551,,,,
8696,93.0,551,,,,
8697,59.0,551,,,,
8698,57.0,551,,,,
8699,83.0,551,,,,
8700,102.0,551,,,,
8701,98.0,551,,,,
8702,59.0,474,,,,
8703,159.0,474,,,,
8704,166.0,474,,,,
8705,163.0,474,,,,
8706,62.0,474,,,,
8707,131.0,474,,,,
8708,57.0,474,,,,
8709,1.0,474,,,,
8710,102.0,474,,,,
8711,59.0,613,,,,
8712,57.0,613,,,,
8713,163.0,613,,,,
8714,61.0,613,,,,
8715,83.0,613,,,,
8716,220.0,613,,,,
8717,102.0,144,,,,
8718,162.0,144,,,,
8719,16.0,69,,,,
8720,91.0,69,,,,
8721,61.0,69,,,,
8722,102.0,69,,,,
8723,64.0,69,,,,
8724,60.0,69,,,,
8725,1.0,69,,,,
8726,93.0,69,,,,
8727,83.0,69,,,,
8728,78.0,69,,,,
8729,170.0,69,,,,
8730,17.0,69,,,,
8731,87.0,69,,,,
8732,254.0,69,,,,
8733,2.0,69,,,,
