university_id,nama,npsn,nama singkat,kode_pos,telepon,fax,email,alamat,kota,provinsi,akreditasi,Status ,rank_qs,rank_country
1,Universitas Tamansiswa,101005,UNITAS,25138,(0751) 40020,,unitaspadang@yahoo.com,Jalan Tamansiswa No 9 Padang,Padang,Sumatera Barat,Baik Sekali,swasta,,
2,Institut Agama Islam Bunga Bangsa Cirebon,212056,IAI BBC,45153,(0231)246215,,staibbc.cirebon@gmail.com,Jln. Widarasari III-Tuparev Cirebon,Cirebon,Jawa Barat,Baik,swasta,,
3,Universitas Muhadi Setiabudi,61036,UMUS,52252,(0283) 6199000,,umus@umus.ac.id,"Jl. P. Diponegoro Km 2 Pesantunan, Wanasari Brebes – Jawa Tengah",Brebes,Jawa Tengah,Baik Sekali,swasta,,
4,Universitas Musamus Merauke,1051,UNMUS,99611,971330651,,info@unmus.ac.id,Jalan Kamizaun Mopah Lama Merauke,Merauke,Papua Selatan,Baik Sekali,negeri,,
5,Universitas Methodist Indonesia,11006,UMI MEDAN,20152,614536465,,info@methodist.ac.id,Jalan Hang Tuah No 8,Labuhanbatu Selatan,Sumatera Utara,Baik Sekali,swasta,,
6,Universitas Katolik Widya Karya,71026,UKWK,65115,341553171,,widyakarya@widyakarya.ac.id,Jalan Bondowoso No 2,Malang,Jawa Timur,Baik,swasta,,
7,Universitas Bondowoso,71037,UNIBO,68213,(0332) 427022,,univ.bondowoso247@gmail.com,"Jl. Diponegoro No. 247 Kelurahan Kotakulon, Kecamatan Kota Bondowoso, Kab. Bondowoso",Bondowoso,Jawa Timur,Baik,swasta,,
8,Universitas Siber Muhammadiyah,51027,SiberMu,55253,85171217175,,humas@sibermu.ac.id,Jl. HOS Cokroaminoto No. 17 Pakuncen Wirobrajan,Yogyakarta,Daerah Istimewa Yogyakarta,Baik,swasta,,
9,Universitas Sulawesi Tenggara,91015,,93121,0401  328447,,unsulra86@gmail.com,Jalan Piere Tendean No 109 A,Konawe Selatan,Sulawesi Tenggara,Baik,swasta,,
10,Institut Agama Islam Muhammadiyah Bima,212054,IAIM Bima,84116,(0374) 44646,,Iaimuhbima015@gmail.com,"Jln. Anggrek Nomor: 16 Ranggo Nae, Rasanae Barat",Bima,Nusa Tenggara Barat,Baik,swasta,,
11,Universitas Dayanu Ikhsanuddin,91006,UNIDAYAN,93711,4022821327,,info@unidayan.ac.id,Jalan Yos Sudarso No 43,Bau Bau,Sulawesi Tenggara,Baik Sekali,swasta,,
12,Universitas Panji Sakti Singaraja,81008,UNIPAS,81117,36223588,,humas@unipas.ac.id,Jalan Bisma No 22 Singaraja- Bali,Buleleng,Bali,Baik,swasta,,
13,Universitas Persatuan Guru Republik Indonesia Semarang,61038,UPGRIS,50125,248316377,,upgris@upgris.ac.id,Jalan Lontar No 1 Semarang,Semarang,Jawa Tengah,Baik Sekali,swasta,,
14,Universitas Katolik Widya Mandala Surabaya,71003,UKWMS,60265,315678478,,pr-office@ukwms.ac.id,Jalan Dinoyo No 42-44,Nunukan,Kalimantan Utara,Unggul,swasta,,
15,Institut Agama Islam Imam Ghozali (IAIIG) Cilacap,212019,IAIIG,53274,282695415,,info@iaiig.ac.id,Jl. Kemerdekaan Barat No. 17 Kesugihan Kidul Kesugihan Cilacap,Cilacap,Jawa Tengah,Baik,swasta,,
16,Universitas Islam Negeri K.H. Abdurrahman Wahid Pekalongan,201028,UIN Gusdur,51141,(0285) 412575,,info@uingusdur.ac.id,Jl. Kusuma Bangsa No.9,Pekalongan,Jawa Tengah,Unggul,swasta,,
17,Institut Kesehatan Helvetia,12006,,20124,6142084106,,info@helvetia.ac.id,Jl. Kapten Sumarsono no.107 Medan,Medan,Sumatera Utara,Baik Sekali,swasta,,
18,Institut Informatika Dan Bisnis Darmajaya,22001,IIB Darmajaya,35142,"(0721)787214, 781310",,info@darmajaya.ac.id,Jl ZA Pagar Alam No 93 Labuhan Ratu (dh. STMIK-STIE Daramajaya),Bandar Lampung,Lampung,Baik Sekali,swasta,,
19,Institut Pemerintahan Dalam Negeri,342001,IPDN,45363,227798252,,mail@ipdn.ac.id,"Jl. Ir. Soekarno Km. 20 Sumedang, Jawa Barat",Natuna,Kepulauan Riau,Baik Sekali,swasta,,
20,Universitas Alma Ata,51021,UAA,55011,(0274) 434 2288,,admin@almaata.ac.id; uaa@almaata.ac.id,Jalan Ringroad Barat Daya No 1 Tamantirto,Bantul,Daerah Istimewa Yogyakarta,Baik Sekali,swasta,,
21,Universitas Jember,1025,UNEJ,68121,331330224,,humas@unej.ac.id,Jalan Kalimantan No 37 Kampus Tegalboto,Jember,Jawa Timur,Unggul,negeri,,
22,Universitas Hasanuddin,1005,Unhas,90245,411586200,,rector@unhas.ac.id,Jl Perintis Kemerdekaan Km 10 Tamalanrea,Makassar,Sulawesi Selatan,Unggul,negeri,1004.0,12.0
23,Institut Agama Islam Nahdlatul Ulama Tuban,212086,IAINU TUBAN,62318,(0356) 331 572,,sekretariat@iainutuban.ac.id,Jl. Manunggal Nomor 10-12 Kel. Sukolilo Kec. Tuban,Tuban,Jawa Timur,Baik,swasta,,
24,Universitas Multimedia Nusantara Jakarta,31051,UMN,15111,021 5422 0808,,rektorat@umn.ac.id,Scientia Garden Jln. Boulevard Gading Serpong Tangerang Banten,Tangerang,Banten,Unggul,swasta,,
25,Universitas Pembangunan Indonesia Manado,161012,UNPI,95115,431827686,,unpimanado@yahoo.com | info@unpi.ac.id,Jl Wolter Mongisidi VI129 Lingkungan II Bahu,Manado,Sulawesi Utara,Baik,swasta,,
26,Universitas Ichsan Gorontalo,161014,Unisan,96115,435829975,,info@unisan.ac.id,Jalan Raden Saleh No 17,Gorontalo,Gorontalo,Baik Sekali,swasta,,
27,Universitas 17 Agustus 1945 Cirebon,41010,UNTAG Cirebon,45135,231481945,,akademik_center@untagcirebon.ac.id,Jalan Perjuangan No 17 By Pass,Cirebon,Jawa Barat,Baik Sekali,swasta,,
28,Universitas Muhammadiyah Sumatera Barat,101002,UM Sumatera Barat,25172,7514851002,,info@umsb.ac.id,Jalan Pasir Kandang No 4 Koto Tangah,Padang,Sumatera Barat,Baik Sekali,swasta,,
29,Universitas Ubudiyah Indonesia,131010,Ubudiyah,23231,6517555565,,info@uui.ac.id,"JL. Alue Naga Desa Tibang, Kec. Syiah Kuala, Kota Banda Aceh.",Banda Aceh,Aceh,Baik,swasta,,
30,Universitas Bandar Lampung,21012,UBL,35142,721701463,,www@ubl.ac.id,Jalan ZA Pagar Alam No 26 Labuhan Ratu,Bandar Lampung,Lampung,Baik Sekali,swasta,,
31,Universitas Bung Hatta,101001,UBH,25133,7517051678,,rektorat@bunghatta.ac.id,Jalan Sumatera Ulak Karang,Padang,Sumatera Barat,Baik Sekali,swasta,,
32,Universitas Lampung,1026,UNILA,35145,721701609,,humas@kpa.unila.ac.id,Jl Sumantri Brojonegoro No 1 Gedong Meneng,Bandar Lampung,Lampung,Unggul,negeri,1406.0,25.0
33,Universitas Jabal Ghafur,131001,unigha,24163,81252532958,,unigha@unigha.ac.id,Jalan Glegapui,Pidie,Aceh,Baik Sekali,swasta,,
34,Universitas Widya Gama,71030,UWG,65128,"341,492,282,496,919",,akademik@widyagama.ac.id,Jalan Borobudur Nomor 35,Kepulauan Talaud,Sulawesi Utara,Baik Sekali,swasta,,
35,Universitas Islam Negeri Sjech M. Djamil Djambek Bukittinggi,201027,UIN Bukittinggi,26181,75222875,,info@uinbukittinggi.ac.id,Jln. Raya Gurun Aur Kubang Putiah Kec. Banuhampu,Bukittinggi,Sumatera Barat,Baik Sekali,swasta,,
36,Universitas Islam Negeri Sumatera Utara Medan,201008,UINSU,0,+6261 6615683,,pustipada@uinsu.ac.id,--,Medan,Sumatera Utara,Baik Sekali,swasta,,
37,Universitas Gunung Leuser Aceh,131009,UGL,24651,629522052,,ugl_kutacane@yahoo.co.id,JALAN ISKANDAR MUDA NO 1 KOTACANE,Aceh Tenggara,Aceh,Baik,swasta,,
38,Universitas Muhammadiyah Luwuk,161008,UML,94711,46123452,,uml@unismuhluwuk.ac.id,Jalan KH Ahmad Dahlan No 79,Banggai,Sulawesi Tengah,Baik,swasta,,
39,Universitas Muhammadiyah Surabaya,71012,UMSurabaya,60113,313811966,,rektorat@um-surabaya.ac.id,Jalan Sutorejo 59,Surabaya,Jawa Timur,Baik Sekali,swasta,,
40,Institut Ilmu Sosial dan Bisnis Andi Sapada,92020,INSTITUT ANDI SAPADA,91121,85242306666,,isb.andisapada@amsir.ac.id,"Jalan H. Andi Sapada No. 11, Kelurahan Sumpang Minangae",Pare Pare,Sulawesi Selatan,Baik Sekali,swasta,,
41,Universitas Pakuan,41004,Unpak,16144,2518312206,,rektorat@unpak.ac.id,Jalan Pakuan No.1 Ciheuleut,Bogor,Jawa Barat,Baik Sekali,swasta,,
42,Institut Pesantren KH. Abdul Chalim Pacet Mojokerto,212050,,61374,(0321) 6855722,,rektorat@ikhac.ac.id,Jl. Tirtowening No. 17 Ds. Bendunganjati Kec. Pacet Kab Mojokerto,Mojokerto,Jawa Timur,Baik,swasta,,
43,Universitas Malahayati,21009,UNMAL,35153,721271112,,sekretariat@malahayati.ac.id,"Jalan Pramuka No 27, Kemiling",Bandar Lampung,Lampung,Baik Sekali,swasta,,
44,Institut Agama Islam Az-Zaytun Indonesia,212028,IAI AL-AZIS,45264,(0234) 742815,,sekretariat@iai-alzaytun.ac.id,"KAMPUS IAI ALAZIS, KECAMATAN GANTAR, KABUPATEN INDRAMAYU, INDONESIA",Indramayu,Jawa Barat,Baik,swasta,,
45,Universitas Mandiri,41090,Universitas Mandiri,41213,(0260) 417853,,info@universitasmandiri.ac.id,Jalan Marsinu No. 5 Tegal Kalapa-Subang,Subang,Jawa Barat,Baik,swasta,,
46,Institut Agama Islam Nusantara Batang Hari,212087,IAIN Batang Hari,36612,(0743) 21749,,iainbatanghari@gmail.com,"Jalan Gajah Mada Kelurahan Teratai, Kecamatan Muara Bulian, Kabupaten Batang Hari, Propinsi Jambi",Batanghari,Jambi,Baik,swasta,,
47,Universitas Islam Majapahit,71066,UNIM,61367,321399474,,info@unim.ac.id,Jalan Raya Jabon Mojokerto,Mojokerto,Jawa Timur,Baik,swasta,,
48,Universitas Medika Suherman,41094,UMS,17534,(021) 89111110,,info@medikasuherman.ac.id,"Jalan Raya Industri Pasir Gombong Cikarang-Bekasi, Kecamatan Cikarang Utara, Kabupaten Bekasi",Bekasi,Jawa Barat,Baik Sekali,swasta,,
49,Universitas Teknologi Yogyakarta,51018,UTY,55285,274623310,,info@uty.ac.id,Jalan Ring Road Utara Jombor Sleman,Sleman,Daerah Istimewa Yogyakarta,Baik Sekali,swasta,,
50,Universitas Trunojoyo,1043,UTM,69162,313011146,,humas@trunojoyo.ac.id,Jalan Raya Telang PO. Box 2 Kamal,Bangkalan,Jawa Timur,Baik Sekali,negeri,,
51,Universitas Pertamina,31062,UPer,12220,+6221 50857540,,info@universitaspertamina.ac.id,"Jalan Teuku Nyak Arief, Simprug, Kecamatan Kebayoran Lama",Administrasi Jakarta Selatan,DKI Jakarta,Baik,swasta,,
52,Universitas Kristen Immanuel,51010,UKRIM,57452,0274496256;496257,,humas@ukrimuniversity.ac.id,Jalan Solo KM 11,Klaten,Jawa Tengah,Baik Sekali,swasta,,
53,Universitas Pasifik Morotai,121018,,0,9232221233,,unipas_pasifik@yahoo.co.id,Morotai Maluku Utara,Pulau Morotai,Maluku Utara,Baik,swasta,,
54,Universitas Satya Terra Bhinneka,11066,ST Bhinneka,20128,618457702,,office@satyaterrabhinneka.ac.id,Jl. Sunggal Gg. Bakul Lingkungan XI Pekan I Sunggal,Medan,Sumatera Utara,Baik,swasta,,
55,Universitas Ma'arif Nahdlatul Ulama Kebumen,61040,UMNU KEBUMEN,54316,0287 6601209,,umnukebumen@gmail.com,"Jalan Kusuma No. 75 Kebumen, Jawa Tengah",Kebumen,Jawa Tengah,Baik,swasta,,
56,Universitas Kebangsaan,41036,UKRI,40263,227301987,,universitaskebangsaan@universitaskebangsaan.ac.id,Jalan Terusan Halimun No 37 Bandung,Bandung,Jawa Barat,Baik,swasta,,
57,Institut Ilmu Sosial dan Manajemen STIAMI,32017,Institut STIAMI,10530,021 4213380,,corporatesecretary@stiami.ac.id,"Jl. Pangkalan Asem Raya No. 55, Jakarta",Administrasi Jakarta Pusat,DKI Jakarta,Baik Sekali,swasta,,
58,Universitas AKPRIND Indonesia,51031,AKPRIND University,55222,274563029,,info@akprind.ac.id,Jalan Kalisahak No 28 Komplek Balapan,Yogyakarta,Daerah Istimewa Yogyakarta,Baik Sekali,swasta,,
59,Universitas Bina Sarana Informatika,31065,UBSI,10450,021  23231170,,rektorat@bsi.ac.id,"Kampus Kramat 98 Jl. Kramat Raya No.98, Senen, Jakarta Pusat 10450
tlp. (021) 23231170, Fax. (021) 21236158",Administrasi Jakarta Pusat,DKI Jakarta,Baik Sekali,swasta,,
60,Universitas Baiturrahmah,101009,unbrah,25172,751463069,,rektorat@unbrah.ac.id,Jalan Raya By Pass Km 15 Air-pacah,Padang,Sumatera Barat,Baik Sekali,swasta,,
61,Universitas Islam Madura,71068,UIM,69351,324321783,,official@uim.ac.id,Kompleks PP Miftahul Ulum Bettet,Pamekasan,Jawa Timur,Baik,swasta,,
62,Universitas Lancang Kuning,171007,Unilak,28265,(0761) 52248,,info@unilak.ac.id,"Jalan Yos Sudarso Km 8 Rumbai, Pekanbaru, Riau, Indonesia",Pekanbaru,Riau,Baik Sekali,swasta,,
63,Universitas Trunajaya Bontang,111012,UNIJAYA BONTANG,75311,5483035920,,trunajaya_btg@yahoo.co.id,Jl.Taekwondo I RT.9 No.55 Kelurahan Api-api Kecamatan Bontang Utara Kota Bontang,Bontang,Kalimantan Timur,Baik,swasta,,
64,Universitas Darul  ulum,71023,UNDAR,61413,321853436,,office@undar.ac.id,Jln. KH. Abdurrahman Wahid  (Gus Dur)  29A  (ex. Jln. Merdeka),Jombang,Jawa Timur,Baik Sekali,swasta,,
65,Universitas Al-Azhar,11026,UA,20142,618366679,,univ.alazharmedan@yahoo.co.id,"Jalan Pintu Air IV No. 214 Kwala Bekala, Padang Bulan",Bulungan,Kalimantan Utara,Baik,swasta,,
66,Universitas Aisyiyah Yogyakarta,51022,UNISA Yogyakarta,55292,2744469199,,info@unisayogya.ac.id,Jalan Ring Road Barat No. 63 Mlangi Nogotirto,Natuna,Kepulauan Riau,Unggul,swasta,,
67,Universitas Muhammadiyah Karanganyar,61070,UMUKA,57761,8112801912,,umuka@umuka.ac.id,Jl. Raya Solo-Tawangmangu KM.12 RT/RW 003/001 Kodokan Papahan Tasikmadu Tlp 0271-6498851,Karanganyar,Jawa Tengah,Baik,swasta,,
68,Universitas Ibrahimy,71095,UNIB,68374,(0338) 451307,,unib2018@ibrahimy.ac.id,Jl. KHR. Syamsul Arifin No. 1 - 2,Situbondo,Jawa Timur,Baik Sekali,swasta,,
69,Universitas Yudharta Pasuruan,71069,UYP,67162,343611186,,informasi@yudharta.ac.id,Jalan Yudharta No 7 Sengonagung Kecamatan Purwosari Kabupaten Pasuruan,Pasuruan,Jawa Timur,Baik Sekali,swasta,,
70,Universitas PTIQ Jakarta,211011,,12440,(021) 7690901,,admin@ptiq.ac.id,"Jalan Lebak Bulus Raya No. 2, Kelurahan Lebak Bulus, Kecamatan Cilandak",Tangerang Selatan,Banten,Baik Sekali,swasta,,
71,Universitas Muhammadiyah Magelang,61004,UNIMMA,56126,293326945,,humas@unimma.ac.id,"Kampus 1 : Jalan Tidar No 21 
Kampus 2 : Jl. mayjend Bambang Soegeng KM5 Mertoy",Magelang,Jawa Tengah,Unggul,swasta,,
72,Universitas Muhammadiyah Riau,171018,UMRI,28294,76135008,,umri@umri.ac.id,Kampus Utama: Jl.Tuanku Tambusai RT. 03 RW. 02 Kelurahan Delima,Pekanbaru,Riau,Baik Sekali,swasta,,
73,Universitas Media Nusantara Citra,31071,Universitas MNC,11520,2158302070,,sekretariat@mncu.ac.id,"Jl. Panjang Blok A8, Green Garden",Administrasi Jakarta Barat,DKI Jakarta,Baik,swasta,,
74,Universitas Airlangga,1004,UNAIR,60115,"0315914042, 5914043",,adm@pkip.unair.ac.id,Kampus C Mulyorejo,Surabaya,Jawa Timur,Unggul,negeri,345.0,4.0
75,Institut Agama Islam Tarbiyatut Tholabah Lamongan Jawa Timur,212064,IAI TABAH,62264,85695056423,,iaitabah@iai-tabah.ac.id,Jln. Raya Daendles Nomor. 01 Desa Kranji Kec. Paciran,Kepulauan Talaud,Sulawesi Utara,Baik,swasta,,
76,Universitas Esa Unggul,31033,UEU,11470,(021) 5674152,,pmb@esaunggul.ac.id,Jl Terusan Arjuna Tol Tomang Kebon Jeruk,Administrasi Jakarta Barat,DKI Jakarta,Baik Sekali,swasta,,
77,Universitas Katolik Widya Mandira Kupang,151001,UNWIRA,85225,0380 833395,,info@unwira.ac.id,Kampus Merdeka  : Jl Jend Achmad Yani No 50-52  Kelurahan Merdeka,Kupang,Nusa Tenggara Timur,Baik Sekali,swasta,,
78,Universitas Pembangunan Jaya,41053,UPJ,15224,021  7455555,,info@upj.ac.id,"Jl. Cendrawasih Raya Blok B7/P 
Bintaro Jaya Sawah Baru Ciputat",Tangerang Selatan,Banten,Baik Sekali,swasta,,
79,Institut Bisnis dan Informatika (IBI) Kosgoro 1957,32015,IBI-K57,12610,(021) 7868776,,info@ibi-k57.ac.id,Jln Moch. Kahfi II No 33 Lenteng Agung Jakarta Selatan,Administrasi Jakarta Selatan,DKI Jakarta,Baik,swasta,,
80,Universitas Indo Global Mandiri,21024,UIGM,11111,711322705,,univ@igm.ac.id,Jl. Jendral Sudirman No. 629 Km. 3.5 Palembang,Palembang,Sumatera Selatan,Baik Sekali,swasta,,
81,Institut Teknologi dan Pendidikan Markandeya Bali,82016,ITP Markandeya Bali,80613,(0366) 5501125,,itpmarkandeyabali@gmail.com/humas@markandeyabali.ac.id,Jalan Muhammad Hatta LC Subak Aya Bangli,Bangli,Bali,Baik,swasta,,
82,Universitas Prof Dr Moestopo (Beragama),31014,UPDM(B),10270,217220269,,admin@moestopo.ac.id,Jalan Hang Lekir I No 8,Administrasi Jakarta Selatan,DKI Jakarta,Baik Sekali,swasta,,
83,Universitas Dharma Andalas,101024,unidha,25127,75137135,,puskom@unidha.ac.id,"Jalan Sawahan No. 103 A, Simpang Haru",Padang,Sumatera Barat,Baik,swasta,,
84,Universitas Jakarta,31005,UNIJA,13210,"4894521, 4722374",,official@universitasjakarta.ac.id,Jalan Pulo Mas Barat Villa Tanah Mas jakarta Timur,Administrasi Jakarta Timur,DKI Jakarta,Baik,swasta,,
85,Universitas Islam Kadiri,71040,UNISKA,64128,(0354)684651; 683243,,sekretariat@uniska-kediri.ac.id,Jl Sersan Suharmadji No 38,Kediri,Jawa Timur,Baik Sekali,swasta,,
86,Institut Ilmu KeIslaman Annuqayah (INSTIKA) Guluk-Guluk Sumenep,212014,INSTIKA,69463,328821098,,"instika@gmail.com, info@instika.ac.id",Bukit Lancaran PP. Annuqayah Guluk-Guluk Sumenep Madura,Sumenep,Jawa Timur,Baik Sekali,swasta,,
87,Universitas Muhammadiyah Sorong,141001,UNAMIN,98416,0951  322382,,info@um-sorong.ac.id,Jalan Pendidikan No 27 Remu Utara,Sorong,Papua Barat Daya,Baik Sekali,swasta,,
88,Institut Agama Hindu Negeri Tampung Penyang Palangka Raya,242002,IAHN Tampung Penyang,73112,5363229942,,iahntampungpenyang@gmail.com,"Jalan G Obos 10, Palangka Raya, Kalimantan Tengah",Palangkaraya,Kalimantan Tengah,Baik,swasta,,
89,Universitas Bumi Persada,131016,UNBP,24351,64549198,,info@unbp.ac.id,"Jalan Banda Aceh - Medan Nomor 59 Alue Awe, Kecamatan Muara Dua",Lhokseumawe,Aceh,Baik,swasta,,
90,Universitas Tulang Bawang,21014,UTB,35121,(0721) 252686 257108,,admin@utb.ac.id,Jalan Gajahmada 34 Kotabaru,Bandar Lampung,Lampung,Baik Sekali,swasta,,
91,Universitas Wijayakusuma Purwokerto,61007,UNWIKU,53152,2816439889,,info@unwiku.ac.id,Kampus Karangsalam Purwokerto,Banyumas,Jawa Tengah,Baik Sekali,swasta,,
92,Universitas Palembang,21006,UNPAL,30139,711440650,,universitas_palembang@yahoo.com,Jalan Dharmapala No 1-A Bukit Besar Palembang,Palembang,Sumatera Selatan,Baik Sekali,swasta,,
93,Universitas Batam,171010,UNIBA,29464,7787485055,,info@univbatam.ac.id,Jl Kampus Abulyatama No 05 Batam Centre,Batam,Kepulauan Riau,Baik Sekali,swasta,,
94,Universitas Tabanan,81006,UNTAB,82121,(0361)9311605,,untab_untab@yahoo.co.id,"Jalan Wagimin No 8 Kediri, Tabanan, Bali.",Tabanan,Bali,Baik Sekali,swasta,,
95,Universitas Langlang Buana,41015,Unla,40261,224218084,,unlanet_kr@yahoo.co.id,Jalan Karapitan No 116,Bandung,Jawa Barat,Baik Sekali,swasta,,
96,Institut Teknologi Perusahaan Listrik Negara,32026,ITPLN,11750,215440342,,rektorat@itpln.ac.id,Menara PLN Jalan Lingkar Luar Barat Duri Kosambi Cengkareng,Administrasi Jakarta Barat,DKI Jakarta,Baik Sekali,swasta,,
97,Universitas Kutai Kartanegara Tenggarong,111008,UNIKARTA,75512,"541,661,821,661,822",,info@unikarta.ac.id,Jalan Gunung Kombeng No 27,Kutai Kartanegara,Kalimantan Timur,Baik Sekali,swasta,,
98,Universitas Muria Kudus,61009,UMK,59352,291438229,,muria@umk.ac.id,Gondangmanis Bae Po Box 53 Gebog Bae Kudus,Kudus,Jawa Tengah,Baik Sekali,swasta,,
99,Universitas Nurul Hasanah Kutacane,131015,UNH,24651,82163230055,,universitasnurulhasanah@gmail.com,"Jalan Ahmad Yani No. 23, Pulo Kemiri, Kecamatan Babussalam, Kutacane, Kabupaten Aceh Tenggara",Aceh Tenggara,Aceh,Baik,swasta,,
100,Universitas Muhammadiyah Aceh,131004,Unmuha,23245,65131583,,rektorat@unmuha.ac.id,"Jalan Muhammadiyah No 91 Desa Batoh, Kecamatan Lueng Bata",Banda Aceh,Aceh,Baik Sekali,swasta,,
101,Universitas Islam 45,41018,UNISMA Bekasi,17113,(021) 8801027,,admin@unismabekasi.ac.id,Jalan Cut Meutia No 83,Bekasi,Jawa Barat,Baik Sekali,swasta,,
102,Universitas Putra Indonesia Yptk Padang,101012,UPI-YPTK,25221,(0751) 776666,,admin@upiyptk.ac.id,"Jl Raya Lubuk Begalung, Padang, Sumatera Barat",Padang,Sumatera Barat,Baik Sekali,swasta,,
103,Institut Teknologi dan Bisnis Carnegie,12019,ITB Carnegie,20214,82272088809,,yaybinainsannegara@gmail.com,Jl. Emas No. 10 Yanglim Building,Medan,Sumatera Utara,Baik,swasta,,
104,Universitas Setia Budi,61022,USB,57127,271852518,,info@setiabudi.ac.id,Jalan Letjen Sutoyo Mojosongo,Surakarta,Jawa Tengah,Baik Sekali,swasta,,
105,Universitas Islam Jember,71034,UIJ,68133,331488675,,universislam.jember@gmail.com,Jalan Kyai Mojo 101 Kaliwates Jember,Jember,Jawa Timur,Baik,swasta,,
106,Universitas Dinamika Bangsa,101034,UNAMA,36139,74135095,,info@unama.ac.id,Jalan Jenderal Sudirman Kelurahan Tambak Sari Thehok,Jambi,Jambi,Baik Sekali,swasta,,
107,Universitas Muhammadiyah Malang,71024,UMM,65144,34146431819,,webmaster@umm.ac.id,Jalan Raya Tlogomas No 246,Malang,Jawa Timur,Unggul,swasta,,
108,Universitas Sanata Dharma,51012,USD,55281,274513301,,rektorat@usd.ac.id,Jalan Mrican Tromolpos 29,Sleman,Daerah Istimewa Yogyakarta,Unggul,swasta,,
109,Universitas Islam Negeri Antasari Banjarmasin,201017,UIN Antasari,70235,(0511) 3257627,,info@uin-antasari.ac.id,"Jl. Jenderal Ahmad Yani Km. 4,5",Banjarmasin,Kalimantan Selatan,Baik Sekali,swasta,,
110,Universitas Muhammadiyah Lampung,21002,UM Lampung,35131,7.22E+14,,um_lampung@yahoo.co.id,"Jl. Prof. Dr. Hamka Kelurahan Sukarame Baru, Kec. Sukarame",Bandar Lampung,Lampung,Baik Sekali,swasta,,
111,Universitas Negeri Malang,1033,UM,65145,341551312,,rektorat@um.ac.id,Jalan Semarang 5 Malang,Malang,Jawa Timur,Unggul,negeri,1401.0,20.0
112,Universitas Cokroaminoto Palopo,91039,UNCP,91921,0471 22111,,rektor@uncp.ac.id,Jalan Latammacelling No 09-B,Palopo,Sulawesi Selatan,Baik Sekali,swasta,,
113,Universitas Teknologi Sumbawa,81030,UTS,84371,03712629906/2629009,,informasi@uts.ac.id,"Jl. Raya Olat Maras, Batu Alang, Moyo Hulu, Sumbawa Besar",Sumbawa,Nusa Tenggara Barat,Baik Sekali,swasta,,
114,Universitas Sampoerna,31056,SU,12760,0215772275 ext 7733,,dairion.dairion@sampoernauniversity.ac.id,"L''Avenue Office Tower, Jl. Raya Pasar Minggu Kav. 16",Administrasi Jakarta Selatan,DKI Jakarta,Baik Sekali,swasta,,
115,Institut Agama Islam Banten,212033,IAIB SERANG,42111,0254  201537,,institut@iaibserang.ac.id,Jl. Ki Fathoni No. 12/51 Pegantungan,Serang,Banten,Baik,swasta,,
116,Universitas Aryasatya Deo Muri,151014,UNADRI,85111,82144324988,,unadri@gmail.com,Jl. Amanuban RT 18 RW 04 Kelurahan Oebufu,Kupang,Nusa Tenggara Timur,Baik,swasta,,
117,Universitas Aki,61034,Universitas AKI,50139,243552555,,universitasaki@unaki.ac.id,"Jl. Imam Bonjol No. 15, 16, 17 Semarang",Semarang,Jawa Tengah,Baik Sekali,swasta,,
118,Universitas Negeri Yogyakarta,1038,UNY,55281,274586168,,akademik@uny.ac.id,Kampus Karangmalang Yogyakarta,Sleman,Daerah Istimewa Yogyakarta,Unggul,negeri,1208.0,19.0
119,Universitas Darul Ulum Islamic Centre Sudirman,61014,UNDARIS,50514,246923180,,undaris.ung@gmail.com,Jalan Tentara Pelajar No 13 Ungaran,Semarang,Jawa Tengah,Baik Sekali,swasta,,
120,Universitas Samudra,1053,UNSAM,24415,641426534,,info@unsam.ac.id,Jalan Kampus Meurandeh -Langsa,Langsa,Aceh,Baik Sekali,negeri,,
121,Universitas Nahdlatul Ulama Al Ghazali Cilacap,61041,UNUGHA,53274,0282 695415,,kita@unugha.ac.id,Jl. Kemerdekaan Timur No. 16 Kesugihan Cilacap,Cilacap,Jawa Tengah,Baik,swasta,,
122,Institut Pertanian (Intan) Yogyakarta,52002,INTAN,55284,(0274) 589520,,intaninstitut@yahoo.co.id; intaninstitut@gmail.com,"Jalan Magelang KM 5,6",Sleman,Daerah Istimewa Yogyakarta,Baik,swasta,,
123,Universitas Tridinanti,21008,Unanti,30129,711355961,,tridinanti@univ-tridinanti.ac.id,Jl Kapten Marzuki No 2446 Kamboja,Palembang,Sumatera Selatan,Baik Sekali,swasta,,
124,Universitas Muhammadiyah Sumatera Utara,11003,UMSU,20238,"0616622400, 6624567",,rektor@umsu.ac.id,Jl Kapt Mukhtar Basri Ba No 3 Glugur Darat II,Medan,Sumatera Utara,Unggul,swasta,,
125,Universitas Dumoga Kotamobagu,161005,UDK,95711,43421831,,admin-udk@udk.ac.id,Jalan Ahmad Yani No 184,Kotamobagu,Sulawesi Utara,Baik,swasta,,
126,Universitas Muslim Indonesia,91002,UMI,90231,(0411) 455666455696,,umi@umi.ac.id,Jl. Urip Sumoharjo Km. 05 Makassar,Makassar,Sulawesi Selatan,Unggul,swasta,,
127,Universitas Islam Indonesia,51001,UII,55584,274898444,,rektorat@uii.ac.id,"Jalan Kaliurang Km 14,5 Sleman",Sleman,Daerah Istimewa Yogyakarta,Unggul,swasta,1202.0,15.0
128,Universitas Kristen Indonesia Toraja,91020,UKI TORAJA,91811,"4,232,246,822,887",,ukitoraja@yahoo.com,Jalan Nusantara No 12,Tana Toraja,Sulawesi Selatan,Baik,swasta,,
129,Universitas Islam Negeri Alauddin Makassar,201006,UINAM,92118,411864924,,kontak@uin-alauddin.ac.id,Kampus II UIN alauddin Makassar Jl. H. M. Yasin Limpo No. 36 Kel. Romang Polong Kec. Somba Opu Kab. Gowa,Gowa,Sulawesi Selatan,Unggul,swasta,,
130,Universitas Lintas Internasional Indonesia,41058,IULI,15317,+62 852 12318000,,info@iuli.ac.id,"Jl. Masjid No. 75, Ciater, Serpong",Tangerang Selatan,Banten,Baik,swasta,,
131,Universitas Almuslim,131006,umuslim,24261,64441126,,almuslim.universitas@yahoo.co.id,"Jl Tengku Abdurrahman No 37 Matangglumpangdua 
Bireuen Provinsi Aceh",Bireuen,Aceh,Baik Sekali,swasta,,
132,Universitas Malikussaleh,1046,UNIMAL,24351,64541373,,info@unimal.ac.id,"Cot Tengku Nie Reuleut
Muara Batu, Aceh Utara",Aceh Utara,Aceh,Baik Sekali,negeri,,
133,Universitas Garut,41024,UNIGA,44151,(0262)544217,,rektorat@uniga.ac.id,Jalan Raya Samarang No. 52.A Tarogong Kidul,Garut,Jawa Barat,Baik Sekali,swasta,,
134,Universitas Pepabri Makassar,91008,Unpepabri,90221,411.8122396,,Info@unpepabri.ac.id,Jl. Talasalapang No.51A,Makassar,Sulawesi Selatan,Baik,swasta,,
135,Universitas Bangka Belitung,1049,UBB,33126,0717 422145,,info@ubb.ac.id,Jalan Merdeka No. 4,Bangka,Kepulauan Bangka Belitung,Baik Sekali,negeri,,
136,Institut Kariman Wirayudha Sumenep Madura,212096,Inkadha Sumenep,69472,81000000000,,inkadha@yahoo.com,"Jl. Raya Gapura Km. 5 RT. 09 RW. 04 Beraji Kecamatan Gapura Kabupaten Sumenep, Provinsi Jawa Timur",Sumenep,Jawa Timur,Baik,swasta,,
137,Universitas Kristen Tentena,161017,UNKRIT,94663,0458 21475,,sekretariat@unkrit.ac.id,Jalan Torulemba No 21,Poso,Sulawesi Tengah,Baik,swasta,,
138,Universitas Negeri Padang,1032,UNP,25131,7517051260,,info@unp.ac.id,"Jalan Prof Dr Hamka Kampus Air Tawar
Padang
Sumatera Barat",Padang,Sumatera Barat,Unggul,negeri,,
139,Universitas Muhammadiyah Makassar,91004,Unismuh Makassar,90221,(0411)866972,,pdpt091004@unismuh.ac.id,Jalan Sultan Alauddin No 259,Makassar,Sulawesi Selatan,Unggul,swasta,,
140,Universitas Islam Indragiri,171017,UNISI,29200,0768 324918,,info@unisi.ac.id,Jl. Ki Hajar Dewantara - Tembilahan,Indragiri Hilir,Riau,Baik,swasta,,
141,Universitas Siliwangi,1057,UNSIL,46115,0265330534/330634,,info@unsil.ac.id,Jl. Siliwangi No.24 Tasikmalaya,Tasikmalaya,Jawa Barat,Baik Sekali,negeri,,
142,Universitas Nusantara Manado,161007,UNM,95111,4318802102,,info@nusantara.ac.id,Jalan Piere Tendean Marina Plaza No A-3334,Malinau,Kalimantan Utara,Baik,swasta,,
143,Universitas Wahid Hasyim,61027,Unwahas,50236,248505680,,wahidhasyim@unwahas.ac.id,Jl. Menoreh Tengah X/22 Sampangan,Semarang,Jawa Tengah,Baik Sekali,swasta,,
144,Universitas Yos Soedarso,71013,UNIYOS,60252,(031) 5689805,,admin@uniyos.ac.id,Jl Dukuh Kupang Barat I216,Surabaya,Jawa Timur,Baik,swasta,,
145,Universitas Mohammad Natsir Bukittinggi,101026,UMNatsir,26128,81372928443,,office@umnyarsi.ac.id,Biaro Agam,Bukittinggi,Sumatera Barat,Baik Sekali,swasta,,
146,Universitas Antakusuma,111017,Untama,74112,53227852,,rektorat_untama@yahoo.co.id,Jl. Iskandar No. 63 Pangkalan Bun,Kotawaringin Barat,Kalimantan Tengah,Baik,swasta,,
147,Universitas Primagraha,41079,UPG,42111,0254 216217,,surat@primagraha.ac.id,"Jl. Raya Trip Jamak Sari, Sumurpecung, Kec. Serang, Kota Serang, Banten 42111",Serang,Banten,Baik,swasta,,
148,Universitas Islam Negeri Maulana Malik Ibrahim,201003,UIN Maliki,65144,+62341 551354,,info@uin-malang.ac.id,Jalan Gajayana No 50,Malang,Jawa Timur,Unggul,swasta,,
149,Institut Kesehatan Sumatera Utara,12013,Inkes Sumut,20136,061 8360101,,inkessumutmedan@gmail.com,Jl. Letjen Jamin Ginting Lingkungan I kelurahan Lau Cih,Medan,Sumatera Utara,Baik,swasta,,
150,Universitas Serang Raya,41049,UNSERA,42111,0254 8235007,,info@unsera.ac.id,Jl. KH. Amin Jasuta No. 15 C Kaloran Brimob Serang,Serang,Banten,Baik Sekali,swasta,,
151,Universitas Islam Sumatera Utara,11001,UISU,20143,617869790,,infokom@uisu.ac.id,"Jl. Karya Bakti No. 34 P. Masyhur Medan Johor  
Jl. SM. Raja Teladan Barat Medan",Medan,Sumatera Utara,Baik Sekali,swasta,,
152,Universitas Pembangunan Nasional Veteran Jakarta,1061,UPNVJ,1245,217656971,,upnvj@upnvj.ac.id,"Jl. RS Fatmawati, Cilandak",Depok,Jawa Barat,Baik Sekali,negeri,,
153,Universitas Mahasaraswati Denpasar,81003,Unmas Denpasar,80231,361227019,,info@unmas.ac.id,Jalan Kamboja No 11 A Kreneng Denpasar - Bali,Denpasar,Bali,Unggul,swasta,,
154,Universitas Muhammadiyah Ponorogo,71044,UMPO,63471,352481124,,akademik@umpo.ac.id,Jalan Budi Utomo 10 Ponorogo,Ponorogo,Jawa Timur,Baik Sekali,swasta,,
155,Universitas Kuningan,41038,UNIKU,45513,232874824,,rektorat@uniku.ac.id,Jalan Cut Nyak Dhien 36-A,Kuningan,Jawa Barat,Baik Sekali,swasta,,
156,Universitas Muhammadiyah Yogyakarta,51007,UMY,55183,274387656,,rektorat@umy.ac.id,Jl Lingkar Barat Tamantirto Kasihan Bantul Yogyakarta,Bantul,Daerah Istimewa Yogyakarta,Unggul,swasta,1203.0,16.0
157,Universitas 17 Agustus 1945 Samarinda,111001,,75124,541743390,,info@untag-smd.ac.id,Jalan Ir H Juanda No 80,Samarinda,Kalimantan Timur,Baik Sekali,swasta,,
158,Universitas Sarjanawiyata Tamansiswa,51002,UST,55167,274375637,,humas@ustjogja.ac.id,"Jl. Batikan, UH-III/1043, Kel. Tahunan, Kec. Umbulharjo",Yogyakarta,Daerah Istimewa Yogyakarta,Baik Sekali,swasta,,
159,Institut Teknologi Bandung,2001,ITB,40116,62222500935,,pddikti@itb.ac.id,"Kantor:
Jl. Tamansari 64 Bandung 40116,

Kampus:
Jl. Ganesha 10 Bandung 4013",Bandung,Jawa Barat,Unggul,negeri,281.0,3.0
160,Universitas Pembangunan Nasional Veteran Jawa Timur,1059,UPN Veteran Jatim,60294,318706369,,admik@upnjatim.ac.id,Jl Raya Rungkut Madya Gunung Anyar Surabaya,Surabaya,Jawa Timur,Unggul,negeri,,
161,Universitas Ngurah Rai,81002,UNR,80238,361462617,,info@unr.ac.id,"JL. PADMA, KAMPUS UNIVERSITAS NGURAH RAI - PENATIH",Denpasar,Bali,Baik Sekali,swasta,,
162,Universitas Pancasila,31013,UP,12640,217270086,,info@univpancasila.ac.id,Jalan Srengseng Sawah Jagakarsa,Depok,Jawa Barat,Unggul,swasta,,
163,Universitas 45 Mataram,81013,UPATMA,83120,370631652,,Info@upatma.ac.id,Jalan Veteran No 10,Mataram,Nusa Tenggara Barat,Baik,swasta,,
164,Universitas Gunung Rinjani,81015,UGR,83600,376631621,,info@ugr.ac.id,Jl Raya Mataram lombok Km 50,Lombok Timur,Nusa Tenggara Barat,Baik,swasta,,
165,Universitas Islam Batik,61015,UNIBA,57147,271714751,,info@uniba.ac.id,Jl H Agus Salim No 10 Surakarta,Surakarta,Jawa Tengah,Baik Sekali,swasta,,
166,Universitas Indonesia,1002,UI,10430,217270020,,humas-ui@ui.ac.id,Jalan Salemba Raya 4,Depok,Jawa Barat,Unggul,negeri,237.0,1.0
167,Universitas Jambi,1020,UNJA,36361,741583377,,humas@unja.ac.id,Jl. Raya Jambi Muara Bulian Km 15,Muaro Jambi,Jambi,Baik Sekali,negeri,,
168,Universitas Nasional,31012,UNAS,12520,217806700,,info@unas.ac.id,Jl Sawo Manila Pejaten Pasar Minggu,Administrasi Jakarta Selatan,DKI Jakarta,Unggul,swasta,,
169,Institut Teknologi Telkom Purwokerto,62003,ITTP,53147,(0281)641629,,info@ittelkom-pwt.ac.id,Jl. D.I. Panjaitan No. 128,Banyumas,Jawa Tengah,Baik Sekali,swasta,,
170,Universitas Persatuan Guru 1945 NTT,151013,UPG 1945 NTT,85111,0380  8553634,,upg1945ntt@gmail.com,"Jl. P.A. Manafe, Belakang Polresta Kota Kupang No 7 Kel. Kayu Putih",Kepulauan Talaud,Sulawesi Utara,Baik,swasta,,
171,Institut Teknologi Nasional Bandung,42002,ITENAS,40124,227272215,,humas@itenas.ac.id,Jalan PHH Mustapha No 23,Bandung,Jawa Barat,Unggul,swasta,,
172,Universitas Telkom,41057,Tel-U,40257,62227566456,,info@telkomuniversity.ac.id,"Jl. Telekomunikasi Terusan Buah Batu
Bandung-40257, Jawa Barat, Indonesia",Bandung,Jawa Barat,Unggul,swasta,1003.0,11.0
173,Universitas Muhammadiyah Sinjai,91064,UMSi,92611,48222954,,ums.sinjai@gmail.com,RT/RW 001/001 Jl. Teuku Umar No.8 Kelurahan Biringngere Kec. Sinjai Utara,Landak,Kalimantan Barat,Baik Sekali,swasta,,
174,Universitas Medan Area,11008,UMA,20223,617366878,,univ_medanarea@uma.ac.id,"1. Jalan Kolam No. 1 Medan Estate - Medan (Kampus Utama / I)
2. Jalan Setia Budi",Medan,Sumatera Utara,Baik Sekali,swasta,,
175,Universitas Musi Rawas,21025,UNMURA,31611,733451646,,unmura@gmail.com,"Jalan Pembangunan Komplek Pemkab Musi Rawas, Kel. Air Kuti",Lubuk Linggau,Sumatera Selatan,Baik,swasta,,
176,Universitas Muhammadiyah Palu,161003,Unismuh Palu,94118,0451 425627,,contact@unismuhpalu.ac.id,Jalan Hang Tuah No 29,Donggala,Sulawesi Tengah,Baik Sekali,swasta,,
177,Universitas Cokroaminoto Makassar,91019,UCM,90245,411582358,,universitascokroaminotomakassar@ucm-si.ac.id,Jl Perintis Kemerdekaan KM 11,Makassar,Sulawesi Selatan,Baik,swasta,,
178,Universitas Sahid Surakarta,61033,Usahid Surakarta,57144,271743493,,rektorat@usahidsolo.ac.id,Jalan Adi Sucipto 154 Jajar,Surakarta,Jawa Tengah,Baik,swasta,,
179,Universitas Widya Kartika,71017,Uwika,60113,(+6231) 592 2403,,info@widyakartika.ac.id,"Jl Sutorejo Prima Utara II/1, Surabaya",Surabaya,Jawa Timur,Baik,swasta,,
180,Universitas Kristen Maranatha,41007,UKM,40164,222012186,,admission@maranatha.edu,Jl Prof Drg Suria Sumantri 65,Bandung,Jawa Barat,Unggul,swasta,,
181,Institut Agama Islam Riyadlotul Mujahidin Ngabar (IAIRM) Ponorogo,212010,IAIRM NGABAR,63471,(0352) 3140309,,iairm_ngabar@yahoo.com,Jl. Sunan Kalijaga Desa Ngabar Kecamatan Siman Kabupaten Ponorogo,Ponorogo,Jawa Timur,Baik,swasta,,
182,Universitas Katolik Indonesia Atma Jaya,31007,UAJ,12930,215734354,,rek@atmajaya.ac.id,Jalan Jenderal Sudirman 51,Administrasi Jakarta Selatan,DKI Jakarta,Unggul,swasta,1201.0,14.0
183,Universitas Islam Al-azhar,81012,UNIZAR,83233,(0370) 6175565,,admin@unizar.ac.id,JALAN UNIZAR NO.20 TURIDE SANDUBAYA MATARAM NUSA TENGGARA BARAT,Mataram,Nusa Tenggara Barat,Baik,swasta,,
184,Universitas Global Jakarta,41082,JGU,16412,218461155,,enquiry@jgu.ac.id,Jl. Boulevard Grand Depok City Tirta Jaya Kec. Sukma jaya,Depok,Jawa Barat,Baik,swasta,,
185,Universitas Merdeka Pasuruan,71031,unmerpas,67129,343413619,,unmerpas@gmail.com,Jalan Ir H Juanda No 68,Pasuruan,Jawa Timur,Baik,swasta,,
186,Institut Agama Islam Al-Amanah Jeneponto,212099,IAI AL-Amanah Jepot,37211,82344000700,,iaialamanahjeneponto@gmail.com,"Karisa Jalan ke Pannara Kelurahan Empong Selatan, Kecamatan Binamu, Kabupaten Jeneponto, Provinsi Sulaweei Selatan",Jeneponto,Sulawesi Selatan,Baik,swasta,,
187,Universitas Bojonegoro,71046,UNIVERSITAS BOJONEGO,62119,"353,881,984,885,444",,rektorat@unigoro.ac.id,Jl Lettu Sujitno No 2 Ds. Kalirejo,Bojonegoro,Jawa Timur,Baik,swasta,,
188,Universitas Nahdlatul Ulama Nusa Tenggara Barat,81032,,83125,0370 630021,,unu.ntb@gmail.com,Jl. Pendidikan No. 06 Mataram,Mataram,Nusa Tenggara Barat,Baik,swasta,,
189,Institut Sains Dan Teknologi Td Pardede,12004,ISTP,20153,614569877,,iistp@yahoo.com,Jalan Dr T D Pardede No 8 Medan,Medan,Sumatera Utara,Baik,swasta,,
190,Universitas Darma Persada,31023,UNSADA,13450,"0218649051,56,57",,humas@unsada.ac.id,"Jalan Taman Malaka Selatan, Kel. Pondok Kelapa, Kec. Duren Sawit, Kota Jakarta Timur Provinsi DKI Jakarta",Pangandaran,Jawa Barat,Baik Sekali,swasta,,
191,Universitas Dipa Makassar,91070,UNDIPA,90245,411587194,,dipanegara@dipanegara.ac.id,"Jalan Perintis Kemerdekaan KM. 9, Kota Makassar",Makassar,Sulawesi Selatan,Baik Sekali,swasta,,
192,Universitas Agung Podomoro,31057,Podomoro University,11470,6.22E+11,,rektorat@podomorouniversity.ac.id,"APL Tower lantai 5, Jl. S. Parman Kav. 28, Jakarta Barat",Administrasi Jakarta Barat,DKI Jakarta,Baik Sekali,swasta,,
193,Institut Seni Indonesia Padang Panjang,2009,ISI Padangpanjang,27115,75282077,,isi@isi-padangpanjang.ac.id,Jln. Bundo Kanduang No 35 Padangpanjang Sumatera Barat,Padang Panjang,Sumatera Barat,Baik Sekali,negeri,,
194,Universitas Iqra Buru,121007,UNIQBU,97571,91321909,,humas@uniqbu.ac.id,"Jl. Prof. Dr. ABDURRACHMAN BASSALAMA, M.Si",Buru,Maluku,Baik,swasta,,
195,Universitas Fajar,91045,,90231,4.11E+14,,info@unifa.ac.id,Jl Racing Centre No 101,Makassar,Sulawesi Selatan,Baik Sekali,swasta,,
196,Institut Pertanian Bogor,2003,IPB,16680,2518622642,,ict@apps.ipb.ac.id,"Jl. Raya Darmaga Kampus IPB Darmaga Bogor 16680
Jawa Barat, Indonesia",Bogor,Jawa Barat,Unggul,negeri,489.0,5.0
197,Universitas Tulungagung,71041,UNITA,66230,"355,322,145,320,396",,"humas@unita.ac.id , humas.unita@gmail.com","Jl Ki Mangunsarkoro, Beji, Boyolangu",Tulungagung,Jawa Timur,Baik Sekali,swasta,,
198,Universitas Bunda Mulia,31048,UBM,14430,216209090,,info@ubm.ac.id,Jalan Lodan Raya No 2,Administrasi Jakarta Barat,DKI Jakarta,Unggul,swasta,,
199,Universitas Matana,31060,,15810,21.29232999,,info@matanauniversity.ac.id,"Paramount Skyline Complex, Tower D, Jl. CBD Barat Lot #1, Gading Serpong, Tanger",Tangerang,Banten,Baik,swasta,,
200,Universitas Satya Negara Indonesia,31025,USNI,12240,217398393,,humas@usni.ac.id,Jl Arteri Pondok Indah No 11 Kebayoran Lama,Administrasi Jakarta Selatan,DKI Jakarta,Baik Sekali,swasta,,
201,Universitas Pekalongan,61011,UNIKAL,51115,285421096,,unikal.ac.id@gmail.com,Jalan Sriwijaya No 3,Pekalongan,Jawa Tengah,Baik Sekali,swasta,,
202,Universitas Islam Darussalam,211016,UID,46271,(0265) 774376,,rektorat@uidc.ac.id,"Jl. KH. Ahmad Fadlil No. 08, RT 06 RW 13, Desa Dewasari, Kecamatan Cijeungjing",Ciamis,Jawa Barat,Baik Sekali,swasta,,
203,Universitas Kanjuruhan,71050,UNIKAMA,65148,341801488,,email@unikama.ac.id,Jl. S. Supriyadi No. 48  Kel. Bandungrejosari Kec. Sukun,Malang,Jawa Timur,Baik Sekali,swasta,,
204,Universitas Islam Negeri Sultan Aji Muhammad Idris Samarinda,201022,UINSI SAMARINDA,75251,0541 7270222,,uinsisamarinda@uinsi.ac.id,"Jl . H. A. M. Rifaddin, Harapan Baru, Kec. Loa Janan Ilir, Kota Samarinda, Kalimantan Timur",Samarinda,Kalimantan Timur,Baik Sekali,swasta,,
205,Universitas Iskandar Muda,131002,UNIDA,23234,0651 42098,,info@unida-aceh.ac.id,"Jalan Kampus Unida, No 15, Surien,  Meuraxa",Banda Aceh,Aceh,Baik,swasta,,
206,Universitas Wanita Internasional,41047,IWU,40112,022  6017849,,rektorat@iwu.ac.id,JL. AHMAD YANI NO. 18-20 BANDUNG,Bandung,Jawa Barat,Baik Sekali,swasta,,
207,Universitas Dehasen Bengkulu,21023,UNIVED,38227,73622027,,info@unived.ac.id,Jalan Meranti Raya No 32,Bengkulu,Bengkulu,Baik Sekali,swasta,,
208,Institut Agama Islam Negeri Lhokseumawe,202037,IAINMAL,24351,82118444436,,info@iainlhokseumawe.ac.id,"Jalan Medan-Banda Aceh Km. 275 No. 1 Buket Rata, Alue Awe, Muara Dua",Lhokseumawe,Aceh,Baik Sekali,swasta,,
209,"Institut Agama Islam Daar Al-Ulum (IAIDU) Asahan, Sumatera Utara",212018,IAIDU ASAHAN KISARAN,21214,62342468,,iaiduasahan@iaidu-asahan.ac.id,Jl. Mahoni Sibogat Kelurahan Kisaran Baru Kecamatan Kisaran Barat Kab. Asahan,Asahan,Sumatera Utara,Baik,swasta,,
210,Universitas Pembangunan Panca Budi,11004,UNPAB,20122,061 8455571,,unpab@pancabudi.ac.id,"Jl. Jend. Gatot Subroto Km 4,5 Sie Sikambing Medan 20122",Medan,Sumatera Utara,Baik Sekali,swasta,,
211,Universitas Ibn Khaldun Bogor,41001,UIKA,16162,2518356884,,mail@uika-bogor.ac.id,Jl KH Sholeh Iskandar KM 2 Kedung Badak Bogor,Bogor,Jawa Barat,Baik Sekali,swasta,,
212,Universitas Mayjen Sungkono,71022,UNIMAS,61321,321323143,,unimasmjk@gmail.com,Jalan Irian Jaya No 4,Mojokerto,Jawa Timur,Baik,swasta,,
213,Institut Agama Islam Sumbar,212079,IAI SUMBAR,25523,81271147096,,iaisumbar3@gmail.com,Jl. Kolonel Anas Malik By Pass Pariaman Provinsi Sumatera Barat,Indragiri Hulu,Riau,Baik,swasta,,
214,Universitas Katolik Darma Cendika,71019,UKDC,60117,315946482,,info@ukdc.ac.id,Jl. DR. Ir. H. Soekarno No. 201 Surabaya 60117,Surabaya,Jawa Timur,Baik Sekali,swasta,,
215,Universitas Respati Indonesia,31027,URINDO,13890,(021)8454731,,info@urindo.ac.id,"Jl Bambu Apus I No 3, Cipayung, Jakarta Timur",Administrasi Jakarta Timur,DKI Jakarta,Baik Sekali,swasta,,
216,Universitas Borneo Tarakan,1050,UBT,77123,8115307023,,ubt@borneo.ac.id,Jl. Amal Lama No.01 Tarakan,Tarakan,Kalimantan Utara,Baik Sekali,negeri,,
217,Universitas Islam Malang,71027,UNISMA,65144,(0341) 551932,,humas@unisma.ac.id,Jalan Mayjen Haryono No 193,Malang,Jawa Timur,Unggul,swasta,,
218,Universitas Trisakti,31016,,11440,215663232,,universitas@trisakti.ac.id,Jalan Kyai Tapa No 1 Grogol,Administrasi Jakarta Barat,DKI Jakarta,Unggul,swasta,,
219,Universitas Tunas Pembangunan Surakarta (UTP),61010,UTP Surakarta,57139,271726278,,humas@utp.ac.id,Jalan Balekambang Lor No 1 Manahan Banjarsari,Surakarta,Jawa Tengah,Baik Sekali,swasta,,
220,Universitas HKBP Nommensen Pematangsiantar,11050,UHKBPNP,21132,6227251800,,info@uhnp.ac.id,Jl. Sangnaualuh no 4. Pematangsiantar Kel. Siopat Suhu,Pematangsiantar,Sumatera Utara,Baik Sekali,swasta,,
221,Universitas Tanri Abeng,31054,TAU,12250,+62 21 5890 8888,,academic@tau.ac.id,Jl. Swadarma Raya No. 58  Ulujami-Pesanggarahan Jakarta Selatan Indonesia,Bintan,Kepulauan Riau,Baik Sekali,swasta,,
222,Universitas Darma Agung,11007,UDA,20153,"(061)4535432,4535432",,darmaagung.uda21@darmaagung.ac.id,Jalan Dr Td Pardede No 21,Medan,Sumatera Utara,Baik,swasta,,
223,Institut Agama Islam Negeri Metro,202033,IAIN Metro,34111,72547296,,iainmetro@metrouniv.ac.id,Jalan Ki hajar Dewantara Iringmulyo Metro Timur Kota Metro,Metro,Lampung,Baik Sekali,swasta,,
224,Universitas Pramita Indonesia,41039,UNPRI,15810,021 5980579,,baak.unpri@gmail.com,Jalan Kampus Pramita Binong,Cianjur,Jawa Barat,Baik,swasta,,
225,Universitas Islam Makassar,91028,UIM,90245,411588167,,uimmakassar@uim-makassar.ac.id,Jl Perintis Kemerdekaan No 29,Makassar,Sulawesi Selatan,Baik Sekali,swasta,,
226,Universitas Kristen Petra,71002,UK Petra,60236,"(031)8349040,8494830",,info@petra.ac.id,Jl Siwalankerto 121-131,Surabaya,Jawa Timur,Unggul,swasta,1404.0,23.0
227,Universitas Victory Sorong,141007,UNVIC SORONG,98416,951329506,,univictorywarek3@gmail.com,"Jalan Basuki Rahmat Km 11,5 Kelurahan Klasaman",Sorong,Papua Barat Daya,Baik,swasta,,
228,Universitas Lumajang,71055,UNILU,67352,334882769,,unilu.universitaslumajang@gmail.com,Jalan Musi 12,Lumajang,Jawa Timur,Baik,swasta,,
229,Universitas Riau Kepulauan,171014,UNRIKA,29422,778392752,,info@unrika.ac.id,"Jalan Batu Aji Baru No. 99 Batu Aji Kota Batam, Provinsi Kepulauan Riau",Batam,Kepulauan Riau,Baik Sekali,swasta,,
230,Institut Keislaman Abdullah Faqih Manyar Gresik,212015,INKAFA,61151,313959297,,inkafa@inkafa.ac.id,PONDOK PESANTREN MAMBAUS SHOLIHIN JL. KH SYAFI'I NO 07 SUCI MANYAR GRESIK,Gresik,Jawa Timur,Baik Sekali,swasta,,
231,Universitas Gorontalo,161013,UG,96211,435881369,,universitas_gorontalo@yahoo.com,Jl Jenderal Sudirman No 247,Buol,Sulawesi Tengah,Baik Sekali,swasta,,
232,Universitas PGRI Adi Buana Surabaya,71049,UNIPA Surabaya,60245,5041097,,admin@unipasby.ac.id,Jl. Dukuh Menanggal XII No. 4 Surabaya,Surabaya,Jawa Timur,Baik Sekali,swasta,,
233,Institut Agama Islam Darussalam (IAID) Ciamis Jawa Barat,212005,IAID,46271,0265 774376,,rektorat@iaid.ac.id,Jl. KH. Ahmad Fadlil I Darussalam Kotak Pos No. 02 Ciamis,Ciamis,Jawa Barat,Baik Sekali,swasta,,
234,Universitas Budi Luhur,31045,UBL,12260,215853753,,rektor@budiluhur.ac.id,Jalan Ciledug Raya Petukangan Utara,Tangerang,Banten,Baik Sekali,swasta,,
235,Institut Komunikasi Dan Bisnis LSPR,32025,IKB LSPR,10250,021 57943751,,ikblspr@lspr.edu,"Sudirman Park Campus, Jl. Jend. Sudirman No.Kav. 32, RT.12/RW.11, Karet Tengsin, Kota Jakarta Pusat, Daerah Khusus Ibukota Jakarta",Administrasi Jakarta Pusat,DKI Jakarta,Baik Sekali,swasta,,
236,Universitas Respati Yogyakarta,51020,UNRIYO,55555,0274 488781,,unriyo@respati.ac.id,"Jl Laksda Adisutjipto KM 6,5 Sleman",Sleman,Daerah Istimewa Yogyakarta,Baik Sekali,swasta,,
237,Universitas Nahdlatul Ulama Lampung,21026,UNU LAMPUNG,34192,7257660179,,akademik@unulampung.ac.id,"Jln. Lintas Pantai Timur, Purbolinggo lampung timur",Lampung Timur,Lampung,Baik,swasta,,
238,Universitas Islam Labuhan Batu,11028,UNISLA,21414,62424629,,unisla.adm@gmail.com,"Jl. H. M. Yunus No. 09 Kel. Padang Bulan, Rantauprapat",Labuhanbatu,Sumatera Utara,Baik,swasta,,
239,Universitas 17 Agustus 1945 Banyuwangi,71035,UNTAG BANYUWANGI,68416,333411248,,untagbwi@untag-banyuwangi.ac.id,Jalan Adi Sucipto No 26,Banyuwangi,Jawa Timur,Baik Sekali,swasta,,
240,Universitas Widya Mataram,51008,UWM,55132,274374352,,info@widyamataram.ac.id,Ndalem Mangkubumen KT III/237 Yogyakarta,Yogyakarta,Daerah Istimewa Yogyakarta,Baik Sekali,swasta,,
241,Institut Agama Islam Hamzanwadi Pancor Lombok Timur,212006,IAIH Pancor,83611,"(0376) 22566, 299108",,iaih.pancor@gmail.com,Jalan TGKH. M. Zainuddin Abdul Majid No. 134 Pancor-Selong,Lombok Timur,Nusa Tenggara Barat,Baik,swasta,,
242,Universitas Al Asyariah Mandar,91037,UNASMAN,91315,42821038,,info@unasman.ac.id,"Jalan Budi Utomo No 2, Manding",Polewali Mandar,Sulawesi Barat,Baik Sekali,swasta,,
243,Universitas Pancasakti Tegal,61013,UPS Tegal,52122,283351082,,info@upstegal.ac.id,Jl. Halmahera KM. 1 Kota Tegal,Tegal,Jawa Tengah,Unggul,swasta,,
244,Universitas Amir Hamzah,11010,UNHAM,20371,061 6614160,,unham@unhamzah.ac.id,Jalan Pancing Pasar V Barat Medan Estate,Deli Serdang,Sumatera Utara,Baik,swasta,,
245,Universitas Muhammadiyah Mataram,81010,Ummat,83127,370633723,,ramli.abdul.ghani@gmail.com,Jalan KH Ahmad Dahlan No 1 Pagesangan,Mataram,Nusa Tenggara Barat,Baik Sekali,swasta,,
246,Universitas Darussalam Gontor,71085,UNIDA GONTOR,63471,0352 483762,,rektorat@unida.gontor.ac.id,"Jl. Raya Siman Km. 5, Siman, Ponorogo, Jawa Timur",Ponorogo,Jawa Timur,Unggul,swasta,,
247,Universitas Tarumanagara,31015,UNTAR,11440,215671747,,humas@untar.ac.id,"Jalan S Parman No 1, Grogol",Administrasi Jakarta Barat,DKI Jakarta,Unggul,swasta,,
248,Universitas Muhammadiyah Palembang,21001,UM PALEMBANG,30263,711513022,,humas@um-palembang.ac.id,Jalan Jenderal Ahmad Yani 13 ULU PLAJU PALEMBANG,Palembang,Sumatera Selatan,Baik Sekali,swasta,,
249,Universitas Muhammadiyah Mahakarya Aceh,131014,UMMAH,24252,(0644)7042602,,info@ummah.ac.id,Jl. Gayo Simpang IV Bireuen No. 2,Bireuen,Aceh,Baik,swasta,,
250,Universitas Gunung Kidul,51017,UGK,55813,274391342,,univ_gunungkidul@yahoo.co.id ; univ_gunungkidul@ugk.ac.id,"Jalan KH Agus Salim No 170 Wonosari, Gunungkidul, D.I. Yogyakarta",Gunungkidul,Daerah Istimewa Yogyakarta,Baik,swasta,,
251,Universitas Kristen Wira Wacana Sumba,151012,Unkriswina Sumba,87113,"(0387)62392, 62393",,www.unkriswina.ac.id,Jalan R Suprapto No 35,Sumba Timur,Nusa Tenggara Timur,Baik,swasta,,
252,Institut Agama Islam Ngawi Jawa Timur,212061,IAI Ngawi,63215,0351 4477727,,admin@iaingawi.ac.id,Jalan Ir. Soekarno (Ringroad Barat) Nomor 99 Ngawi,Ngawi,Jawa Timur,Baik,swasta,,
253,Universitas Flores,151002,UNIFLOR,86316,"(0381)23874, 22536",,universitasflores@uniflor.ac.id,"Jalan Sam Ratulangi 
Kelurahan Paupire",Ende,Nusa Tenggara Timur,Baik Sekali,swasta,,
254,Universitas Nahdlatul Ulama Surakarta,61028,UNU SURAKARTA,57141,271717954,,unusurakarta@yahoo.com,Jalan Dr Wahidin 05 VI Penumping Laweyan,Surakarta,Jawa Tengah,Baik Sekali,swasta,,
255,Universitas Tribhuwana Tungga Dewi,71061,UNITRI,65144,341565500,,info@unitri.ac.id,"Jl Telaga Warna, Tlogomas, Malang",Malang,Jawa Timur,Baik Sekali,swasta,,
256,Universitas Ma'soem,41073,UM,45363,227798340,,info@masoemuniversity.ac.id,Jl. Raya Cipacing No. 22 Jatinangor -Sumedang,Sumedang,Jawa Barat,Baik,swasta,,
257,Universitas Suryakancana,41030,UNSUR,43216,263270106,,unsur@unsur.ac.id,Jalan Pasir Gede Raya Cianjur,Cianjur,Jawa Barat,Baik Sekali,swasta,,
258,"Institut Parahikma Indonesia, Gowa Sulawesi Selatan",212062,,92113,(0411) 8982733,,contact@parahikma.ac.id,"Jl. Mustafa dg. Bunga No. 191, Paccinongan",Gowa,Sulawesi Selatan,Baik,swasta,,
259,Universitas Narotama,71008,UNNAR,60117,315946404,,rektor.universitas@narotama.ac.id,Jl Arif Rahman Hakim No 51,Surabaya,Jawa Timur,Baik Sekali,swasta,,
260,Universitas Muhammadiyah Semarang,61026,UNIMUS,50273,2476740296,,info@unimus.ac.id,Jalan Kedungmundu Raya 18 Kecamatan Tembalang,Semarang,Jawa Tengah,Baik Sekali,swasta,,
261,Universitas Klabat,161002,UNKLAB,95371,0431 891035,,email@unklab.ac.id; warek1@unklab.ac.id,"Jl. Arnold Mononutu, Airmadidi, Minahasa Utara, Manado 95371, Sulawesi Utara, In",Minahasa Utara,Sulawesi Utara,Baik Sekali,swasta,,
262,Institut Teknologi dan Bisnis Bina Adinata,92036,ITeB,92561,4132510621,,bina.adinata@gmail.com,"Jalan Sukun, Kelurahan Jalanjang, Kabupaten Bulukumba",Bulukumba,Sulawesi Selatan,Baik,swasta,,
263,Universitas Tanjungpura,1022,UNTAN,78124,"561,736,033,739,630",,1) untan_59@untan.ac.id; 2) untan_59@untan.ac.id,Jalan Jenderal Ahmad Yani,Pontianak,Kalimantan Barat,Unggul,negeri,,
264,Universitas Surakarta,61024,UNSA,57772,271825117,,info@unsa.ac.id,Jalan Raya Palur Km 5,Karanganyar,Jawa Tengah,Baik,swasta,,
265,Universitas Nahdlatul Wathan Mataram,81014,UNW Mataram,82137,370641275,,unwmataram@yahoo.co.id,Jalan Kaktus No 1-3 Gomong,Mataram,Nusa Tenggara Barat,Baik Sekali,swasta,,
266,Universitas Dr Soetomo,71005,Unitomo,60118,315925970,,info@unitomo.ac.id,Jl Semolowaru 84,Surabaya,Jawa Timur,Baik Sekali,swasta,,
267,Universitas Bosowa,91049,UNIBOS,90231,(0411)452901452 78,,info@unibos.ac.id,Jalan Urip Sumoharjo Km. 4,Makassar,Sulawesi Selatan,Baik Sekali,swasta,,
268,Universitas Islam Raden Rahmat,71084,UNIRA Malang,65163,0341 399099,,radenrahmat@uniramalang.ac.id,"Jalan Mojosari No. 2 Kepanjeng, Kab. Malang",Malang,Jawa Timur,Baik,swasta,,
269,Universitas Kristen Indonesia Paulus,91003,UKI Paulus,90243,411582825,,ukip@ukipaulus.ac.id,Jl Perintis Kemerdekaan KM 13 Daya Makassar,Makassar,Sulawesi Selatan,Baik Sekali,swasta,,
270,Institut Teknologi dan Bisnis Adias,62015,,52313,(0284) 322881,,puskom@itbadias.ac.id,"Jl Tegalmlati No. 22 Kelurahan Petarukan, Kecamatan Petarukan",Pemalang,Jawa Tengah,Baik,swasta,,
271,Universitas Islam Al-Ihya Kuningan,41059,UNISA Kuningan,45552,(0232) 873186,,kontak@unisa.ac.id,Jl. Mayasih No. 11 Kel. Cigugur Kuningan,Kuningan,Jawa Barat,Baik,swasta,,
272,Universitas Sawerigading,91013,UNSA MAKASSAR,90156,0411  3629561,,univ.unsamks@gmail.com,Jalan Kandea I No. 27,Makassar,Sulawesi Selatan,Baik,swasta,,
273,Universitas Ottow Geissler,141008,UOG Papua,99225,0967 581562,,info.uogp@yahoo.com,JALAN PERKUTUT KOTARAJA JAYAPURA - PAPUA,Boven Digoel,Papua Selatan,Baik,swasta,,
274,Universitas Bina Mandiri Gorontalo,161023,UBMG,96128,435834062,,ubmgorontalo@ubmg.ac.id,"Jl. Profesor DR. H. Aloei Saboe, Wongkaditi, Kabila, Kabupaten Bone Bolango, Gorontalo",Gorontalo,Gorontalo,Baik,swasta,,
275,Institut Kesehatan dan Bisnis Annisa,42029,IKBis Annisa,16810,2183715935,,ikbisannisa23@gmail.com,"1. Jln Kranggan Nomor 30, Desa Puspasari, Kec. Citeureup 2. Jln. Mayor Oking Jayaatmaja No.122, Cirimekar Cibinong",Bogor,Jawa Barat,Baik,swasta,,
276,Universitas 'Aisyiyah Bandung,41087,UNISA BANDUNG,40264,022 7305269,,info@unisa-bandung.ac.id,"Jl. Banteng Dalam No. 6 Turangga, Kec. Lengkong",Bandung,Jawa Barat,Baik Sekali,swasta,,
277,Universitas Tama Jagakarsa,31050,,12530,217890965,,info@jagakarsa.ac.id,Jalan TB Simatupang No 152 Tanjung Barat,Katingan,Kalimantan Tengah,Baik,swasta,,
278,Institut Agama Islam Shalahuddin Al-Ayyubi (INISA) Tambun Bekasi,212024,INISA,17510,2188323120,,inisa_tambunbekasi@yahoo.com,Jl. Sultan Hasanudin No. 203/226 Tambun Selatan Bekasi Jawa Barat,Bekasi,Jawa Barat,Baik,swasta,,
279,Universitas Nahdlatul Ulama Surabaya,71079,UNUSA,60237,318479070,,info@unusa.ac.id,"Kampus A Jl. SMEA No 57, Surabaya
Kampus B Jl. Jemursari 51-57, Surabaya",Surabaya,Jawa Timur,Unggul,swasta,,
280,Universitas Sains dan Teknologi Komputer,61058,Universitas STEKOM,50192,(024) 6723456,,universitas@stekom.ac.id,Jl. Majapahit No. 605 Pedurungan Kidul Semarang,Semarang,Jawa Tengah,Baik,swasta,,
281,Universitas Muslim Nusantara Al-Washliyah,11027,UMN Al-Washliyah,20147,"0617867044, 7868487",,info@umnaw.ac.id,"Jalan Garu II No 2 ; no 52 dan no 93
Jl. Lintas Medan Lubuk Pakam
Jl. Gedung Arc",Medan,Sumatera Utara,Baik Sekali,swasta,,
282,Universitas IBA,21007,UIBA,30113,711351364,,uiba@iba.ac.id,Jalan Mayor Ruslan,Palembang,Sumatera Selatan,Baik,swasta,,
283,Universitas Islam Kalimantan Muhammad Arsyad Al Banjari Banjarmasin,111003,UNISKA MAB,70123,511304592,,admin@uniska-bjm.ac.id,Jalan Adhyaksa No 2 Kayu Tangi,Banjarmasin,Kalimantan Selatan,Baik Sekali,swasta,,
284,Institut Bisnis Dan Informatika Kwik Kian Gie,32009,KKGSOB,14350,2165307062,,rektorat@kwikkiangie.ac.id,Jalan Yos Sudarso Kav 87 Sunter,Bogor,Jawa Barat,Baik Sekali,swasta,,
285,Universitas Mahkota Tricom Unggul,11062,Universitas MTU,20244,6180086201,,universitasmtu@mtu.ac.id,Jl. Pematang Pasir No. 27 Kel. Tj. Mulia Hilir Kec. Medan Deli,Medan,Sumatera Utara,Baik,swasta,,
286,Universitas Wijaya Kusuma Surabaya,71009,UWKS,60225,031 5677577,,info@uwks.ac.id,Jalan Dukuh Kupang XXV No 54,Sabang,Aceh,Baik Sekali,swasta,,
287,Universitas Pembinaan Masyarakat Indonesia,11025,UPMI,20227,061 7362927,,upmi@upmi.ac.id,Jalan Teladan No 15,Medan,Sumatera Utara,Baik,swasta,,
288,Universitas Al-ghifari,41037,Unfari,40293,227835813,,info@unfari.ac.id,Jalan Cisaranten Kulon No 140,Bandung,Jawa Barat,Baik,swasta,,
289,Universitas Proklamasi  45,51004,UP45,55281,"0274485517, 485535",,info@up45.ac.id,Jalan Proklamasi No 1 Babarsari,Sleman,Daerah Istimewa Yogyakarta,Baik Sekali,swasta,,
290,Universitas Abdurrab,171013,UNIVRAB,28292,76138762,,humas@univrab.ac.id,Jalan Riau Ujung No 73 Tampan,Pekanbaru,Riau,Baik Sekali,swasta,,
291,Universitas Putra Indonesia,41035,UNPI CIANJUR,43215,263262604,,akademik@unpi-cianjur.ac.id,Jl Dr Muwardi No 66 Bypass,Cianjur,Jawa Barat,Baik,swasta,,
292,Universitas Sriwijaya,1009,Unsri,30662,711580169,,bapsi@unsri.ac.id,Jl Raya Palembang Prabumulih Km. 32  Inderalaya Ogan Komering Ilir,Ogan Ilir,Sumatera Selatan,Unggul,negeri,,
293,Universitas Muhammadiyah Cirebon,41029,,45153,0231 209617,,rektorat@umc.ac.id,Jalan Tuparev No 70,Cirebon,Jawa Barat,Baik Sekali,swasta,,
294,Universitas Kristen Artha Wacana,151003,UKAW,85228,0380 881584,,ukaw_kupang@yahoo.co.id,Jalan Adisucipto 147 Oesapa,Kupang,Nusa Tenggara Timur,Baik Sekali,swasta,,
295,Universitas Quality,11040,UQ,12345,6180047003,,info@universitasquality.ac.id,Jl. Ringroad - Ngumban Surbakti No.18 Medan,Medan,Sumatera Utara,Baik,swasta,,
296,Universitas Islam Negeri Sayyid Ali Rahmatullah Tulungagung,201019,UIN SATU TULUNGAGUNG,66221,0355  321513,,info@uinsatu.ac.id,Jl. Mayor Sujadi Timur No. 46 Tulungagung,Tulungagung,Jawa Timur,Unggul,swasta,,
297,Universitas Muhammadiyah Palangka Raya,111009,UMPR,73111,5363222184,,um.palangkaraya@gmail.com,"Jalan RTA Milono Km 1,5  Palangka Raya
Kalimantan Tengah",Kutai Kartanegara,Kalimantan Timur,Baik Sekali,swasta,,
298,Universitas Putera Batam,171019,UPB,29433,85775710743,,akademik@upbatam.ac.id,Jl Letjen R Soeprapto Muka Kuning,Batam,Kepulauan Riau,Baik,swasta,,
299,Universitas Muhammadiyah Gombong,61061,UNIMUGO,54412,(0287) 472433/473749,,rektorat@unimugo.ac.id,Jl. Yos Sudarso 461 Gombong,Kebumen,Jawa Tengah,Baik Sekali,swasta,,
300,Universitas Bina Darma,21019,UBD,30264,711515582,,universitas@binadarma.ac.id,Jalan Jenderal Ahmad Yani No.12 Plaju,Palembang,Sumatera Selatan,Baik Sekali,swasta,,
301,Universitas Mahaputra Muhammad Yamin,101004,UMMY,27361,(0755) 324265,,baak.ummy@gmail.com,Jalan Raya Koto Baru No 7,Solok,Sumatera Barat,Baik Sekali,swasta,,
302,Universitas Atma Jaya Makassar,91009,UAJM,90244,0411  871038,,uajm@mail.uajm.ac.id,Jalan Tanjung Alang No 23 Makassar,Makassar,Sulawesi Selatan,Baik,swasta,,
303,Universitas Jenderal Soedirman,1023,UNSOED,53122,281635292,,bakunsoed@gmail.com,Jl Prof Dr HR Boenyamin 708,Banyumas,Jawa Tengah,Unggul,negeri,,
304,Universitas Islam Darul `ulum,71062,UNISDA LAMONGAN,62253,322390497,,humas@unisda.ac.id,"Jalan Airlangga No 3, Sukodadi Lamongan",Lamongan,Jawa Timur,Baik,swasta,,
305,Universitas Abulyatama,131003,Unaya,23372,(0651)34488,,sekertariat@abulyatama.ac.id,"Jl Blang Bintang Lama Km 8,5 Lampoh Keude, Aceh Besar, Aceh",Kepulauan Talaud,Sulawesi Utara,Baik Sekali,swasta,,
306,Universitas Stikubank,61029,UNISBANK,50241,248414970,,sekretariat.univ@edu.unisbank.ac.id,Jalan Tri Lomba Juang No 1,Semarang,Jawa Tengah,Baik Sekali,swasta,,
307,Institut Agama Islam Negeri Curup,202039,IAIN CURUP,39119,73221759,,admin@iaincurup.ac.id,Jl. Doktor AK Gani No. 1 Curup Utara,Rejang Lebong,Bengkulu,Baik Sekali,swasta,,
308,Universitas Islam Negeri Mataram,201015,UINMA,83116,(0370) 621298,,info@uinmataram.ac.id,"Jalan Gajah Mada No. 100, Pagesangan, Mataram, Jempong Baru, Kec. Sekarbela",Mataram,Nusa Tenggara Barat,Unggul,swasta,,
309,Universitas Merdeka Ponorogo,71043,UNMER,63418,352481123,,unmerpo@yahoo.com,Jalan Pacar 30,Ponorogo,Jawa Timur,Baik,swasta,,
310,Universitas Nahdlatul Ulama Kalimantan Timur,111020,UNU Kaltim,75131,0541 4104842,,admin@unukaltim.ac.id,"Jl. KH. Harun Nafsi, Kel. Rapak Dalam, Samarinda",Samarinda,Kalimantan Timur,Baik,swasta,,
311,Universitas Nasional Karangturi Semarang,61046,UNKARTUR,50127,(024) 3545882,,info@unkartur.ac.id,Jl Raden Patah No. 182-192 Semarang,Semarang,Jawa Tengah,Baik,swasta,,
312,Universitas Khairun,1044,Universitas Khairun,97719,9.21E+16,,univkhairun_tte@yahoo.co.id,Jalan Pertamina Kampus II Gambesi,Ternate,Maluku Utara,Baik Sekali,negeri,,
313,Universitas Swiss German,41026,SGU,15143,021 2977 9596/9597,,academic@sgu.ac.id,"The Prominence Tower, Jalan Jalur Sutera Barat No. 15 Alam Sutera",Tangerang,Banten,Baik Sekali,swasta,,
314,Universitas Udayana,1013,UNUD,80361,361701954,,info@unud.ac.id,"Jl.Kampus Bukit UNUD Jimbaran ,Badung-Bali",Badung,Bali,Unggul,negeri,1402.0,21.0
315,Universitas Katolik Santo Thomas,11009,UKST,20132,061 8210161,,info@ust.ac.id,Jalan Setia Budi Nomor 479 F Tanjung Sari,Medan,Sumatera Utara,Baik Sekali,swasta,,
316,Universitas Borobudur,31018,,13620,"8618293, 8613877",,info@borobudur.ac.id,Jalan Raya Kalimalang No  1,Administrasi Jakarta Timur,DKI Jakarta,Baik,swasta,,
317,Universitas Bumi Hijrah Tidore,121017,UNIBRAH,97852,85225262572,,unibrahtidore@gmail.com,"Jln Lintas Halmahera - Sofifi, Kec. Oba Utara, Kota Tidore Kepulauan",Tidore Kepulauan,Maluku Utara,Baik,swasta,,
318,Universitas Atma Jaya Yogyakarta,51005,UAJY,55281,274487711,,kaa@uajy.ac.id,Jalan Babarsari No 44,Sleman,Daerah Istimewa Yogyakarta,Unggul,swasta,,
319,Universitas Islam Negeri Sunan Gunung Djati,201004,UIN SGD Bandung,40614,+6222 7800525,,info@uinsgd.ac.id,Jalan AH Nasution No 105,Bandung,Jawa Barat,Unggul,swasta,,
320,Universitas Nusa Nipa,151008,UNIPA,86111,38222388,,unipamaumere@yahoo.co.id,Jalan Kesehatan No 3,Sikka,Nusa Tenggara Timur,Baik Sekali,swasta,,
321,Universitas Madura,71048,Unira,69371,324322231,,"info@unira.ac.id, mail@unira.ac.id","Jl. Raya Panglegur KM. 3,5 Pamekasan Madura",Pamekasan,Jawa Timur,Baik Sekali,swasta,,
322,Universitas Muhammadiyah Surakarta,61008,UMS.,57102,271717417,,ums@ums.ac.id,"Jl. Ahmad Yani, Tromol Pos1,  Pabelan Kartasura, Surakarta",Sukoharjo,Jawa Tengah,Unggul,swasta,1405.0,24.0
323,Universitas Muhammadiyah Tangerang,41051,UMT,15118,(021) 55730731,,umtindonesia.2009@gmail.com,"JL. Perintis Kemerdekaan, No. I / 33, Cikokol, Tangerang",Tangerang,Banten,Baik Sekali,swasta,,
324,Institut Agama Islam Tribakti (IAIT) Kediri,212012,IAIT,64114,354772879,,info@iai-tribakti.ac.id,JL. KH. Wahid Hasyim 62 Kediri,Kediri,Jawa Timur,Baik,swasta,,
325,Universitas Jenderal Achmad Yani,41021,UNJANI,40513,(022) 6610223,,akademik@unjani.ac.id,Jl Terusan Jenderal Sudirman,Cimahi,Jawa Barat,Baik Sekali,swasta,,
326,Universitas Islam Negeri Kiai Haji Achmad Siddiq Jember,201023,UIN KHAS JEMBER,68136,331487550,,info@uinkhas.ac.id,"Jl.Mataram No. 1 Mangli, Kec. Kaliwates, .",Jember,Jawa Timur,Unggul,swasta,,
327,Institut Agama Islam Hamzanwadi NW Lombok Timur,212021,IAIH NW LOTIM,83659,376631967,,info@iaihnwlotim.ac.id; admin@iaihnw-lotim.ac.id,Jl. Mataram-Lb. Lombok Km. 49 Anjani Suralaga,Lombok Timur,Nusa Tenggara Barat,Baik,swasta,,
328,Universitas Islam Negeri Fatmawati Sukarno Bengkulu,201024,UIN FAS BENGKULU,38211,73651276,,admin@uinfasbengkulu.ac.id,Jl. Raden Fatah Kel. Pagar Dewa Kec. Selebar,Bengkulu,Bengkulu,Baik Sekali,swasta,,
329,Universitas Muara Bungo,101016,UMB,37215,747323310,,umb101016@gmail.com,Jalan Diponoro No. 27 Muara Bungo,Bungo,Jambi,Baik,swasta,,
330,Universitas Nusa Bangsa,41020,UNB,16166,2518340217,,nusabangsa@unb.ac.id,"Jalan KH. Sholeh Iskandar (Jl. Baru KM 4) Kelurahan Cibadak 
Kec. Tanah Sareal",Bogor,Jawa Barat,Baik,swasta,,
331,Universitas Cordova,81028,UNDOVA,84355,0372 8283093,,undovaindonesia@gmail.com,JL. Pondok Pesantren 112 Taliwang 84355 KSB NTB,Sumbawa Barat,Nusa Tenggara Barat,Baik,swasta,,
332,Institut Keguruan dan Teknologi Larantuka,152002,IKTL,86212,3832325554,,iktl_cij@yahoo.com,Jln. Ki Hajar Dewantara Kel. Waibalun,Flores Timur,Nusa Tenggara Timur,Baik,swasta,,
333,Universitas Muhammadiyah Pontianak,111013,UMP,78124,561764571,,kontak@unmuhpnk.ac.id,Jalan Jendral Ahmad Yani No.111,Pontianak,Kalimantan Barat,Baik Sekali,swasta,,
334,Universitas Satya Wiyata Mandala,141004,,98801,98421757,,uswim.nabire.01@gmail.com,Jalan Sutamsu SH Kalibobo,Nabire,Papua Tengah,Baik,swasta,,
335,Universitas Nias,11063,UNIAS,22814,6.26E+11,,admin@unias.ac.id,Jalan Pancasila No.10 Kota Gunungsitoli,Gunungsitoli,Sumatera Utara,Baik,swasta,,
336,Universitas Kadiri,71039,UNIK,64115,(0354)771649,,rektor@unik-kediri.ac.id,Jalan Selomangleng No. 1,Kediri,Jawa Timur,Baik Sekali,swasta,,
337,Universitas Muhammadiyah Pringsewu Lampung,21034,UMPRI LAMPUNG,35373,(0729) 7081112,,info@umpri.ac.id,Jl. KH. Ahmad Dahlan No.112 Kecamatan Pringsewu,Pringsewu,Lampung,Baik Sekali,swasta,,
338,Universitas Pattimura,1021,Unpatti,97233,(0911)322626,,rektor@unpatti.ac.id,"Jalan Ir M Putuhena, Kampus Poka, AMBON",Ambon,Maluku,Baik Sekali,negeri,,
339,Universitas Gajayana,71051,UNIGA,65144,341562411,,uniga@unigamalang.ac.id,"Jalan Mertojoyo Blok L, Merjosari Malang",Malang,Jawa Timur,Baik Sekali,swasta,,
340,Universitas Lambung Mangkurat,1010,ULM,70123,511306694,,humas@ulm.ac.id,Jalan Brigjen H Hasan Basri,Banjarmasin,Kalimantan Selatan,Unggul,negeri,,
341,Universitas Informatika Dan Bisnis Indonesia,41046,UNIBI,40117,227320841,,sekretariat@unibi.ac.id,"Jalan Soekarno Hatta No 643 Sukapura, Kec. Kiracondong",Bandung,Jawa Barat,Baik Sekali,swasta,,
342,Universitas Islam Negeri Mahmud Yunus Batusangkar,201026,UIN MY Batusangkar,27211,6275271150,,info@uinmybatusangkar.ac.id,Jl. Sudirman No.137 Lima Kaum Batusangkar,Tanah Datar,Sumatera Barat,Baik Sekali,swasta,,
343,Universitas Islam Bandung,41002,Unisba,40116,224203368,,humas@unisba.ac.id,Jalan Tamansari No 1,Bandung,Jawa Barat,Unggul,swasta,,
344,Universitas Ekasakti,101003,UNES,25114,75128859,,rektoratunes@unespadang.ac.id,Jalan Veteran Dalam No 26 B,Padang,Sumatera Barat,Baik Sekali,swasta,,
345,Universitas Presiden,41041,PRESUNIV,17550,(021) 8910 976263,,rector@president.ac.id,"Jl. Ki Hajar Dewantara, Kota Jababeka, Cikarang Baru, Bekasi",Bekasi,Jawa Barat,Unggul,swasta,,
346,Universitas Pawyatan Daha,71052,UPD,64182,(0354) 683044,,univpawdaha@ymail.com,Jl Soekarno-hatta No 49 Kediri,Kediri,Jawa Timur,Baik,swasta,,
347,Universitas Teknologi Sulawesi Utara,161016,UTSU,95122,82194080221,,info@utsu.ac.id,Jalan Piere Tendean Komp. Megamas Smart 6 No 12,Sintang,Kalimantan Barat,Baik,swasta,,
348,Universitas Ratu Samban,21018,UNRAS,38611,737522613,,ratusambanuniv@gmail.com,Jl Jenderal Sudirman No 87 Bengkulu Utara,Bengkulu Utara,Bengkulu,Baik,swasta,,
349,Institut Agama Islam Al-Khairat Pamekasan Jawa Timur,212076,IAI AL-KHAIRAT,69301,87851754495,,alkhairatpmk@gmail.com,Jl. Raya Palengaan No. 02 (Palduding) Pamekasan,Pamekasan,Jawa Timur,Baik,swasta,,
350,Universitas Islam Negeri Ar-Raniry Banda Aceh,201011,UINAR,23111,6517552921,,uin@ar-raniry.ac.id,Jl. Syeikh Abdur Rauf Kopelma Darussalam Banda Aceh,Banda Aceh,Aceh,Unggul,swasta,,
351,Universitas Komputer Indonesia,41027,UNIKOM,40132,222503430,,sektor@email.unikom.ac.id,Jalan Dipatiukur No 112-114,Bandung,Jawa Barat,Unggul,swasta,,
352,Universitas Muhammadiyah Jakarta,31011,UMJ,10510,(021)7401894,,info@umj.ac.id,"Kampus A Jl. Cempaka Putih Tengah 27, Cempaka Putih",Tangerang Selatan,Banten,Unggul,swasta,,
353,Universitas Prasetiya Mulya,31063,Prasmul,12430,217511126,,bpm@pmbs.ac.id,"Jl. RA. Kartini, Cilandak Barat",Administrasi Jakarta Selatan,DKI Jakarta,Baik,swasta,,
354,Universitas Muhammadiyah Tasikmalaya,41061,UMTAS,46196,2652350982,,kotaksurat@umtas.ac.id,Jalan Tamansari Gobras,Tasikmalaya,Jawa Barat,Baik,swasta,,
355,Institut Manajemen Wiyata Indonesia,42011,IMWI,43112,2666253500,,info@imwi.ac.id,Jalan Gudang No. 9 Sukabumi,Sukabumi,Jawa Barat,Baik,swasta,,
356,Universitas Papua,1045,UNIPA,98314,"0986211974, 211754",,rektor@unipa.ac.id,"Jl Gunung Salju, Amban Manokwari",Manokwari,Papua Barat,Baik Sekali,negeri,,
357,Universitas Pamulang,41033,UNPAM,15417,(021) 7412566,,admin@unpam.ac.id,"Jalan Suryakencana No 1 Pamulang, Kota Tangerang Selatan Provinsi Banten",Tangerang Selatan,Banten,Baik Sekali,swasta,,
358,Institut Agama Islam Latifah Mubarokiyah (IAILM) Suryalaya Tasikmalaya,212003,IAILM Suryalaya,46158,265455808,,iailm@iailm.ac.id,"Ds. Tanjungkerta, Kec. Pagerageung",Tasikmalaya,Jawa Barat,Baik,swasta,,
359,Institut Seni Budaya Indonesia Bandung,2010,,40265,227314982,,isbi@isbi.ac.id,Jalan Buahbatu No. 212 Bandung,Bandung,Jawa Barat,Baik Sekali,negeri,,
360,Institut Bisnis Dan Informatika Kesatuan,42016,IBI Kesatuan,16123,0251 8381112,,info@ibik.ac.id,"Jl. Rangga Gading No.1, Gudang, Kecamatan Bogor Tengah, Kota Bogor, Jawa Barat",Bogor,Jawa Barat,Baik Sekali,swasta,,
361,Universitas Halmahera,121015,UNIERA,97762,9242622408,,info@uniera.ac.id,"Kompleks UNIERA, Jl. Wari Raya, Tobelo - Maluku Utara",Halmahera Utara,Maluku Utara,Baik Sekali,swasta,,
362,Universitas Muhammadiyah Bandung,41064,UM Bandung,40262,2.26E+13,,unmuhbandung@gmail.com,Jl. Palasari No.9A,Bandung,Jawa Barat,Baik Sekali,swasta,,
363,Universitas Megarezky,91056,UNIMERZ,90234,(0411) 492401,,info@unimerz.ac.id,"Jalan Antang Raya No. 45, Antang, Manggala",Makassar,Sulawesi Selatan,Baik,swasta,,
364,Universitas Bung Karno,31042,YPS,10320,"2,139,010,763,901,270",,rektorat@ubk.ac.id,Jalan Kimia No 20,Administrasi Jakarta Pusat,DKI Jakarta,Baik Sekali,swasta,,
365,Universitas Kristen Krida Wacana,31010,UKRIDA,11470,021 566 695255,,univ.secretary@ukrida.ac.id,Jl Tanjung Duren Raya No 4,Administrasi Jakarta Barat,DKI Jakarta,Unggul,swasta,,
366,Universitas Kristen Indonesia Tomohon,161001,UKIT,95362,81343606077,,rektorat.ukit@gmail.com,Jalan Raya Talete II Kampus II UKIT Kuranga,Tomohon,Sulawesi Utara,Baik,swasta,,
367,Universitas Islam Negeri Sunan Kalijaga,201002,UIN SUKA,55281,"(0274) 589621,512474",,humas@uin-suka.ac.id,Jalan Marsda Adisucipto No. 1,Yogyakarta,Daerah Istimewa Yogyakarta,Unggul,swasta,,
368,Institut Sains Dan Teknologi Akprind,52003,IST AKPRIND,55222,274563029,,info@akprind.ac.id,Jalan Kalisahak No 28 Komplek Balapan,Yogyakarta,Daerah Istimewa Yogyakarta,Baik Sekali,swasta,,
369,Institut Agama Islam Kotamobagu,212081,IAI Kotamobagu,95716,6.28E+12,,admin@iaik.ac.id,"Jl. Jhoni Suhodo No. 4, Kelurahan Kotobangon, Kecamatan Kotamobagu Timur, Kota Kotamobagu, Provinsi Sulawesi Utara",Kotamobagu,Sulawesi Utara,Baik,swasta,,
370,Universitas Kaltara,111019,UNIKALTAR,77212,55223190,,univ.kaltara@gmail.com,"Jl. Sengkawit RT.023 Tanjung Selor
Kabupaten Bulungan Kalimantan Utara",Bulungan,Kalimantan Utara,Baik,swasta,,
371,Universitas Nahdlatul Ulama Kalimantan Selatan,111021,UNUKASE,70552,0511 5511701,,unu.kalsel@gmail.com,Jl. Ahmad Yani Km. 12.5,Banjar,Kalimantan Selatan,Baik,swasta,,
372,Institut Teknologi Indonesia,32006,ITI,15320,217560545,,humas@iti.ac.id,Jalan Raya Puspiptek Serpong,Tangerang Selatan,Banten,Baik Sekali,swasta,,
373,Universitas Muhammadiyah Kotabumi,21035,UMKO,34517,6272422287,,humas@umko.ac.id,"Jln. Hasan Kepala Ratu No. 1052 Sindangsari Kotabumi, Lampung Utara 34517",Lampung Utara,Lampung,Baik Sekali,swasta,,
374,Universitas Potensi Utama,11046,UPU,20241,616640525,,info@potensi-utama.ac.id,"Jl. K.L. Yos Sudarso Km 6,5 No. 3A Tanjung Mulia - Medan",Medan,Sumatera Utara,Baik Sekali,swasta,,
375,Universitas Katolik De La Salle,161011,Unika De La Salle,95000,81143901500,,info@unikadelasalle.ac.id,"Kairagi I Kombos Manado
Sulawesi Utara",Manado,Sulawesi Utara,Baik Sekali,swasta,,
376,Universitas Muhammadiyah Metro,21004,UM METRO,34111,(0725) 4244542454,,info@ummetro.ac.id,Jl Ki Hajar Dewantara No 116 Iringmulyo Kec Metro Timur,Lampung Timur,Lampung,Baik Sekali,swasta,,
377,Universitas Galuh,41023,Unigal,46251,(0265) 776787,,info@unigal.ac.id,Jalan R.E. Martadinata No. 150,Ciamis,Jawa Barat,Baik Sekali,swasta,,
378,Universitas Muhammadiyah Jember,71032,Unmuh Jember,68121,(0331) 336728,,kantorpusat@unmuhjember.ac.id,Jalan Karimata No 49,Jember,Jawa Timur,Baik Sekali,swasta,,
379,Universitas Pradita,31067,Universitas Pradita,15810,(021) 55689999,,info@pradita.ac.id,"Scienta Busines Park, Jl. gading Serpong Boulevard No.1 Curug Tangerang, Kelapa Dua, Tangerang Banten 15810",Tangerang,Banten,Baik,swasta,,
380,Universitas Brawijaya,1019,UB,65145,341551611,,rektorat@ub.ac.id,Jalan Veteran,Malang,Jawa Timur,Unggul,negeri,801.0,9.0
381,Universitas Islam Lamongan,71067,UNISLA,62211,"0322324706, 322158",,info@unisla.ac.id,Jalan Veteran 53A Lamongan Jawa Timur,Lamongan,Jawa Timur,Baik Sekali,swasta,,
382,Universitas Al-Qolam Malang,211017,UQM,65174,341878661,,info@alqolam.ac.id,"Jalan Raya Putat Lor RT. 11, RW. 02. Desa Putat Lor, Kecamatan Gondanglegi",Malang,Jawa Timur,Baik,swasta,,
383,Universitas Sains Dan Teknologi Jayapura,141002,USTJ,99351,0967581659; 582449,,ustj.papua21@gmail.com,"Jl Raya Sentani Padang Bulan Abepura, Jayapura - Papua",Jayapura,Papua,Baik,swasta,,
384,Institut Bio Scientia Internasional Indonesia,32016,i3L,13210,2129567899,,operations@i3l.ac.id,Jl. Pulomas Barat Kav 88,Administrasi Jakarta Timur,DKI Jakarta,Baik Sekali,swasta,,
385,Universitas Panca Marga,71038,UPM,67271,+62 335 422715,,baak@upm.ac.id,Jl Yos Sudarso Pabean Dringu,Probolinggo,Jawa Timur,Baik,swasta,,
386,Universitas Nahdlatul Ulama Sidoarjo,71082,UNUSIDA,61218,(031)8079900/8949736,,unu@unusida.ac.id,Jalan Monginsidi Dalam Kav. DPR Sidoklumpuk Sidoarjo,Sidoarjo,Jawa Timur,Baik Sekali,swasta,,
387,Universitas Muhammadiyah Buton,91032,UM Buton,93712,0402 2827038,,rektorat@umbuton.ac.id,"Jalan Betoambari No 36, Lanto, Batupoara",Bau Bau,Sulawesi Tenggara,Baik Sekali,swasta,,
388,Universitas Islam Nusantara,41003,Uninus,40286,(022)7509656,,info@uninus.ac.id,Jalan Soekarno-Hatta No. 530,Bandung,Jawa Barat,Baik Sekali,swasta,,
389,Universitas Satyagama,31031,UGAMA,11730,(021) 545237778,,info@satyagama.ac.id,Jalan Kamal Raya No 2-A Cengkareng,Administrasi Jakarta Barat,DKI Jakarta,Baik,swasta,,
390,Universitas Tompotika Luwuk,161009,UNTIKA Luwuk,94715,461324027,,untika.luwuk67@gmail.com,Jalan Dewi Sartika No 67 Luwuk,Banggai,Sulawesi Tengah,Baik,swasta,,
391,Universitas Sari Mutiara Indonesia,11045,USM-Indonesia,20123,85361670151,,info@sari-mutiara.ac.id,Jalan Kapten Muslim No. 79 Medan,Labuhanbatu Selatan,Sumatera Utara,Baik Sekali,swasta,,
392,Universitas Janabadra,51003,UJB,55231,(0274)561039,,info@janabadra.ac.id,Jl Tentara Rakyat Mataram 55,Yogyakarta,Daerah Istimewa Yogyakarta,Baik Sekali,swasta,,
393,Universitas Dirgantara Marsekal Suryadarma,31043,Unsurya,13610,021  8093475,,baaunsurya1@gmail.com,"Komplek Bandar Udara Halim Perdanakusuma
Jl Protokol Halim PK - Jakarta",Kepulauan Talaud,Sulawesi Utara,Baik Sekali,swasta,,
394,Universitas Sangga Buana,41044,USB-YPKP,40124,227275489,,pddikti@usbypkp.ac.id,Jalan PHH Mustopa No 68,Bandung,Jawa Barat,Baik Sekali,swasta,,
395,Universitas Negeri Medan,1040,UNIMED,20221,"6,166,133,656,613,270",,admin@unimed.ac.id,Jalan Willem Iskandar Pasar V Medan Estate,Deli Serdang,Sumatera Utara,Unggul,negeri,,
396,Universitas Muhammadiyah Purworejo,61025,UMPwr,54111,275321494,,info@umpwr.ac.id,Jalan KH Ahmad Dahlan No 3,Purworejo,Jawa Tengah,Baik Sekali,swasta,,
397,Universitas Mahendradatta,81001,UNMAR,80236,0361 434827,,mahendradattauniversitas@gmail.com,Jalan Ken Arok No 12,Denpasar,Bali,Baik,swasta,,
398,Universitas Sebelas Maret,1027,UNS,57126,0271 646994,,admin-uns@uns.ac.id,Jalan Ir Sutami 36-A Kentingan,Surakarta,Jawa Tengah,Unggul,negeri,1005.0,13.0
399,Institut Keuangan-Perbankan Dan Informatika Asia Perbanas,32011,IKPIA Perbanas,12940,21522250104,,contact@perbanas.id,"Jl Perbanas, Karet Kuningan",Bombana,Sulawesi Tenggara,Baik Sekali,swasta,,
400,Institut Ilmu Kesehatan Bhakti Wiyata Kediri,72015,IIK Bhakta,64100,354773299,,admin@iik.ac.id,Jl KH Wachid Hasyim No 65,Kediri,Jawa Timur,Baik Sekali,swasta,,
401,Universitas Nurul Jadid,71094,UNUJA,67291,8883077077,,unuja@unuja.ac.id,"PP Nurul Jadid Pox Box 1, Karanganyar, Paiton",Probolinggo,Jawa Timur,Baik Sekali,swasta,,
402,Universitas Subang,41042,UNSUB,41285,2604240927,,info@unsub.ac.id,Jalan RA Kartini KM 3 Subang,Subang,Jawa Barat,Baik Sekali,swasta,,
403,Universitas Nusantara PGRI Kediri,71072,UN PGRI KEDIRI,64112,"(0354)771503, 771576",,admin@unpkediri.ac.id,Jl KH Achmad Dahlan 76 Mojoroto,Kediri,Jawa Timur,Baik Sekali,swasta,,
404,Universitas Mathla ul Anwar,41032,UNMA,42273,(0253)401307,,info@unmabanten.ac.id,Jl Raya Labuan KM 23 Saketi  Kab. Pandeglang - Banten,Pandeglang,Banten,Baik Sekali,swasta,,
405,Universitas Sam Ratulangi,1012,UNSRAT,95115,431863886,,rektorat@unsrat.ac.id,Kampus Unsrat Bahu,Manado,Sulawesi Utara,Unggul,negeri,,
406,Universitas Nahdlatul Ulama Indonesia,31061,UNUSIA,10320,213906501,,sekretariat@unusia.ac.id,"Taman Amir Hamzah No.5 Kelurahan Pegangsaan, Kecamatan Menteng",Tasikmalaya,Jawa Barat,Baik,swasta,,
407,Universitas Persada Indonesia Yai,31020,UPI Y.A.I,10340,3926000,,rektorat@upi-yai.ac.id,"Jalan Diponegoro No. 74
Menteng, Jakarta Pusat",Administrasi Jakarta Pusat,DKI Jakarta,Baik Sekali,swasta,,
408,Universitas Muhammadiyah Pare-pare,91024,UMPAR,91111,(0421) 2275725524,,umpar_10mei1999@yahoo.co.id,Jalan Jenderal Ahmad Yani KM 6,Pare Pare,Sulawesi Selatan,Baik Sekali,swasta,,
409,Universitas Djuanda,41019,UNIDA BOGOR,16720,2518240773,,rektorat@unida.ac.id,Jalan Tol Ciawi No.1 Ciawi Bogor,Bogor,Jawa Barat,Baik Sekali,swasta,,
410,Universitas Hindu Indonesia,81009,UNHI Denpasar,80238,361464700,,infos1@unhi.ac.id,"Jalan Sangalangit Tembau, Penatih",Denpasar,Bali,Baik Sekali,swasta,,
411,Universitas Nahdlatul Ulama Cirebon,41054,UNU Cirebon,45111,231235900,,operator@unucirebon.ac.id,Jalan Sisingamangaraja nomor 33 - Cirebon,Cirebon,Jawa Barat,Baik,swasta,,
412,Universitas Lakidende Unaaha,91021,UNILAKI,93461,4082421777,,Info@unilaki.ac.id,Jl Sultan Hasanuddin No 234,Konawe,Sulawesi Tenggara,Baik,swasta,,
413,Universitas Batanghari Jambi,101008,Unbari,36122,0741 60673,,rektorat@unbari.ac.id,"Jalan Slamet Riyadi - Broni, Kec. Telanaipura -  Jambi",Jambi,Jambi,Baik Sekali,swasta,,
414,Universitas Nahdlatul Ulama Sunan Giri,71088,UNUGIRI,62115,(0353) 887341,,unugiri.bjn@gmail.com,Jl. A. Yani No. 10,Bojonegoro,Jawa Timur,Baik,swasta,,
415,Universitas PGRI Wiranegara,71100,UNIWARA,67118,343421948,,univ.pgriwiranegara@gmail.com,"Jl Ki Hajar Dewantara No. 27-29, Kel. Tembokrejo, Kec. Purworejo",Kepulauan Talaud,Sulawesi Utara,Baik Sekali,swasta,,
416,Universitas 'Aisyiyah Surakarta,61057,-,57126,271631141,,pddikti@aiska-university.ac.id,"Jl. Ki Hajar Dewantoro No. 10, Kentingan Jebres",Surakarta,Jawa Tengah,Baik Sekali,swasta,,
417,Universitas Muhammadiyah Kendari,91036,UMK,93118,6.28E+12,,pddikti@umkendari.ac.id,Jalan KH Ahmad Dahlan No 10,Kendari,Sulawesi Tenggara,Baik Sekali,swasta,,
418,Universitas Katolik Parahyangan,41006,UNPAR,40141,0222032655 Pst. 110,,rektorat@unpar.ac.id,Jalan Ciumbuleuit No 94,Bandung,Jawa Barat,Unggul,swasta,,
419,Universitas Nahdlatul Ulama Kalimantan Barat,111022,UNU KALBAR,0,561731615,,humas@unukalbar.ac.id,Jl. KH. Ahmad Dahlan No. 72,Kubu Raya,Kalimantan Barat,Baik Sekali,swasta,,
420,Universitas Andalas,1006,Unand,25163,75171181,,rektor@unand.ac.id,Kampus Universitas Andalas Limau Manis,Padang,Sumatera Barat,Unggul,negeri,1403.0,22.0
421,Institut Teknologi Sawit Indonesia,12017,ITSI,20222,(061) 6637060,,medan@itsi.ac.id,Jalan Willem Iskandar (Jl. Pancing) Kelurahan Medan Estate Kecamatan Percut Sei Tuan,Deli Serdang,Sumatera Utara,Baik,swasta,,
422,Universitas Islam Negeri Raden Mas Said Surakarta,201021,UIN SAID SURAKARTA,57168,(0271)781516,,humas@uinsaid.ac.id,Jalan Pandawa Pucangan Kecamatan Kartasura Kabupaten Sukoharjo Propinsi Jawa Tengah No. telp (0271)781516 Fax: (0271)782774,Sukoharjo,Jawa Tengah,Unggul,swasta,,
423,Institut Sains Dan Teknologi Al-Kamal,32008,ISTA,11520,"5811088, 58350692",,info@ista.ac.id,"Jl. Raya Al-Kamal No. 2, Kedoya Selatan,
Kebon Jeruk, Jakarta Barat",Administrasi Jakarta Barat,DKI Jakarta,Baik,swasta,,
424,Universitas Hang Tuah,71056,UHT,60111,0315945864;5945894,,hangtuah@hangtuah.ac.id,Jl Arief Rachman Hakim No 150,Surabaya,Jawa Timur,Unggul,swasta,,
425,Universitas Nuku,121004,UNNU,97812,9213168973,,tidore@univ-nuku.ac.id,Jl Pahlawan Nuku No 1 Soasio Halmahera Tengah,Tidore Kepulauan,Maluku Utara,Baik,swasta,,
426,Universitas Pendidikan Nasional,81004,Undiknas,80225,361723868,,info@undiknas.ac.id,Jl. Bedugul No. 39 Sidakarya,Denpasar,Bali,Baik Sekali,swasta,,
427,Universitas Abdurachman Saleh,71036,UNARS,68312,338671191,,unars_situbondo@unars.ac.id,Jalan PB Sudirman No 7,Situbondo,Jawa Timur,Baik Sekali,swasta,,
428,Universitas Simalungun,11005,USI,21139,0622 24670,,universitassimalungun1965@gmail.com,Jalan Sisingamangaraja Barat,Pematangsiantar,Sumatera Utara,Baik Sekali,swasta,,
429,Universitas Warmadewa,81007,Unwar,80235,361223858,,info@warmadewa.ac.id,Jalan Terompong No. 24 Tanjung Bungkak Denpasar Bali,Denpasar,Bali,Unggul,swasta,,
430,Universitas Sahid,31030,USAHID,12870,21831281315,,humas@sahid.ac.id,Jl Prof Dr Soepomo Sh No 84,Administrasi Kepulauan Seribu,DKI Jakarta,Baik Sekali,swasta,,
431,Universitas Mercu Buana Yogyakarta,51019,UMB Yogyakarta,55753,2746498212,,humas@mercubuana-yogya.ac.id,"Kampus I : Jalan Wates KM 10 Yogyakarta 55753
Kampus II : Jalan Jembatan Merah 8",Bantul,Daerah Istimewa Yogyakarta,Baik Sekali,swasta,,
432,Universitas Boyolali,61035,UBY,57145,276321328,,rektor@uby.ac.id,Jalan Adi Sucipto 170 Karangasem,Boyolali,Jawa Tengah,Baik,swasta,,
433,Universitas Sultan Ageng Tirtayasa,1042,Untirta,42118,2543204321,,humas@untirta.ac.id,"Jl Raya Palka KM. 03 Sindangsari, Kec. Pabuaran, Kab. Serang, Provinsi Banten",Serang,Banten,Baik Sekali,negeri,,
434,Universitas Islam Kuantan Singingi,171023,UNIKS,29563,8117675900,,uniksjaya@gmail.com,Jl. Gatot Subroto KM 7 Jake Teluk Kuantan Kabupaten kuantan Singingi Provinsi Ri,Kuantan Singingi,Riau,Baik,swasta,,
435,Universitas Muhammadiyah Bengkulu,21010,UMB,38119,(0736) 22765,,humas@umb.ac.id,Jalan Bali Kota Bengkulu 38119,Bengkulu,Bengkulu,Baik Sekali,swasta,,
436,Universitas KH. A. Wahab Hasbullah,71081,Unwaha,61451,321853533,,unwaha@unwaha.ac.id,"Jl. Garuda No. 9, Tambak Beras - Jombang",Jombang,Jawa Timur,Baik,swasta,,
437,Universitas Padjadjaran,1007,Unpad,45363,2284288888,,layanan.pddikti@unpad.ac.id,Jalan Raya Bandung Sumedang KM 21 Jatinangor,Sumedang,Jawa Barat,Unggul,negeri,661.0,7.0
438,Universitas Semarang,61017,U S M,50196,024 6702757,,univ_smg@usm.ac.id,Jalan  Soekarno Hatta,Semarang,Jawa Tengah,Baik Sekali,swasta,,
439,Universitas Islam Negeri Raden Fatah Palembang,201009,UIN RFP,30126,711354668,,uin@radenfatah.ac.id,"Jl.Prof.K.H.Zainal Abidin Fikri KM.3,5 Palembang Sumatera Selatan",Palembang,Sumatera Selatan,Unggul,swasta,,
440,Universitas Muhammadiyah Maluku Utara,121005,UMMU,97712,9213123979,,ummuternate@gmail.com,"JALAN KH AHMAD DAHLAN NO 100
KEL SASA, KOTA TERNATE PROVINSI MALUKU UTARA",Ternate,Maluku Utara,Baik Sekali,swasta,,
441,Universitas Pendidikan Indonesia,1034,UPI,40154,222013163,,sekuniv_upi@upi.edu,Jalan Dr Setiabudhi No 229,Bandung,Jawa Barat,Unggul,negeri,1204.0,17.0
442,Universitas Sintuwu Maroso Poso,161004,UNSIMAR,94619,45221257,,humas@unsimar.ac.id,Jalan Pulau Timor No 1,Poso,Sulawesi Tengah,Baik Sekali,swasta,,
443,Universitas Soerjo,71045,UNSOER NGAWI,63217,351749358,,universitas@unsoer.ac.id,"Jalan Cepu Km 3 Ngawi, Jawa Timur Indonesia",Ngawi,Jawa Timur,Baik,swasta,,
444,Universitas Sultan Fatah,61032,UNISFAT,59571,291688227,,info@unisfat.ac.id,Jl. Diponegoro No. 1B Jogoloyo Demak,Demak,Jawa Tengah,Baik,swasta,,
445,Universitas Balikpapan,111006,UNIBA,76114,542764205,,info@uniba-bpn.ac.id,Jl Aipda KS Tubun Kelurahan Gunung Bahagia,Balikpapan,Kalimantan Timur,Baik Sekali,swasta,,
446,Universitas Nusa Mandiri,31069,UNM,13620,(021)28534471,,rektorat@nusamandiri.ac.id,"Jalan Jatiwaringin Raya No. 02 RT 08 RW 013 Kelurahan Cipinang Melayu Kecamatan Makasar Jakarta Timur Kode Pos 13620 Telp. (021) 28534236, (021) 28534471, (021) 28534390, Email: rektorat@nusamandiri.ac.id",Administrasi Jakarta Timur,DKI Jakarta,Baik Sekali,swasta,,
447,Universitas PGRI Palangka Raya,111015,UPP,73112,0536 3213453,,univ.pgri.palangkaraya@gmail.com,Jl Hiu Putih Tjilik Riwut Km 7 Palangka Raya,Palangkaraya,Kalimantan Tengah,Baik,swasta,,
448,Institut Sains Dan Teknologi Nasional,32004,ISTN,12640,(021) 7270090,,admin@istn.ac.id,Jalan M Kahfi II Jagakarsa Bumi Srengseng Indah,Depok,Jawa Barat,Baik Sekali,swasta,,
449,Universitas Surabaya,71004,UBAYA,60284,312981100,,rektorat@unit.ubaya.ac.id,Jalan Ngagel Jaya Selatan 169 Surabaya,Surabaya,Jawa Timur,Unggul,swasta,,
450,Universitas Mataram,1016,UNRAM,83125,370633007,,rektor@unram.ac.id,Jalan Majapahit No 62,Mataram,Nusa Tenggara Barat,Baik Sekali,negeri,1407.0,26.0
451,Universitas Islam Sultan Agung,61002,UNISSULA,50112,(024)6583584,,informasi@unissula.ac.id,"Jalan Raya Kaligawe Km 4, Terboyo Kulon, Gunuk",Semarang,Jawa Tengah,Unggul,swasta,,
452,Universitas Gadjah Mada,1001,UGM,55281,2746492599,,setr@ugm.ac.id,Bulaksumur,Yogyakarta,Daerah Istimewa Yogyakarta,Unggul,negeri,263.0,2.0
453,Universitas Islam Nahdlatul Ulama Jepara,61037,UNISNU JEPARA,59427,291595320,,info@unisnu.ac.id,Jl. Taman siswa Pekeng Tahunan Jepara,Jepara,Jawa Tengah,Baik Sekali,swasta,,
454,Universitas Wiraraja,71058,UNIJA,69451,328664272,,rektorat@wiraraja.ac.id,"Jl. Raya Sumenep-Pamekasan Km 5 Patean, Sumenep",Sumenep,Jawa Timur,Baik Sekali,swasta,,
455,Universitas Siber Asia,31068,UNSIA,12550,(021)27806189,,asiacyberuni@mail.unsia.ac.id,"Menara, Jl. Harsono RM, Ragunan – Jakarta Selatan. Telp. (+6221) 27806189",Administrasi Jakarta Selatan,DKI Jakarta,Baik Sekali,swasta,,
456,Universitas Advent Indonesia,41011,UNAI,40067,222700161,,vpaa@unai.edu,"Jl Kolonel Masturi KM 3,5 Parongpong",Bandung Barat,Jawa Barat,Baik Sekali,swasta,,
457,Universitas Samawa,81016,UNSA,84313,0371625848 ; 21236,,sumbawaunsa@gmail.com,Jl. Raya Bay Pass Sering Sumbawa Besar - NTB,Merauke,Papua Selatan,Baik,swasta,,
458,Universitas Buana Perjuangan Karawang,41062,UBP Karawang,41361,85886599106,,info@ubpkarawang.ac.id,"Jl. H.S. Ronggowaluyo, Teluk Jambe, Karawang",Karawang,Jawa Barat,Baik Sekali,swasta,,
459,Institut Digital Ekonomi LPKIA,42022,IDE LPKIA,40266,227564283,,sekretariat@lpkia.ac.id,Jl. Soekarno Hatta No. 456,Bandung,Jawa Barat,Baik,swasta,,
460,Universitas Dhyana Pura,81029,UNDHIRA,80361,361426450,,undhirabali@undhirabali.ac.id,"Br. Tegaljaya, Dalung, Kuta Utara, Badung, Bali",Denpasar,Bali,Baik Sekali,swasta,,
461,Institut Teknologi dan Bisnis Kalbis,32013,,13210,2147883900,,ssa@kalbis.ac.id,Jl. Pulomas Selatan Kav. 22,Administrasi Jakarta Pusat,DKI Jakarta,Baik Sekali,swasta,,
462,Universitas Islam KH. Ruhiat Cipasung,211008,UNIK CIPASUNG,46417,82240398897,,info@unik-cipasung.ac.id,"Jl.Muktamar NU.No.1 Cipasung, Cipakat, Singaparna",Tasikmalaya,Jawa Barat,Baik,swasta,,
463,Institut Seni Indonesia Yogyakarta,2005,ISI Yogyakarta,55001,"0274379133, 373659",,arts@isi.ac.id,"Jalan Parangtritis Km 6,5 Sewon, Bantul",Bantul,Daerah Istimewa Yogyakarta,Unggul,negeri,,
464,Institut Bisnis Dan Teknologi Pelita Indonesia,172005,IBTPI,28127,76124418,,IBTPI@pelitaindonesia.ac.id,Jl. Jend. Ahmad Yani No 78-88 Pekanbaru,Tapanuli Tengah,Sumatera Utara,Baik Sekali,swasta,,
465,Universitas Negeri Gorontalo,1047,UNG,96128,(0435)821125,,rektorat@ung.ac.id,Jalan Jenderal Sudirman No 6 Kec. Kota Tengah Kel. Wumialo,Gorontalo,Gorontalo,Unggul,negeri,,
466,Universitas Kader Bangsa,21017,UKB,30129,7.11E+14,,info@ukb.ac.id,Jl Mayjen HM Ryacudu No 88,Palembang,Sumatera Selatan,Baik Sekali,swasta,,
467,Institut Agama Islam Sunan Kalijogo Malang Jawa Timur,212074,IAI SKJ Malang,65155,0341  792669,,admin@iaiskjmalang.ac.id,"Jl. Keramat Ds Sukolilo Kec Jabung, Malang Jawa Timur",Malang,Jawa Timur,Baik,swasta,,
468,Universitas Muhammadiyah Purwokerto,61019,UMP,53182,281636751,,sekretariat@ump.ac.id,Jl Raya Dukuhwaluh Po Box 202,Banyumas,Jawa Tengah,Unggul,swasta,,
469,Universitas Surapati,31029,UNISPA,13630,218096948,,surapati184@gmail.com,Jalan Dewi Sartika 184-A Cawang Jakarta Timur,Administrasi Jakarta Timur,DKI Jakarta,Baik,swasta,,
470,Institut Agama Islam Muhammadiyah Kotamobagu,212067,IAIM Kotamobagu,95718,81243535445,,humas@iaikotamobagu.ac.id,"Jl Piere Tendean Gang Bohusami, RT 22 Rw 10 Lingkungan V Kel. Gogagoman Kec Kota",Kotamobagu,Sulawesi Utara,Baik,swasta,,
471,Universitas Muhammadiyah Kupang,151004,UMK,82558,3808438023,,info@unmuhkupang.ac.id,Jl KH Ahmad Dahlan No 17 Walikota Baru,Kupang,Nusa Tenggara Timur,Baik Sekali,swasta,,
472,Universitas KH. Bahaudin Mudhary Madura,71098,UNIBA MADURA,69451,(0328) 6771010,,admin@unibamadura.ac.id,"Jl. raya Lenteng No. 10, Desa Batuan, Kec. Batuan",Sumenep,Jawa Timur,Baik,swasta,,
473,Institut Agama Islam Sunan Giri (INSURI) Ponorogo,212011,,63491,(0352)461037,,insuri_po@yahoo.com/insuri@insuriponorogo.ac.id,JL.BATORO KATONG 32 PONOROGO,Ponorogo,Jawa Timur,Baik,swasta,,
474,Universitas Yapis Papua,141003,UNIYAP,99115,967534012,,pdata_uniyap@ymail.com,Jl Sam Ratulangi No 11,Jayapura,Papua,Baik Sekali,swasta,,
475,Universitas Internasional Batam,171011,UIB,29442,"77,860,029,997,437,100",,info@uib.ac.id,Jl Gajah Mada Baloi Sei Ladi,Batam,Kepulauan Riau,Baik Sekali,swasta,,
476,Universitas Tribuana Kalabahi,151009,Untrib Kalabahi,12345,3862222882,,untribkalabahi@yahoo.co.id,"Jl. Soekarno-Hatta , Batunirwala, Kalabahi",Alor,Nusa Tenggara Timur,Baik,swasta,,
477,Institut Informatika Indonesia Surabaya,72014,IKADO Surabaya,60189,(031)7346375,,kontak@ikado.ac.id,Jalan Raya Sukomanunggal Jaya No. 3,Surabaya,Jawa Timur,Baik,swasta,,
478,Institut Agama Islam Negeri Kerinci,202036,IAIN KERINCI,37112,74821065,,info@iainkerinci.ac.id,"Jalan Kapten Muradi, Desa Sungai Liuk, Kecamatan Pesisir Bukit Kota Sungai Penuh",Sungai Penuh,Jambi,Baik Sekali,swasta,,
479,Universitas Sisingamangaraja XII Tapanuli Utara,11018,UNITA,22476,63341017,,unita_smrajaxii@yahoo.com,Jl Sisingamangaraja XII No 9 Silangit,Aceh Tenggara,Aceh,Baik Sekali,swasta,,
480,Institut Daarul Qur'an Jakarta,212089,IDAQU,15147,2131118118,,institutdaqu@idaqu.ac.id,"Jl. Thamrin Ketapang No 35 RT 07/05 Ketapang, Cipondoh Kota Tangerang Propinsi Banten Kode Pos 15147",Tangerang,Banten,Baik,swasta,,
481,Institut Elkatarie,212095,INSTITA,83612,81337252603,,elkatarie@gmail.com,"Jl. Taman Sari Dusun Kembang Kuning Sepakat, Desa Banjar Sari, Kecamatan Labuhan Haji, Kabupaten Lombok Timur, Provinsi Nusa Tenggara Barat",Lombok Timur,Nusa Tenggara Barat,Baik,swasta,,
482,Universitas Islam Balitar,71070,UNISBA Blitar,66131,342813145,,lembaga@unisbablitar.ac.id,Jalan Majapahit No 4,Blitar,Jawa Timur,Baik Sekali,swasta,,
483,Institut Agama Islam Tazkia,212085,IAI Tazkia,16810,021 87962291,,institute@tazkia.ac.id,"Jalan Ir. H. Djuanda Nomor 78 Sentul City, Kelurahan/Desa Citaringgul, Kecamatan Babakan Madang, Kabupaten Bogor, Provinsi Jawa Barat",Nunukan,Kalimantan Utara,Baik Sekali,swasta,,
484,Institut Teknologi Sepuluh Nopember,2002,,60111,03159942514 (1132),,dptsi@its.ac.id,Kampus ITS Sukolilo,Surabaya,Jawa Timur,Unggul,negeri,622.0,6.0
485,Universitas Cenderawasih,1018,Uncen,99358,967572108,,rektorat@uncen.ac.id,Kampus Uncen Waena Jl Camp Wolker,Jayapura,Papua,Baik Sekali,negeri,,
486,Universitas Bale Bandung,41048,UNIBBA,40258,022 5940443,,rektorat@unibba.ac.id,Jl Raa Wiranatakusumah Baleendah,Bandung,Jawa Barat,Baik Sekali,swasta,,
487,Universitas Slamet Riyadi,61006,UNISRI,57136,271853839,,info@unisri.ac.id,Jalan Sumpah Pemuda No. 18 Kadipiro Banjarsari Surakarta Jawa Tengah,Surakarta,Jawa Tengah,Baik Sekali,swasta,,
488,Universitas Negeri Surabaya,1039,Unesa,60231,3199423002,,rektor@unesa.ac.id,Jalan Ketintang,Surabaya,Jawa Timur,Unggul,negeri,,
489,Universitas 45 Surabaya,71016,univ45,60256,(031) 5611214,,info@univ45sby.ac.id,Jalan Mayjen Sungkono,Surabaya,Jawa Timur,Baik,swasta,,
490,Institut Teknologi Padang,102002,ITP,25143,7517055202,,info@itp.ac.id,Jalan Gajah Mada Kandis Nanggalo,Padang,Sumatera Barat,Baik Sekali,swasta,,
491,Universitas Efarina,11044,UNEFA,21162,"(0622) 29844, 331578",,universitasefarina@gmail.com,Jl. Sutomo Griya Hapoltakan Pematang Raya - Simalungun Kav 1-10,Simalungun,Sumatera Utara,Baik,swasta,,
492,Universitas Widya Gama Mahakam Samarinda,111007,UWGM,75124,0541 4121117,,uwigama@gmail.com / uwigama@uwgm.ac.id,"Kampus Biru,Gedung UWIGAMA,Jl.K.H.Wahid Hasyim,Sempaja
Samarinda 75124 - Kalima",Samarinda,Kalimantan Timur,Baik Sekali,swasta,,
493,Universitas Islam Negeri Syarif Hidayatullah,201001,UIN Jakarta,15412,217401925,,humas@apps.uinjkt.ac.id,Jl Ir H Juanda No 95 Ciputat,Tangerang Selatan,Banten,Unggul,swasta,,
494,Universitas Krisnadwipayana,31008,,13077,846222931,,marketing@unkris.ac.id,Kampus UNKRIS Jatiwaringin PO Box 7774/Jat.CM,Bekasi,Jawa Barat,Baik Sekali,swasta,,
495,Universitas Teuku Umar,1058,UTU,23615,6557110535,,info@utu.ac.id,#NAME?,Aceh Barat,Aceh,Baik Sekali,negeri,,
496,Universitas Bina Nusantara,31038,UBINUS,11480,215345830,,veronica@binus.edu,Jl KH Syahdan No 9 Palmerah,Administrasi Jakarta Barat,DKI Jakarta,Unggul,swasta,1001.0,10.0
497,Universitas Kristen Satya Wacana,61001,UKSW,50711,298321212,,rektor@uksw.edu,Jalan Diponegoro 52-60,Salatiga,Jawa Tengah,Unggul,swasta,,
498,Institut Agama Islam Al-Qur'an Al-Ittifaqiah Indralaya,212105,IAIQI INDRALAYA,30862,711580793,,iaiqiindralaya@gmail.com,Jln. Lintas Timur Km. 36 Indralaya,Ogan Ilir,Sumatera Selatan,Baik,swasta,,
499,Universitas Patompo,91075,UP,90222,8124154083,,univ.patompo@gmail.com,Jl. Inspeksi Kanal Citraland No. 10 Kecamatan Rappocini,Makassar,Sulawesi Selatan,Baik,swasta,,
500,Universitas Muhammadiyah Gresik,71059,UMG,61121,313951414,,info@umg.ac.id,Jalan Sumatera No 101 Gresik Kota Baru (GKB) Gresik,Gresik,Jawa Timur,Baik Sekali,swasta,,
501,Universitas Pesantren Tinggi Darul  ulum,71065,UNIPDU,61481,321873655,,rektorat@unipdu.ac.id,Tromol Pos 10 Peterongan Ponpes Darul Ulum Jombang,Jombang,Jawa Timur,Baik Sekali,swasta,,
502,Universitas Darwan Ali,111018,UNDA,12345,: 0531  33336,,info@unda.ac.id,Sampit,Kotawaringin Timur,Kalimantan Tengah,Baik,swasta,,
503,Institut Teknologi Yogyakarta,52005,ITY,55198,274566863,,info@ity.ac.id,Jalan Janti KM 4 Gedongkuning,Bantul,Daerah Istimewa Yogyakarta,Baik,swasta,,
504,Universitas Dwijendra,81005,UNDWI,80233,361224383,,universitasdwijendra@yahoo.co.id,Jalan Kamboja No. 17,Denpasar,Bali,Baik Sekali,swasta,,
505,Universitas Kristen Palangka Raya,111010,UKPR,73113,"53,632,222,053,307,400",,INFO@UNKRIP.AC.ID,"Jalan RTA Milono Km 8,5",Katingan,Kalimantan Tengah,Baik,swasta,,
506,Universitas Negeri Manado,1035,,95618,4321321845,,info@unima.ac.id,Jalan Kampus Unima,Minahasa,Sulawesi Utara,Baik Sekali,negeri,,
507,Institut Agama Islam Qomaruddin Gresik,212043,IAIQ,61152,(031)3949500,,iaiqomaruddin@yahoo.co.id,"Jln. Raya Bungah No. 01, Bungah, Gresik",Gresik,Jawa Timur,Baik,swasta,,
508,Universitas IPWIJA,31075,UNIP,13750,2122819921,,contact@ipwija.ac.id,"Jl. H. Baping No. 17, Kelurahan Susukan, Kecamatan Ciracas",Administrasi Jakarta Timur,DKI Jakarta,Baik Sekali,swasta,,
509,Universitas Teknologi Nusantara,41050,UTN,16158,(0251) 7508866,,sekretariat.utn@gmail.com,Jl. Raya Pemda Pangkalan II No. 66,Bogor,Jawa Barat,Baik,swasta,,
510,Institut Teknologi Sains Bandung,42005,ITSB,17530,62816238820,,sekretariat@itsb.ac.id,"Jl. Ganesha Boulevard, Lot-A1 CBD Kota Deltamas
Tol Jakarta - Cikampek Km 37
C",Bekasi,Jawa Barat,Baik,swasta,,
511,Universitas Katolik Soegijapranata,61012,UNIKA,50234,"2,484,415,558,505,000",,kontak@unika.ac.id,Jalan Pawiyatan Luhur IV/1,Semarang,Jawa Tengah,Unggul,swasta,,
512,Institut Al Fithrah Surabaya,212136,IAF,60129,85777743199,,akademik@alfithrah.ac.id,"Jalan Kedinding Lor Nomor 30, RT 1, RW 1, Kelurahan Tanah Kali Kedinding, Kecamatan Kenjeran",Aceh Besar,Aceh,Baik,swasta,,
513,"Institut Agama Islam Cipasung (IAIC) Cipasung, Singaparna, Tasikmalaya",212004,IAIC,46417,265544003,,info@iaic.ac.id,"Jl.Muktamar NU.No.1 Cipasung, Cipakat, Singaparna",Karawang,Jawa Barat,Baik,swasta,,
514,Universitas Pasundan,41008,UNPAS,40154,+62 22 86032233,,rektorat@unpas.ac.id,Jalan Dr. Setiabudi No 193,Bandung,Jawa Barat,Unggul,swasta,,
515,Universitas Serambi Mekkah,131005,UNIV. SERAMBI MEKKAH,23245,65126160,,akademik@serambimekkah.ac.id,"Jalan Tgk. Imum Lueng Bata, Desa Batoh",Banda Aceh,Aceh,Baik,swasta,,
516,Universitas Dian Nuswantoro,61031,UDINUS,50131,243517261,,sekretariat@dinus.ac.id,"Kampus I  : Jalan Imam Bonjol 207 Semarang 50131
Kampus II : Jalan Nakula I No",Semarang,Jawa Tengah,Unggul,swasta,,
517,Universitas Syiah Kuala,1011,USK,23111,(0651) 7553205,,rektor@usk.ac.id,"Universitas Syiah Kuala 
Jln. Teuku Nyak Arief
Darussalam, Banda Aceh, Aceh, 2",Banda Aceh,Aceh,Unggul,negeri,,
518,Universitas Bakti Indonesia,71078,UBI,68482,(0333) 3912341,,office@ubibanyuwangi.ac.id,Kampus terpadu bumi cempokosari no 40 Cluring Banyuwangi,Banyuwangi,Jawa Timur,Baik,swasta,,
519,Universitas Prof Dr Hazairin SH,21005,UNIHAZ,38115,0736 20956,,unihaz.hz@gmail.com / unihaz_bengkulu@yahoo.com,Jalan Jenderal Ahmad Yani No 1,Bengkulu,Bengkulu,Baik Sekali,swasta,,
520,Universitas Wahidiyah,71087,UNIWA,64114,(0354) 774511,,rektorat@uniwa.ac.id,Jl. KH. Wachid Hasyim PonPes Kedunglo Mojoroto,Kediri,Jawa Timur,Baik,swasta,,
521,Universitas Nusa Cendana,1014,UNDANA,85001,(0380) 881580,,info@undana.ac.id,Jalan Adisucipto Penfui,Kupang,Nusa Tenggara Timur,Baik Sekali,negeri,,
522,Universitas Negeri Makassar,1036,UNM,90222,411865677,,admin@unm.ac.id,Jalan A P Pettarani Gunungsari,Makassar,Sulawesi Selatan,Unggul,negeri,,
523,Universitas PGRI Banyuwangi,71075,UNIBA,41482,3334466937,,info@unibabwi.ac.id,Jalan Ikan Tongkol No. 22 Kertosari Banyuwangi,Banyuwangi,Jawa Timur,Baik,swasta,,
524,Universitas Hasyim Asy'ari Tebuireng Jombang,71080,UNHASY,61471,(0321)861719,,rektorat@unhasy.ac.id,Jl.Irian Jaya No.55 Tebuireng Jombang,Jombang,Jawa Timur,Baik Sekali,swasta,,
525,Universitas Bhayangkara Surabaya,71010,Ubhara Surabaya,60231,318285602,,info@ubhara.ac.id,"Jl Achmad Yani 114, Wonocolo",Surabaya,Jawa Timur,Baik Sekali,swasta,,
526,Institut Agama Islam Tebo,212097,IAI TEBO,37571,81366492513,,institutagamaislam.tebo@gmail.com,"Jl. Lintas Tebo-Bungo KM. 03 Kelurahan Tebing Tinggi, Kecamatan Tebo Tengah, Kabupaten Tebo, Provinsi Jambi",Batanghari,Jambi,Baik,swasta,,
527,Universitas Katolik Musi Charitas,21027,UKMC,12345,711378171,,rektorat@ukmc.ac.id,Jalan Bangau No.60 Palembang,Palembang,Sumatera Selatan,Baik Sekali,swasta,,
528,Universitas Bhayangkara Jakarta Raya,31036,Ubhara Jaya,12140,2188955882,,ubj@ubharajaya.ac.id,Jalan Harsono RM no 67 Ragunan Pasar Minggu Jakarta Selatan,Administrasi Jakarta Selatan,DKI Jakarta,Baik Sekali,swasta,,
529,Universitas Terbuka,1031,UT,15418,217490941,,hallo-ut@ut.ac.id,"Jalan Cabe Raya, Pondok Cabe, Pamulang, Tangerang Selatan",Tangerang Selatan,Banten,Unggul,negeri,,
530,Institut PTIQ Jakarta,212027,PTIQ Jakarta,12440,217690901,,admin@ptiq.ac.id,Jl. Batan 1 No. 2 Kel.Lebak Bulus Kec. Cilandak Jakarta Selatan,Tangerang Selatan,Banten,Baik Sekali,swasta,,
531,Universitas Sumatera Utara,1003,USU,20155,"0618214033, 8214210",,info@usu.ac.id,Jalan Dr T Mansur No 9 Padang Bulan,Langkat,Sumatera Utara,Unggul,negeri,1205.0,18.0
532,Universitas Jayabaya,31006,Universitas Jayabaya,13210,4700877,,info@jayabaya.ac.id,Jalan Pulomas Selatan Kav 23,Administrasi Jakarta Pusat,DKI Jakarta,Baik Sekali,swasta,,
533,Universitas Alwashliyah,11017,UNIVA,20147,617868270,,info@univamedan.ac.id,"Jalan Sisingamangaraja Km 5,5",Medan,Sumatera Utara,Baik,swasta,,
534,Universitas Muhammadiyah Sukabumi,41040,UMMI,43113,266218345,,info@ummi.ac.id,Jalan R. Syamsudin S.H. No 50,Sukabumi,Jawa Barat,Baik Sekali,swasta,,
535,Universitas Teknologi Sulawesi,91040,UTS,12345,4118986427,,info@utsmakassar.ac.id,"Borong Bussines Centre 
Jalan Borong Raya (Ujung Bori 1) D14-16",Makassar,Sulawesi Selatan,Baik,swasta,,
536,Universitas Panca Bhakti,111004,UPB,78113,561772677,,mail@upb.ac.id,Jalan Kom Yos Sudarso,Pontianak,Kalimantan Barat,Baik Sekali,swasta,,
537,Universitas Darussalam Ambon,121002,UNIDAR,97128,9113826729,,unidar@unidar.ac.id,Jl. Waehakila Puncak Wara - Ambon,Ambon,Maluku,Baik Sekali,swasta,,
538,Institut Teknologi Sumatera,2014,ITERA,35365,(0721) 8030188,,pusat@itera.ac.id,"Jl. Terusan Ryacudu, Desa Way Hui",Lampung Selatan,Lampung,Baik,negeri,,
539,Universitas Hein Namotemo,121019,UNHENA,97762,6.29E+11,,unhena2016@yahoo.com,"Jl. Kawasan Pemerintah, VAK I, Desa MKCM,",Halmahera Utara,Maluku Utara,Baik,swasta,,
540,Universitas Ciputra Surabaya,71071,UC,60219,317451699,,info@ciputra.ac.id,"CITRALAND CBD BOULEVARD
Kelurahan Made RT04 RW 01",Surabaya,Jawa Timur,Unggul,swasta,,
541,Institut Dirosat Islamiyah Al-Amien Prenduan Sumenep,212013,IDIA PRENDUAN,69465,(0328) 8241005,,idiaprenduanica@gmail.com,KOMPLEKS PONDOK PESANTREN AL-AMIEN PRENDUAN,Sumenep,Jawa Timur,Baik,swasta,,
542,Universitas Teknologi Indonesia,81026,UTI,80114,81339669980,,uti.bali@gmail.com,Jalan Badak Agung XII No. 6 Renon Denpasar,Badung,Bali,Baik,swasta,,
543,Universitas Indonesia Timur,91034,UIT,90222,411831555,,rektorat@uit.ac.id,Jl Rappocini Raya No 171-173,Makassar,Sulawesi Selatan,Baik Sekali,swasta,,
544,Universitas Ibnu Chaldun,31001,UIC,13220,"021.4722059, 4702564",,rektorat@uic.ac.id,Jalan Pemuda I Kaveling 97 Rawamangun.,Administrasi Jakarta Timur,DKI Jakarta,Baik,swasta,,
545,Universitas Nurtanio Bandung,41025,Unnur,40174,(022) 6034484,,unnur@unnur.ac.id,Jalan Pajajaran No 219 Lanud Husein Sastranegara,Bandung,Jawa Barat,Baik Sekali,swasta,,
546,Universitas Muhammadiyah Prof Dr Hamka,31039,UHAMKA,12130,(021) 7208177,,info@uhamka.ac.id,Jalan Limau II Kebayoran Baru,Administrasi Jakarta Selatan,DKI Jakarta,Unggul,swasta,,
547,Universitas Ma Chung,71074,UMC,65151,341550171,,info@machung.ac.id,Villa Puncak Tidar N-01,Malang,Jawa Timur,Baik Sekali,swasta,,
548,Universitas Cokroaminoto Yogyakarta,51006,UCY,55161,(0274)372274,,info@ucy.ac.id,Jalan Perintis Kemerdekaan Gambiran-Umbulharjo,Yogyakarta,Daerah Istimewa Yogyakarta,Baik Sekali,swasta,,
549,Universitas Adhirajasa Reswara Sanjaya,41077,ARS,40282,227100124,,kampus@ars.ac.id,Jl Sekolah Internasional No. 1 - 6 Antapani,Bandung,Jawa Barat,Baik Sekali,swasta,,
550,Institut Teknologi Nasional Malang,72004,,65145,341551431,,rektorat@scholar.itn.ac.id,Jalan Bendungan Sigura-gura 2 Jalan Raya Karanglo Km-2,Malang,Jawa Timur,Baik Sekali,swasta,,
551,Universitas Wisnuwardhana,71028,Unidha,65139,341713604,,info@wisnuwardhana.ac.id,Jalan Danau Sentani No 99,Malang,Jawa Timur,Baik Sekali,swasta,,
552,Universitas Muhammadiyah Gorontalo,161018,UMGo,96115,0435  881135,,info@umgo.ac.id,Jl Prof Dr Mansoer Pateda Desa Pentadio Timur,Gorontalo,Gorontalo,Baik Sekali,swasta,,
553,Universitas Tadulako,1028,UNTAD,94118,451422611,,untad@untad.ac.id,Kampus Bumi Tadulako Tondo,Palu,Sulawesi Tengah,Unggul,negeri,,
554,Universitas Andi Djemma,91023,UNANDA,91911,47124506,,rektorat@unanda.ac.id,Jalan Sultan Hasanuddin No 13,Palopo,Sulawesi Selatan,Baik Sekali,swasta,,
555,Institut Agama Islam Daruttaqwa Gresik,212131,INSIDA GRESIK,61151,(031) 3953728,,info@insida.ac.id,"Jalan KH. Syafi''i Gg. Syaikhuna, Desa Suci, Kecamatan Manyar",Gresik,Jawa Timur,Baik,swasta,,
556,Universitas Kristen Duta Wacana,51011,,55224,274563929,,humas@staff.ukdw.ac.id,Jalan Dr Wahidin 5-19,Yogyakarta,Daerah Istimewa Yogyakarta,Unggul,swasta,,
557,Universitas Islam Negeri Imam Bonjol Padang,201013,UIN IB Padang,25174,(0751) 35711,,rektor@uinib.ac.id,"Kampus III Sungai Bangek, Kel. Balai Gadang, Kec. Koto Tangah",Padang,Sumatera Barat,Baik Sekali,swasta,,
558,Universitas Mercu Buana,31019,UMB,11650,215840816,,umb@mercubuana.ac.id,Jl Raya Meruya Selatan Kembangan,Administrasi Jakarta Barat,DKI Jakarta,Unggul,swasta,,
559,Institut Injil Indonesia,232003,I-3,65312,341597974,,info@i3batu.ac.id,Jalan Trunojoyo No.12 Kota Wisata Batu-Jawa Timur,Batu,Jawa Timur,Baik,swasta,,
560,Institut Teknologi Nasional Yogyakarta,52006,ITNY,55281,(0274) 485390,,info@itny.ac.id,"Jalan Babarsari, Caturtunggal, Depok, Sleman, Yogyakarta",Sleman,Daerah Istimewa Yogyakarta,Baik Sekali,swasta,,
561,Institut Agama Islam Dar Aswaja Rokan Hilir,212100,IAI Dar Aswaja Rohil,28991,82383391313,,iaidaraswaja@gmail.com,"Jl. Ibadah Syech Madlawan, Sungai Pinang, Kubu Babussalam, Rokan Hilir",Rokan Hilir,Riau,Baik,swasta,,
562,Institut Agama Islam Al-Qodiri Jember,212084,IAI Al-Qodiri,68117,331412034,,akademik@iaiq.ac.id,"Jalan Manggar 193 A, Rukun Tetangga 002, Rukun Warga 002, Lingkungan Gebang Kecamatan Patrang, Kabupaten Jember Provinsi Jawa Timur",Jember,Jawa Timur,Baik,swasta,,
563,Universitas Hindu Negeri I Gusti Bagus Sugriwa Denpasar,241001,UHN IGBS Denpasar,80239,361226656,,info@uhnsugriwa.ac.id,"Jl. Ratna No.51, Tonja",Badung,Bali,Baik Sekali,swasta,,
564,Universitas Buddhi Dharma,41060,UBD,15115,215517853,,rektorat@buddhidharma.ac.id,Jalan Imam Bonjol No 41 Karawaci Tangerang,Tangerang,Banten,Baik,swasta,,
565,Universitas Prima Indonesia,11033,Unpri,20118,614578870,,contact@unprimdn.ac.id,Jalan Sekip Simpang Sikambing,Medan,Sumatera Utara,Unggul,swasta,,
566,Universitas Sjakhyakirti,21013,UNISTI,30145,358320,,sa@unisti.ac.id,Jl Sultan Muhammad Mansyur Kb Gede 32 Ilir,Palembang,Sumatera Selatan,Baik Sekali,swasta,,
567,Universitas Maritim Raja Ali Haji (UMRAH),1052,UMRAH,29124,7717001550,,email@umrah.ac.id,"Pulau Dompak, Tanjungpinang
Kepulauan Riau",Tanjung Pinang,Kepulauan Riau,Baik Sekali,negeri,,
568,Universitas Merdeka Madiun,71042,UNMER,63133,351464427,,universitas@unmer-madiun.ac.id,Jalan Serayu Timur No. 79,Madiun,Jawa Timur,Baik Sekali,swasta,,
569,Universitas Merdeka Malang,71025,Unmer Malang,65146,341568395,,webmaster@unmer.ac.id,Jl Terusan Raya Dieng No 62-64,Malang,Jawa Timur,Baik Sekali,swasta,,
570,Universitas Islam As-syafiiyah,31021,UIA,13070,021 8462361,,info@uia.ac.id,Jl Raya Jatiwaringin No 12,Bekasi,Jawa Barat,Baik Sekali,swasta,,
571,Universitas Kristen Indonesia,31009,UKI,13630,"021 8094245, 8009190",,baa@uki.ac.id; baak@uki.ac.id,"Jalan Mayjen Sutoyo, Cawang",Administrasi Jakarta Timur,DKI Jakarta,Unggul,swasta,,
572,Universitas Nusa Lontar Rote,151007,UNSTAR ROTE,85111,380871215,,univnusalontarrote@yahoo.com,Kompleks Unstar Mokdale Ba a Kabupaten Rote Ndao,Rote Ndao,Nusa Tenggara Timur,Baik,swasta,,
573,Universitas Muhammadiyah Tapanuli Selatan,11014,UMTS,22716,(0634)21696,,bau@um-tapsel.ac.id,Jalan St Mohd Arief No 32 Padangsidimpuan,Padangsidimpuan,Sumatera Utara,Baik Sekali,swasta,,
574,Universitas Nahdlatul Ulama Yogyakarta,51023,,55162,274414708,,info@unu-jogja.ac.id,"Jl Lowanu No 47, Sorosutan, Umbulharjo, Yogyakarta, D.I. Yogyakarta",Yogyakarta,Daerah Istimewa Yogyakarta,Baik,swasta,,
575,Universitas Trilogi,31055,TRILOGI,12760,021798 0011,,info@universitas-trilogi.ac.id,"Kampus Universitas Trilogi d/h STEKPI
Jl. TMP. Kalibata
Jakarta Selatan",Administrasi Jakarta Selatan,DKI Jakarta,Baik Sekali,swasta,,
576,Institut Kesehatan Deli Husada Deli Tua,12007,Deli Husada,20355,617030082,,institutkesehatan@delihusada.ac.id,Jalan Besar No.77 Delitua,Deli Serdang,Sumatera Utara,Baik Sekali,swasta,,
577,Universitas Timika,141006,UTI,99910,81344795353,,universitastimika374@gmail.com,Jalan C Heatubun,Mimika,Papua Tengah,Baik,swasta,,
578,Institut Agama Islam Negeri Sorong,202046,IAIN Sorong,98417,951322133,,info@iainsorong.ac.id,"Jl. Sorong-Klamono, KM.17, Kota Sorong",Sorong,Papua Barat Daya,Baik Sekali,swasta,,
579,Universitas Paramadina,31041,UPM,12790,2179181188,,akreditasi@paramadina.ac.id,Jl Jenderal Gatot Subroto 97,Administrasi Jakarta Selatan,DKI Jakarta,Baik Sekali,swasta,,
580,Universitas Riau,1017,UNRI,28293,76163266,,rektor@unri.ac.id,Kampus Bina Widya Simpang Baru,Pekanbaru,Riau,Unggul,negeri,,
581,Universitas Islam Negeri Salatiga,201030,UIN Salatiga,50716,(0298) 323706,,administrasi@iainsalatiga.ac.id,"Jln. Lingkar Salatiga, Km. 02, Kec. Sidorejo",Salatiga,Jawa Tengah,Baik Sekali,swasta,,
582,Universitas Halu Oleo,1029,UHO,93232,4013194163,,info@uho.ac.id,"Kampus Bumi Tridharma Anduonohu, Jalan H.E.A. Mokodompit, Kodya Kendari, Sulawes",Kendari,Sulawesi Tenggara,Baik Sekali,negeri,,
583,Universitas Mulawarman,1015,UNMUL,75119,541741118,,rektorat@unmul.ac.id,Jalan Kuaro Gunung Kelua,Samarinda,Kalimantan Timur,Baik Sekali,negeri,,
584,Institut Seni Indonesia Denpasar,2007,ISI Denpasar,80235,361227316,,rektor@isi-dps.ac.id,Jalan Nusa Indah,Denpasar,Bali,Unggul,negeri,,
585,Universitas Sunan Giri Surabaya,71007,UNSURI,61256,318532477,,info@unsuri.ac.id,Jl Brigjen Katamso II Waru,Sidoarjo,Jawa Timur,Baik Sekali,swasta,,
586,Universitas Widya Dharma,61018,UNWIDHA KLATEN,57401,(0272)322363,,info@unwidha.ac.id,Jalan Ki Hajar Dewantara,Klaten,Jawa Tengah,Baik Sekali,swasta,,
587,Institut Pertanian Malang,72006,IPM,65142,341495541,,admin@ipm.ac.id,"Jl Soekarno-Hatta
Perumahan Griya Shanta
Malang, Jawa Timur",Malang,Jawa Timur,Baik,swasta,,
588,Universitas PGRI Ronggolawe,71073,Unirow,62319,356322233,,prospective@unirow.ac.id,Jalan Manunggal No 61,Tuban,Jawa Timur,Baik Sekali,swasta,,
589,Institut Agama Islam Negeri Kudus,202041,IAIN KUDUS,59322,291438818,,humaskampus@iainkudus.ac.id,Jalan Conge Ngembalrejo Kotak Pos 51,Kudus,Jawa Tengah,Baik Sekali,swasta,,
590,Universitas Muhammadiyah Sidoarjo,71060,UMSIDA,61215,(031) 8945444,,akademik@umsida.ac.id,Jalan Mojopahit 666-B Sidoarjo,Sidoarjo,Jawa Timur,Unggul,swasta,,
591,"Institut Ilmu Al-Qur`an (IIQ) Jakarta, Jakarta Selatan",212025,IIQ Jakarta,15419,2174705154,,iiq@iiq.ac.id,Jl. Ir. H. Juanda NO. 70 Ciputat,Tangerang Selatan,Banten,Baik Sekali,swasta,,
592,Universitas Kusuma Husada Surakarta,61055,UKH Surakarta,57129,(0271) 857724,,info@ukh.ac.id,Jalan Jaya Wijaya No 11 Kadipiro,Surakarta,Jawa Tengah,Baik,swasta,,
593,Universitas Veteran Bangun Nusantara,61016,UNIVET BANTARA,57521,0271 593156,,bpsi.univetbantara@gmail.com,Jl Letjen Sujono Humardani No 1 Jombor,Sukoharjo,Jawa Tengah,Baik Sekali,swasta,,
594,Universitas HKBP Nommensen,11002,UHKBPN,20234,614522922,,uhn@uhn.ac.id,Jalan Dr Sutomo No 4-A,Medan,Sumatera Utara,Baik Sekali,swasta,,
595,Institut Agama Islam Qomarul Huda Bagu Paringgata Lombok Tengah,212009,IAIQH,83562,817365853,,info@iaiqh.ac.id dan iaiqh.qamarulhuda@gmail.com,Jln. H. Badaruddin No 3-4 Desa Bagu,Lombok Tengah,Nusa Tenggara Barat,Baik,swasta,,
596,Universitas Sains Alqur an,61030,UNSIQ Wonosobo,56351,0286 321873,,humas@unsiq.ac.id,Jalan Raya Kalibeber Km 3 Mojotengah,Wonosobo,Jawa Tengah,Baik Sekali,swasta,,
597,Universitas Alkhairaat,161006,unisa,94221,(0451) 461123,,rektorat@unisapalu.ac.id,Jalan Diponegoro No 39 Palu,Palu,Sulawesi Tengah,Baik,swasta,,
598,Universitas Tidar,1056,UNTIDAR,56116,0293  364113,,humas@untidar.ac.id,Jalan Kapten Suparman 39 Magelang,Magelang,Jawa Tengah,Baik Sekali,negeri,,
599,Institut Agama Islam Negeri Kediri,202045,IAIN KEDIRI,64127,354689282,,info@iainkediri.ac.id,"Jalan Sunan Ampel No.7, Ngronggo",Kediri,Jawa Timur,Baik Sekali,swasta,,
600,Universitas 17 Agustus 1945 Semarang,61003,UNTAG Semarang,50133,248441771,,untag@untagsmg.ac.id,Jalan Pawiyitan Luhur Bendan Dhuwur,Semarang,Jawa Tengah,Baik Sekali,swasta,,
601,Universitas Swadaya Gunung Jati,41009,UGJ,45132,231206558,,unswagati@unswagati.ac.id,Jalan Pemuda No 32 Cirebon,Cirebon,Jawa Barat,Baik Sekali,swasta,,
602,Universitas Pertahanan,471001,Unhan,10430,2187951555,,humas@idu.ac.id,Komplek IPSC Sentul Bogor Jawa Barat,Bogor,Jawa Barat,Unggul,swasta,,
603,Institut Agama Islam Uluwiyah Mojokerto,212053,IAI Uluwiyah,61382,321592783,,admin@uluwiyah.ac.id,Jln. Raya Mojosari Mojokerto Km. 4 No. 10,Mojokerto,Jawa Timur,Baik,swasta,,
604,Institut Pertanian Stiper,52004,INSTIPER YOGYAKARTA,55283,(0274) 885478,,instiper@instiperjogja.ac.id,Jalan Nangka II Maguwoharjo Depok Sleman Daerah Istimewa Yogyakarta,Sleman,Daerah Istimewa Yogyakarta,Baik Sekali,swasta,,
605,Universitas Islam Negeri Sultan Syarif Kasim Riau,201005,UIN SUSKA RIAU,28293,761562051,,rektor@uin-suska.ac.id,Jl. H.R Soebrantas No 155 KM.15 Simpang Baru Panam Pekanbaru,Pekanbaru,Riau,Baik Sekali,swasta,,
606,Universitas Islam Negeri Walisongo Semarang,201010,UIN WALISONGO,0,(024) 7604554,,uin@walisongo.ac.id,O,Semarang,Jawa Tengah,Unggul,swasta,,
607,Universitas Karyadarma Kupang,151010,UNDARMA,85362,8218888744,,rektorat@undarma-kupang.ac.id,"Jalan Timor Raya, Kupang Timur, Kupang",Kupang,Nusa Tenggara Timur,Baik,swasta,,
608,Universitas Indraprasta PGRI,31049,UNINDRA,12530,(021)78835283,,kampus@unindra.ac.id,Jl Nangka No 59 Tanjung Barat Jagakarsa,Administrasi Jakarta Selatan,DKI Jakarta,Baik Sekali,swasta,,
609,Institut Teknologi dan Kesehatan Bali,82009,ITEKES BALI,80226,3618956208,,contact@itekes-bali.ac.id,"Jl. Tukad Balian No.180, Renon",Denpasar,Bali,Baik Sekali,swasta,,
610,Universitas Tomakaka,91046,UNIKA MAMUJU,91511,42622085,,univtomakaka@gmail.com,"Jl. Ir. H. Juanda No. 77/44 Mamuju, Sulawesi Barat",Mamuju,Sulawesi Barat,Baik,swasta,,
611,Universitas Negeri Jakarta,1037,UNJ,13220,214893854,,unj@unj.ac.id,Jalan Rawamangun Muka,Administrasi Jakarta Timur,DKI Jakarta,Unggul,negeri,,
612,Universitas Bakrie,31053,UBakrie,12920,215261448,,info@bakrie.ac.id,"Kawasan Epicentrum
Jalan H.R. Rasuna Said Kav C-22
Kuningan - Jakarta Selatan",Administrasi Jakarta Selatan,DKI Jakarta,Unggul,swasta,,
613,Universitas Yarsi,31026,YARSI,10510,214206675,,registrar@yarsi.ac.id,"Menara YARSI, Kav.13 Jl. Letjend Suprapto No.1, RT.10/RW.5 Kelurahan Cempaka Putih Timur, Kecamatan Cempaka Putih, Kota Jakarta Pusat Daerah Khusus Ibukota Jakarta 10510",Administrasi Jakarta Pusat,DKI Jakarta,Baik Sekali,swasta,,
614,Universitas Sunan Bonang,71047,USB,62313,356322025,,info@usb.ac.id,Jl Wahidin Sudiro Husodo 798 Tuban,Tuban,Jawa Timur,Baik,swasta,,
615,Universitas Kapuas,111014,UNKA Sintang,78611,(0565) 2020034,,admin@unka.ac.id,Jalan J.C. Oevang Oeray Baning Sintang Kalimantan Barat,Sintang,Kalimantan Barat,Baik,swasta,,
616,Universitas Islam Negeri Profesor Kiai Haji Saifuddin Zuhri Purwokerto,201020,UIN SAIZU PURWOKERTO,53126,0281 635624,,akademik@uinsaizu.ac.id,"Jl. Jend. A Yani No. 40 A Purwanegara Purwokerto Utara  Telp : 0281 635624, Fax. 0281 636553",Banyumas,Jawa Tengah,Unggul,swasta,,
617,Universitas Negeri Semarang,1041,UNNES,50229,2486008700,,humas@mail.unnes.ac.id,Gedung H (Rektorat) Kampus Unnes Sekaran Gunungpati,Semarang,Jawa Tengah,Unggul,negeri,,
618,Universitas Majalengka,41043,UNMA,45418,233281496,,info@unma.ac.id,Jalan KH Abdul Halim No 103,Majalengka,Jawa Barat,Baik Sekali,swasta,,
619,Universitas Gajah Putih,131008,UGP,24513,64323129,,info@ugp.c.id,Jalan Aman Dimot No 10,Aceh Tengah,Aceh,Baik,swasta,,
620,Universitas Islam Riau,171006,UIR,28284,(0761) 72126,,info@uir.ac.id,Jl Kaharuddin Nasution 113 Perhentian Marpoyan,Pekanbaru,Riau,Baik Sekali,swasta,,
621,Universitas Bengkulu,1030,Unib,38371,736345805,,rektorat@unib.ac.id,Jalan WR Supratman Kandang Limun,Bengkulu,Bengkulu,Baik Sekali,negeri,,
622,Institut Seni Indonesia Surakarta,2008,ISI Surakarta,57126,271647658,,direct@isi-ska.ac.id,"Jl Ki Hajar Dewantara No 19 Kentingan, Jebres",Surakarta,Jawa Tengah,Baik Sekali,negeri,,
623,Universitas Pelita Harapan,31034,UPH,12930,0212553 5163,,registrar@uph.edu,"Jalan M.H. Thamrin Boulevard No.1100",Tangerang,Banten,Unggul,swasta,,
624,Universitas Baturaja,21015,UNBARA,32115,735326122,,info@unbara.ac.id,Jl Ratu Penghulu No 2301,Ogan Komering Ulu,Sumatera Selatan,Baik Sekali,swasta,,
625,Universitas Pandanaran,61021,UNPAND,50237,(024) 70797974,,info@unpand.ac.id,Jl Banjarsari Barat No 1 Tembalang Semarang,Semarang,Jawa Tengah,Baik Sekali,swasta,,
626,Universitas Wijaya Putra,71011,UWP,60197,"0317413061, 7404404",,admin@uwp.ac.id,Jl Raya Benowo No 1-3,Surabaya,Jawa Timur,Baik Sekali,swasta,,
627,Universitas Kebangsaan Republik Indonesia,41096,UKRI,40263,7301987,,rektorat@ukri.ac.id,"Jl. Terusan Halimun No. 37 Lingkar Selatan, Kec. Lengkong",Bandung,Jawa Barat,Baik,swasta,,
628,Universitas Wiralodra,41014,UNWIR,45213,234275946,,unwir.im@gmail.com,Jalan Ir H Djuanda KM 3 Indramayu,Indramayu,Jawa Barat,Baik Sekali,swasta,,
629,Universitas Islam Syekh-Yusuf,41005,UNIS,15118,215527063,,rektorat@unis.ac.id,Jalan Maulana Yusuf,Tangerang,Banten,Baik Sekali,swasta,,
630,Universitas 17 Agustus 1945 Surabaya,71001,UNTAG Surabaya,60118,315931800,,humas@untag-sby.ac.id,Jalan Semolowaru No 45 Surabaya,Surabaya,Jawa Timur,Unggul,swasta,,
631,Universitas Mohammad Husni Thamrin Jakarta,31059,UMHT,13550,218096411,,info@thamrin.ac.id,Jl. Pondok Gede No. 23-25,Administrasi Jakarta Timur,DKI Jakarta,Baik Sekali,swasta,,
632,Institut Agama Islam Faqih Asy'ari Kediri,212083,IAIFA,64201,0354 3103505,,iaifa.kediri@gmail.com,"Dusun Sumbersari, Desa Kencong, Kecamatan Kepung, Kabupaten Kediri, Provinsi Jawa Timur",Kediri,Jawa Timur,Baik,swasta,,
633,Universitas Karimun,171020,UKA,12345,7777360578,,101020@universitaskarimun.ac.id,Karimun,Karimun,Kepulauan Riau,Baik,swasta,,
634,Universitas Universal,171025,UVERS,29456,"(0778)473399, 466869",,info@uvers.ac.id,"Kompleks Maha Vihara Duta Maitreya Bukit Beruntung Sungai Panas, Batam",Batam,Kepulauan Riau,Baik Sekali,swasta,,
635,Universitas Ahmad Dahlan,51013,UAD,55166,"0274563515, 511830",,info@uad.ac.id,Jalan Kapas No 9 Semaki,Yogyakarta,Daerah Istimewa Yogyakarta,Unggul,swasta,,
636,Universitas Islam Ogan Komering Ilir Kayuagung,21022,Kampus UNISKI,12345,712323151,,mail@uniski.ac.id,Kabupaten Oki,Ogan Komering Ilir,Sumatera Selatan,Baik,swasta,,
637,Universitas Sembilanbelas November Kolaka,1055,USN Kolaka,93514,4052321132,,rektorat@usn.ac.id,Jalan Pemuda No. 339 Tahoa,Kolaka,Sulawesi Tenggara,Baik,negeri,,
638,Universitas Pendidikan Ganesha,1048,Undiksha,81116,36222570,,humas@undiksha.ac.id,Jalan Udayana Nomor 11 Singaraja,Buleleng,Bali,Unggul,negeri,,
639,Institut Bisnis Muhammadiyah Bekasi,42010,IBM Bekasi,17113,2182693450,,info@ibm.ac.id,"Jl. Sersan Aswan No. 16, Kel. Margahayu, Kec. Bekasi Timur",Bekasi,Jawa Barat,Baik,swasta,,
640,Institut Agama Islam Al-Hikmah Tuban,212093,IAI AL HIKMAH TUBAN,62361,0811 3301 997,,admin@iaialhikmhtuban.ac.id,"Jl. Pondok Pesantren Al-Hikmah Desa Binangun, Kecamatan Singgahan, Kabupaten Tuban, Provinsi Jawa Timur",Tuban,Jawa Timur,Baik,swasta,,
641,Universitas Sang Bumi Ruwa Jurai,21003,unisab,35145,(0721) 265734,,universitas_saburai@saburai.ac.id,Jalan Imam Bonjol No 468 Lengkapura,Bandar Lampung,Lampung,Baik,swasta,,
642,Institut Teknologi Adhi Tama Surabaya,72002,ITATS,60117,315997244,,forlap@itats.ac.id,Jl Arief Rachman Hakim 100,Surabaya,Jawa Timur,Baik Sekali,swasta,,
643,Universitas PGRI Yogyakarta,51015,UPY,55182,(0274) 376808,,info@upy.ac.id,Jalan PGRI Sonosewu No 117,Yogyakarta,Daerah Istimewa Yogyakarta,Baik Sekali,swasta,,
644,Universitas 17 Agustus 1945 Jakarta,31017,UTA 45 JAKARTA,14350,64715666,,info@uta45jakarta.ac.id,Jl Sunter Permai Raya Sunter Agung Podomoro,Administrasi Jakarta Utara,DKI Jakarta,Baik Sekali,swasta,,
645,Universitas Kristen Indonesia Maluku,121003,UKIM,97115,911348521,,ukim_maluku@yahoo.com,Jalan OT Pattimaipauw. TANAH LAPANG KECIL - 97115 AMBON,Ambon,Maluku,Baik Sekali,swasta,,
